year,month,state,district,fps_id,fps_name,summary_total_etransaction,summary_aadhaar_authenticated,summary_other_mode_authenticated,summary_non_authenticated,txn_phh_regular,txn_phh_intra_state,txn_phh_inter_state,txn_phh_total,txn_aay_regular,txn_aay_intra_state,txn_aay_inter_state,txn_aay_total,rc_phh_regular,rc_phh_intra_state,rc_phh_inter_state,rc_phh_total,rc_aay_regular,rc_aay_intra_state,rc_aay_inter_state,rc_aay_total,dty_wheat_regular,dty_wheat_intra_state,dty_wheat_inter_state,dty_wheat_total,dty_fortified_rice_regular,dty_fortified_rice_intra_state,dty_fortified_rice_inter_state,dty_fortified_rice_total,dty_rice_regular,dty_rice_intra_state,dty_rice_inter_state,dty_rice_total,dty_coarse_grains_regular,dty_coarse_grains_intra_state,dty_coarse_grains_inter_state,dty_coarse_grains_total,dty_barley_regular,dty_barley_intra_state,dty_barley_inter_state,dty_barley_total,dty_bajra_regular,dty_bajra_intra_state,dty_bajra_inter_state,dty_bajra_total,dty_maize_regular,dty_maize_intra_state,dty_maize_inter_state,dty_maize_total,dty_jowar_regular,dty_jowar_intra_state,dty_jowar_inter_state,dty_jowar_total,dty_ragi_regular,dty_ragi_intra_state,dty_ragi_inter_state,dty_ragi_total,dty_kodo_regular,dty_kodo_intra_state,dty_kodo_inter_state,dty_kodo_total,dty_total_regular,dty_total_intra_state,dty_total_inter_state,dty_total_total
2026,March,GOA,NORTH GOA,158500100001,SMT.SANNA SANJAY PADTE-83 FPS,143,143,0,0,143,0,0,143,0,0,0,0,143,0,0,143,0,0,0,0,0,0,0,0.0,3,0,0,3.0,3000,0,0,3000.0,0,0,0,0.0,0,0,0,0.0,0,0,0,0.0,0,0,0,0.0,0,0,0,0.0,0,0,0,0.0,0,0,0,0.0,3000,0,0,3000.0
2026,March,GOA,NORTH GOA,158500100002,M/S P S KAREKAR-26 FPS,279,279,0,0,169,70,9,248,27,2,2,31,169,70,9,248,27,2,2,31,0,0,0,0.0,3.89,1.3,0.21,5.4,3890,1300,235,5425.0,0,0,0,0.0,0,0,0,0.0,0,0,0,0.0,0,0,0,0.0,0,0,0,0.0,0,0,0,0.0,0,0,0,0.0,3890,1300,235,5425.0
2026,March,GOA,NORTH GOA,158500100005,ARPORA NAGOA V K S S STY LTD-39 FPS,384,384,0,0,330,4,21,355,19,0,10,29,330,4,21,355,19,0,10,29,0,0,0,0.0,6.655,0.06,0.77,7.485,6655,60,770,7485.0,0,0,0,0.0,0,0,0,0.0,0,0,0,0.0,0,0,0,0.0,0,0,0,0.0,0,0,0,0.0,0,0,0,0.0,6655,60,770,7485.0
2026,March,GOA,NORTH GOA,158500100006,ASHOK P SHIRODKAR-103 FPS,28,28,0,0,27,0,0,27,1,0,0,1,27,0,0,27,1,0,0,1,0,0,0,0.0,0.49,0,0,0.49,490,0,0,490.0,0,0,0,0.0,0,0,0,0.0,0,0,0,0.0,0,0,0,0.0,0,0,0,0.0,0,0,0,0.0,0,0,0,0.0,490,0,0,490.0
2026,March,GOA,NORTH GOA,158500100007,ASHOK G DHARGALKAR-94 FPS,445,445,0,0,424,4,17,445,0,0,0,0,424,4,17,445,0,0,0,0,0,0,0,0.0,7.84,0.055,0.345,8.24,7840,55,345,8240.0,0,0,0,0.0,0,0,0,0.0,0,0,0,0.0,0,0,0,0.0,0,0,0,0.0,0,0,0,0.0,0,0,0,0.0,7840,55,345,8240.0
2026,March,GOA,NORTH GOA,158500100008,SANTOSH NAGESH PRABHU-74 FPS,142,142,0,0,135,0,0,135,7,0,0,7,135,0,0,135,7,0,0,7,0,0,0,0.0,2.44,0,0,2.44,2440,0,0,2440.0,0,0,0,0.0,0,0,0,0.0,0,0,0,0.0,0,0,0,0.0,0,0,0,0.0,0,0,0,0.0,0,0,0,0.0,2440,0,0,2440.0
2026,March,GOA,NORTH GOA,158500100009,THE MAPUSA CONSUMER COOP STY-1& 2 FPS,507,507,0,0,464,6,7,477,29,0,1,30,464,6,7,477,29,0,1,30,0,0,0,0.0,10.525,0.125,0.14,10.79,10525,125,140,10790.0,0,0,0,0.0,0,0,0,0.0,0,0,0,0.0,0,0,0,0.0,0,0,0,0.0,0,0,0,0.0,0,0,0,0.0,10525,125,140,10790.0
2026,March,GOA,NORTH GOA,158500100011,SUBHASH DHARGALKAR-62 FPS,615,615,0,0,573,0,25,598,12,0,5,17,573,0,25,598,12,0,5,17,0,0,0,0.0,11.815,0,0.685,12.5,11815,0,685,12500.0,0,0,0,0.0,0,0,0,0.0,0,0,0,0.0,0,0,0,0.0,0,0,0,0.0,0,0,0,0.0,0,0,0,0.0,11815,0,685,12500.0
2026,March,GOA,NORTH GOA,158500100012,SAYUKTA B. KESARKAR-105 FPS,117,117,0,0,101,11,0,112,5,0,0,5,101,11,0,112,5,0,0,5,0,0,0,0.0,2.12,0.12,0,2.24,2120,120,0,2240.0,0,0,0,0.0,0,0,0,0.0,0,0,0,0.0,0,0,0,0.0,0,0,0,0.0,0,0,0,0.0,0,0,0,0.0,2120,120,0,2240.0
2026,March,GOA,NORTH GOA,158500100013,PANDURANG V GOVEKAR-85 FPS,95,95,0,0,52,0,4,56,39,0,0,39,52,0,4,56,39,0,0,39,0,0,0,0.0,2.335,0,0.085,2.42,2335,0,85,2420.0,0,0,0,0.0,0,0,0,0.0,0,0,0,0.0,0,0,0,0.0,0,0,0,0.0,0,0,0,0.0,0,0,0,0.0,2335,0,85,2420.0
2026,March,GOA,NORTH GOA,158500100014,PRADEEP P MISHAL-77 FPS,88,88,0,0,74,7,0,81,7,0,0,7,74,7,0,81,7,0,0,7,0,0,0,0.0,1.625,0.135,0,1.76,1625,135,0,1760.0,0,0,0,0.0,0,0,0,0.0,0,0,0,0.0,0,0,0,0.0,0,0,0,0.0,0,0,0,0.0,0,0,0,0.0,1625,135,0,1760.0
2026,March,GOA,NORTH GOA,158500100015,GOKULDAS FAIR PRICE SHOP-111 FPS,98,98,0,0,90,1,0,91,7,0,0,7,90,1,0,91,7,0,0,7,0,0,0,0.0,1.835,0.01,0,1.845,1835,10,0,1845.0,0,0,0,0.0,0,0,0,0.0,0,0,0,0.0,0,0,0,0.0,0,0,0,0.0,0,0,0,0.0,0,0,0,0.0,1835,10,0,1845.0
2026,March,GOA,NORTH GOA,158500100016,VIMAL R AZGAONKAR-67 FPS,126,126,0,0,121,0,0,121,5,0,0,5,121,0,0,121,5,0,0,5,0,0,0,0.0,2.315,0,0,2.315,2315,0,0,2315.0,0,0,0,0.0,0,0,0,0.0,0,0,0,0.0,0,0,0,0.0,0,0,0,0.0,0,0,0,0.0,0,0,0,0.0,2315,0,0,2315.0
2026,March,GOA,NORTH GOA,158500100017,RANJANA C NAIK-109 FPS,216,216,0,0,168,0,16,184,28,0,4,32,168,0,16,184,28,0,4,32,0,0,0,0.0,4.245,0,0.508,4.753,4245,0,508,4753.0,0,0,0,0.0,0,0,0,0.0,0,0,0,0.0,0,0,0,0.0,0,0,0,0.0,0,0,0,0.0,0,0,0,0.0,4245,0,508,4753.0
2026,March,GOA,NORTH GOA,158500100019,Dhond Shop-57 FPS,345,345,0,0,339,1,0,340,5,0,0,5,339,1,0,340,5,0,0,5,0,0,0,0.0,6.315,0.01,0,6.325,6315,10,0,6325.0,0,0,0,0.0,0,0,0,0.0,0,0,0,0.0,0,0,0,0.0,0,0,0,0.0,0,0,0,0.0,0,0,0,0.0,6315,10,0,6325.0
2026,March,GOA,NORTH GOA,158500100020,M/S PANDHARI PANGAM-51 FPS,294,294,0,0,256,7,19,282,8,0,4,12,256,7,19,282,8,0,4,12,0,0,0,0.0,4.77,0.14,0.47,5.38,4770,140,470,5380.0,0,0,0,0.0,0,0,0,0.0,0,0,0,0.0,0,0,0,0.0,0,0,0,0.0,0,0,0,0.0,0,0,0,0.0,4770,140,470,5380.0
2026,March,GOA,NORTH GOA,158500100021,SADANAND S LOTLIKAR-32 FPS,211,211,0,0,181,2,11,194,13,0,4,17,181,2,11,194,13,0,4,17,0,0,0,0.0,3.91,0.03,0.35,4.29,3910,30,350,4290.0,0,0,0,0.0,0,0,0,0.0,0,0,0,0.0,0,0,0,0.0,0,0,0,0.0,0,0,0,0.0,0,0,0,0.0,3910,30,350,4290.0
2026,March,GOA,NORTH GOA,158500100022,SURESH P SAWANT-91 FPS,96,96,0,0,87,0,0,87,9,0,0,9,87,0,0,87,9,0,0,9,0,0,0,0.0,1.905,0,0,1.905,1905,0,0,1905.0,0,0,0,0.0,0,0,0,0.0,0,0,0,0.0,0,0,0,0.0,0,0,0,0.0,0,0,0,0.0,0,0,0,0.0,1905,0,0,1905.0
2026,March,GOA,NORTH GOA,158500100023,DAYANAND KENKRE-33 FPS,249,249,0,0,224,6,10,240,9,0,0,9,224,6,10,240,9,0,0,9,0,0,0,0.0,4.79,0.115,0.19,5.095,4790,115,190,5095.0,0,0,0,0.0,0,0,0,0.0,0,0,0,0.0,0,0,0,0.0,0,0,0,0.0,0,0,0,0.0,0,0,0,0.0,4790,115,190,5095.0
2026,March,GOA,NORTH GOA,158500100024,DEEPAK ATCHUT NAIK-101 FPS,114,114,0,0,87,4,21,112,0,0,2,2,87,4,21,112,0,0,2,2,0,0,0,0.0,1.68,0.09,0.51,2.28,1680,90,510,2280.0,0,0,0,0.0,0,0,0,0.0,0,0,0,0.0,0,0,0,0.0,0,0,0,0.0,0,0,0,0.0,0,0,0,0.0,1680,90,510,2280.0
2026,March,GOA,NORTH GOA,158500100025,SHRIKRISHNA POKHRE-116 FPS,256,256,0,0,231,0,12,243,11,0,2,13,231,0,12,243,11,0,2,13,0,0,0,0.0,4.765,0,0.285,5.05,4765,0,285,5050.0,0,0,0,0.0,0,0,0,0.0,0,0,0,0.0,0,0,0,0.0,0,0,0,0.0,0,0,0,0.0,0,0,0,0.0,4765,0,285,5050.0
2026,March,GOA,NORTH GOA,158500100026,DAYANAND S GADEKAR-110 FPS,82,82,0,0,80,0,1,81,1,0,0,1,80,0,1,81,1,0,0,1,0,0,0,0.0,1.305,0,0.005,1.31,1305,0,5,1310.0,0,0,0,0.0,0,0,0,0.0,0,0,0,0.0,0,0,0,0.0,0,0,0,0.0,0,0,0,0.0,0,0,0,0.0,1305,0,5,1310.0
2026,March,GOA,NORTH GOA,158500100027,HIRABAI TRIVIKRAM JOSHI-53 FPS,312,312,0,0,213,77,0,290,19,3,0,22,213,77,0,290,19,3,0,22,0,0,0,0.0,4.525,1.4,0,5.925,4525,1400,0,5925.0,0,0,0,0.0,0,0,0,0.0,0,0,0,0.0,0,0,0,0.0,0,0,0,0.0,0,0,0,0.0,0,0,0,0.0,4525,1400,0,5925.0
2026,March,GOA,NORTH GOA,158500100028,PURSHOTTAM A BANDODKAR-59 FPS,151,151,0,0,146,0,0,146,5,0,0,5,146,0,0,146,5,0,0,5,0,0,0,0.0,2.575,0,0,2.575,2575,0,0,2575.0,0,0,0,0.0,0,0,0,0.0,0,0,0,0.0,0,0,0,0.0,0,0,0,0.0,0,0,0,0.0,0,0,0,0.0,2575,0,0,2575.0
2026,March,GOA,NORTH GOA,158500100029,NARLISO LOBO-58 FPS,152,152,0,0,132,2,0,134,18,0,0,18,132,2,0,134,18,0,0,18,0,0,0,0.0,3.09,0.03,0,3.12,3090,30,0,3120.0,0,0,0,0.0,0,0,0,0.0,0,0,0,0.0,0,0,0,0.0,0,0,0,0.0,0,0,0,0.0,0,0,0,0.0,3090,30,0,3120.0
2026,March,GOA,NORTH GOA,158500100030,SUNITA V UMBRAXAR-100 FPS,334,334,0,0,326,0,0,326,8,0,0,8,326,0,0,326,8,0,0,8,0,0,0,0.0,6.575,0,0,6.575,6575,0,0,6575.0,0,0,0,0.0,0,0,0,0.0,0,0,0,0.0,0,0,0,0.0,0,0,0,0.0,0,0,0,0.0,0,0,0,0.0,6575,0,0,6575.0
2026,March,GOA,NORTH GOA,158500100031,YOGESHWAR GANPAT TAMONKAR-49 FPS,301,301,0,0,261,12,14,287,13,0,1,14,261,12,14,287,13,0,1,14,0,0,0,0.0,4.875,0.205,0.34,5.42,4875,205,340,5420.0,0,0,0,0.0,0,0,0,0.0,0,0,0,0.0,0,0,0,0.0,0,0,0,0.0,0,0,0,0.0,0,0,0,0.0,4875,205,340,5420.0
2026,March,GOA,NORTH GOA,158500100032,CHANDRASHEKHAR Y MORE-102 FPS,128,128,0,0,61,2,10,73,51,1,3,55,60,2,10,72,51,1,3,55,0,0,0,0.0,3.045,0.065,0.285,3.395,3045,65,285,3395.0,0,0,0,0.0,0,0,0,0.0,0,0,0,0.0,0,0,0,0.0,0,0,0,0.0,0,0,0,0.0,0,0,0,0.0,3045,65,285,3395.0
2026,March,GOA,NORTH GOA,158500100033,RAMESH G TAMANKAR-64 FPS,333,333,0,0,299,10,0,309,24,0,0,24,298,10,0,308,24,0,0,24,0,0,0,0.0,6.8,0.18,0,6.98,6800,180,0,6980.0,0,0,0,0.0,0,0,0,0.0,0,0,0,0.0,0,0,0,0.0,0,0,0,0.0,0,0,0,0.0,0,0,0,0.0,6800,180,0,6980.0
2026,March,GOA,NORTH GOA,158500100034,SUNITA KASKAR-95 FPS,21,21,0,0,17,2,0,19,1,1,0,2,17,2,0,19,1,1,0,2,0,0,0,0.0,0.33,0.065,0,0.395,330,65,0,395.0,0,0,0,0.0,0,0,0,0.0,0,0,0,0.0,0,0,0,0.0,0,0,0,0.0,0,0,0,0.0,0,0,0,0.0,330,65,0,395.0
2026,March,GOA,NORTH GOA,158500100035,GUIRIM SANGOLDA M.P. CO-OP SERVICE SOCIETY LTD-15 FPS,250,250,0,0,230,2,0,232,17,0,1,18,230,2,0,232,17,0,1,18,0,0,0,0.0,5.16,0.045,0.035,5.24,5160,45,35,5240.0,0,0,0,0.0,0,0,0,0.0,0,0,0,0.0,0,0,0,0.0,0,0,0,0.0,0,0,0,0.0,0,0,0,0.0,5160,45,35,5240.0
2026,March,GOA,NORTH GOA,158500100036,GUIRIM SANGOLDA M.P.CO-OP SERVICE SOCIETY LTD-13 FPS,140,140,0,0,118,4,10,132,8,0,0,8,118,4,10,132,8,0,0,8,0,0,0,0.0,2.495,0.06,0.22,2.775,2495,60,220,2775.0,0,0,0,0.0,0,0,0,0.0,0,0,0,0.0,0,0,0,0.0,0,0,0,0.0,0,0,0,0.0,0,0,0,0.0,2495,60,220,2775.0
2026,March,GOA,NORTH GOA,158500100037,GUIRIM SANGOLDA M.P. CO-OP SERVICE SOCIETY LTD-14 FPS,185,185,0,0,149,1,2,152,32,0,1,33,149,1,2,152,32,0,1,33,0,0,0,0.0,3.885,0.02,0.075,3.98,3885,20,75,3980.0,0,0,0,0.0,0,0,0,0.0,0,0,0,0.0,0,0,0,0.0,0,0,0,0.0,0,0,0,0.0,0,0,0,0.0,3885,20,75,3980.0
2026,March,GOA,NORTH GOA,158500100038,POROB FAIR PRICE SHOP-40 FPS,119,119,0,0,51,68,0,119,0,0,0,0,51,68,0,119,0,0,0,0,0,0,0,0.0,0.98,1.23,0,2.21,980,1230,0,2210.0,0,0,0,0.0,0,0,0,0.0,0,0,0,0.0,0,0,0,0.0,0,0,0,0.0,0,0,0,0.0,0,0,0,0.0,980,1230,0,2210.0
2026,March,GOA,NORTH GOA,158500100039,SUMATI C KALANGUTKAR-79 FPS,130,130,0,0,51,3,0,54,71,5,0,76,51,3,0,54,71,5,0,76,0,0,0,0.0,3.41,0.24,0,3.65,3410,240,0,3650.0,0,0,0,0.0,0,0,0,0.0,0,0,0,0.0,0,0,0,0.0,0,0,0,0.0,0,0,0,0.0,0,0,0,0.0,3410,240,0,3650.0
2026,March,GOA,NORTH GOA,158500100040,SHRI DEVANAND V SHIRODKAR-108 FPS,147,147,0,0,89,58,0,147,0,0,0,0,89,58,0,147,0,0,0,0,0,0,0,0.0,1.64,0.985,0,2.625,1640,985,0,2625.0,0,0,0,0.0,0,0,0,0.0,0,0,0,0.0,0,0,0,0.0,0,0,0,0.0,0,0,0,0.0,0,0,0,0.0,1640,985,0,2625.0
2026,March,GOA,NORTH GOA,158500100041,SHANKER .V. PRABHU KHORJUNVKAR-88 FPS,113,113,0,0,101,6,0,107,6,0,0,6,101,6,0,107,6,0,0,6,0,0,0,0.0,2,0.14,0,2.14,2000,140,0,2140.0,0,0,0,0.0,0,0,0,0.0,0,0,0,0.0,0,0,0,0.0,0,0,0,0.0,0,0,0,0.0,0,0,0,0.0,2000,140,0,2140.0
2026,March,GOA,NORTH GOA,158500100042,BHAGIRATHI-117 FPS,343,343,0,0,334,6,0,340,3,0,0,3,334,6,0,340,3,0,0,3,0,0,0,0.0,6.145,0.075,0,6.22,6145,75,0,6220.0,0,0,0,0.0,0,0,0,0.0,0,0,0,0.0,0,0,0,0.0,0,0,0,0.0,0,0,0,0.0,0,0,0,0.0,6145,75,0,6220.0
2026,March,GOA,NORTH GOA,158500100043,DULER V.K.S SOCIETY-6 FPS,357,357,0,0,237,10,103,350,4,0,3,7,237,10,102,349,4,0,3,7,0,0,0,0.0,4.66,0.225,2.237,7.122,4660,225,2237,7122.0,0,0,0,0.0,0,0,0,0.0,0,0,0,0.0,0,0,0,0.0,0,0,0,0.0,0,0,0,0.0,0,0,0,0.0,4660,225,2237,7122.0
2026,March,GOA,NORTH GOA,158500100044,PRAFULLA P. KANDOLKAR-45 FPS,146,146,0,0,79,3,0,82,60,4,0,64,79,3,0,82,60,4,0,64,0,0,0,0.0,3.57,0.19,0,3.76,3570,190,0,3760.0,0,0,0,0.0,0,0,0,0.0,0,0,0,0.0,0,0,0,0.0,0,0,0,0.0,0,0,0,0.0,0,0,0,0.0,3570,190,0,3760.0
2026,March,GOA,NORTH GOA,158500100046,SANGEETA FAIR PRICE SHOP-114 FPS,42,42,0,0,41,1,0,42,0,0,0,0,41,1,0,42,0,0,0,0,0,0,0,0.0,0.675,0.005,0,0.68,675,5,0,680.0,0,0,0,0.0,0,0,0,0.0,0,0,0,0.0,0,0,0,0.0,0,0,0,0.0,0,0,0,0.0,0,0,0,0.0,675,5,0,680.0
2026,March,GOA,NORTH GOA,158500100047,ALINI A BHONSLE-47 FPS,198,198,0,0,141,0,22,163,29,1,5,35,141,0,22,163,29,1,5,35,0,0,0,0.0,4.07,0.035,0.585,4.69,4070,35,585,4690.0,0,0,0,0.0,0,0,0,0.0,0,0,0,0.0,0,0,0,0.0,0,0,0,0.0,0,0,0,0.0,0,0,0,0.0,4070,35,585,4690.0
2026,March,GOA,NORTH GOA,158500100048,PRAKASH M COULEKAR-75 FPS,313,313,0,0,303,1,0,304,9,0,0,9,303,1,0,304,9,0,0,9,0,0,0,0.0,5.875,0.005,0,5.88,5875,5,0,5880.0,0,0,0,0.0,0,0,0,0.0,0,0,0,0.0,0,0,0,0.0,0,0,0,0.0,0,0,0,0.0,0,0,0,0.0,5875,5,0,5880.0
2026,March,GOA,NORTH GOA,158500100049,ROHIDAS G PARAB-99 FPS,126,126,0,0,98,0,0,98,28,0,0,28,98,0,0,98,28,0,0,28,0,0,0,0.0,2.71,0,0,2.71,2710,0,0,2710.0,0,0,0,0.0,0,0,0,0.0,0,0,0,0.0,0,0,0,0.0,0,0,0,0.0,0,0,0,0.0,0,0,0,0.0,2710,0,0,2710.0
2026,March,GOA,NORTH GOA,158500100050,SHANTA TRIVIKRM JOSHI-90 FPS,80,80,0,0,4,70,0,74,3,3,0,6,4,70,0,74,3,3,0,6,0,0,0,0.0,0.18,1.325,0,1.505,180,1325,0,1505.0,0,0,0,0.0,0,0,0,0.0,0,0,0,0.0,0,0,0,0.0,0,0,0,0.0,0,0,0,0.0,0,0,0,0.0,180,1325,0,1505.0
2026,March,GOA,NORTH GOA,158500100051,SMT. SUJATA V. NAIK-19 FPS,123,123,0,0,110,0,0,110,13,0,0,13,110,0,0,110,13,0,0,13,0,0,0,0.0,2.64,0,0,2.64,2640,0,0,2640.0,0,0,0,0.0,0,0,0,0.0,0,0,0,0.0,0,0,0,0.0,0,0,0,0.0,0,0,0,0.0,0,0,0,0.0,2640,0,0,2640.0
2026,March,GOA,NORTH GOA,158500100054,GAJANAN K PRABHU-46 FPS,140,140,0,0,112,8,1,121,19,0,0,19,112,8,1,121,19,0,0,19,0,0,0,0.0,2.72,0.16,0.01,2.89,2720,160,10,2890.0,0,0,0,0.0,0,0,0,0.0,0,0,0,0.0,0,0,0,0.0,0,0,0,0.0,0,0,0,0.0,0,0,0,0.0,2720,160,10,2890.0
2026,March,GOA,NORTH GOA,158500100055,SANGEETA S PRABHU-80 FPS,108,108,0,0,91,3,9,103,5,0,0,5,91,3,9,103,5,0,0,5,0,0,0,0.0,1.865,0.045,0.185,2.095,1865,45,185,2095.0,0,0,0,0.0,0,0,0,0.0,0,0,0,0.0,0,0,0,0.0,0,0,0,0.0,0,0,0,0.0,0,0,0,0.0,1865,45,185,2095.0
2026,March,GOA,NORTH GOA,158500100056,KASHINATH S SAWAL-61 FPS,198,198,0,0,172,2,23,197,0,0,1,1,172,2,23,197,0,0,1,1,0,0,0,0.0,3.265,0.035,0.447,3.747,3265,35,447,3747.0,0,0,0,0.0,0,0,0,0.0,0,0,0,0.0,0,0,0,0.0,0,0,0,0.0,0,0,0,0.0,0,0,0,0.0,3265,35,447,3747.0
2026,March,GOA,NORTH GOA,158500100317,RAMTIRTH NAGVEKAR-29 FPS,224,224,0,0,191,4,6,201,20,0,3,23,182,3,6,191,20,0,3,23,0,0,0,0.0,4,0.045,0.231,4.276,4000,45,231,4276.0,0,0,0,0.0,0,0,0,0.0,0,0,0,0.0,0,0,0,0.0,0,0,0,0.0,0,0,0,0.0,0,0,0,0.0,4000,45,231,4276.0
2026,March,GOA,NORTH GOA,158500100318,VITHAL C THALI-4 FPS,291,291,0,0,267,5,7,279,11,0,1,12,267,5,7,279,11,0,1,12,0,0,0,0.0,5.775,0.07,0.185,6.03,5775,70,185,6030.0,0,0,0,0.0,0,0,0,0.0,0,0,0,0.0,0,0,0,0.0,0,0,0,0.0,0,0,0,0.0,0,0,0,0.0,5775,70,185,6030.0
2026,March,GOA,NORTH GOA,158500100319,DHARMA G TAMANKAR-52 FPS,192,192,0,0,158,8,9,175,16,0,1,17,158,8,9,175,16,0,1,17,0,0,0,0.0,3.25,0.135,0.178,3.563,3250,135,178,3563.0,0,0,0,0.0,0,0,0,0.0,0,0,0,0.0,0,0,0,0.0,0,0,0,0.0,0,0,0,0.0,0,0,0,0.0,3250,135,178,3563.0
2026,March,GOA,NORTH GOA,158500100320,SHRIKANT U NAIK-50 FPS,289,289,0,0,262,4,0,266,23,0,0,23,262,4,0,266,23,0,0,23,0,0,0,0.0,5.505,0.055,0,5.56,5505,55,0,5560.0,0,0,0,0.0,0,0,0,0.0,0,0,0,0.0,0,0,0,0.0,0,0,0,0.0,0,0,0,0.0,0,0,0,0.0,5505,55,0,5560.0
2026,March,GOA,NORTH GOA,158500100321,BASTORA UCASAIM STY-17 FPS,573,573,0,0,520,3,5,528,45,0,0,45,520,3,5,528,45,0,0,45,0,0,0,0.0,11.095,0.03,0.09,11.215,11095,30,90,11215.0,0,0,0,0.0,0,0,0,0.0,0,0,0,0.0,0,0,0,0.0,0,0,0,0.0,0,0,0,0.0,0,0,0,0.0,11095,30,90,11215.0
2026,March,GOA,NORTH GOA,158500100323,REGINALD B LOBO-107 FPS,105,105,0,0,98,2,2,102,2,0,1,3,98,2,2,102,2,0,1,3,0,0,0,0.0,2.14,0.04,0.06,2.24,2140,40,60,2240.0,0,0,0,0.0,0,0,0,0.0,0,0,0,0.0,0,0,0,0.0,0,0,0,0.0,0,0,0,0.0,0,0,0,0.0,2140,40,60,2240.0
2026,March,GOA,NORTH GOA,158500100324,PRATIMA N VARKHANDKAR-113 FPS,208,208,0,0,207,1,0,208,0,0,0,0,205,1,0,206,0,0,0,0,0,0,0,0.0,3.51,0.005,0,3.515,3510,5,0,3515.0,0,0,0,0.0,0,0,0,0.0,0,0,0,0.0,0,0,0,0.0,0,0,0,0.0,0,0,0,0.0,0,0,0,0.0,3510,5,0,3515.0
2026,March,GOA,NORTH GOA,158500100325,ANAND D KAMAT-48 FPS,92,92,0,0,78,2,0,80,12,0,0,12,78,2,0,80,12,0,0,12,0,0,0,0.0,1.875,0.055,0,1.93,1875,55,0,1930.0,0,0,0,0.0,0,0,0,0.0,0,0,0,0.0,0,0,0,0.0,0,0,0,0.0,0,0,0,0.0,0,0,0,0.0,1875,55,0,1930.0
2026,March,GOA,NORTH GOA,158500100326,SHRI SOMNATH V HALARNKAR,212,212,0,0,207,0,0,207,5,0,0,5,206,0,0,206,5,0,0,5,0,0,0,0.0,3.87,0,0,3.87,3870,0,0,3870.0,0,0,0,0.0,0,0,0,0.0,0,0,0,0.0,0,0,0,0.0,0,0,0,0.0,0,0,0,0.0,0,0,0,0.0,3870,0,0,3870.0
2026,March,GOA,NORTH GOA,158500100327,VISHWANATH VOLVAIKAR-69 FPS,30,30,0,0,30,0,0,30,0,0,0,0,30,0,0,30,0,0,0,0,0,0,0,0.0,0.685,0,0,0.685,685,0,0,685.0,0,0,0,0.0,0,0,0,0.0,0,0,0,0.0,0,0,0,0.0,0,0,0,0.0,0,0,0,0.0,0,0,0,0.0,685,0,0,685.0
2026,March,GOA,NORTH GOA,158500100328,AMIT CHODANKAR-112 FPS,162,162,0,0,61,97,0,158,1,3,0,4,61,97,0,158,1,3,0,4,0,0,0,0.0,1.115,1.875,0,2.99,1115,1875,0,2990.0,0,0,0,0.0,0,0,0,0.0,0,0,0,0.0,0,0,0,0.0,0,0,0,0.0,0,0,0,0.0,0,0,0,0.0,1115,1875,0,2990.0
2026,March,GOA,NORTH GOA,158500100329,N.D.KAMBLI-71 FPS,240,240,0,0,226,0,0,226,14,0,0,14,226,0,0,226,14,0,0,14,0,0,0,0.0,4.51,0,0,4.51,4510,0,0,4510.0,0,0,0,0.0,0,0,0,0.0,0,0,0,0.0,0,0,0,0.0,0,0,0,0.0,0,0,0,0.0,0,0,0,0.0,4510,0,0,4510.0
2026,March,GOA,NORTH GOA,158500100330,AGNELO LOBO-78 FPS,211,211,0,0,194,1,1,196,15,0,0,15,194,1,1,196,15,0,0,15,0,0,0,0.0,4.465,0.015,0.02,4.5,4465,15,20,4500.0,0,0,0,0.0,0,0,0,0.0,0,0,0,0.0,0,0,0,0.0,0,0,0,0.0,0,0,0,0.0,0,0,0,0.0,4465,15,20,4500.0
2026,March,GOA,NORTH GOA,158500100331,SHAILA B VAIGANKAR-72 FPS,22,22,0,0,5,11,0,16,6,0,0,6,5,11,0,16,6,0,0,6,0,0,0,0.0,0.32,0.185,0,0.505,320,185,0,505.0,0,0,0,0.0,0,0,0,0.0,0,0,0,0.0,0,0,0,0.0,0,0,0,0.0,0,0,0,0.0,0,0,0,0.0,320,185,0,505.0
2026,March,GOA,NORTH GOA,158500100333,Shaliesh S. Mahambrey -93 FPS,111,111,0,0,40,0,52,92,2,0,17,19,40,0,52,92,2,0,17,19,0,0,0,0.0,0.825,0,1.53,2.355,825,0,1530,2355.0,0,0,0,0.0,0,0,0,0.0,0,0,0,0.0,0,0,0,0.0,0,0,0,0.0,0,0,0,0.0,0,0,0,0.0,825,0,1530,2355.0
2026,March,GOA,NORTH GOA,158500100334,NETAJI R DHARGALKAR-97 FPS,153,153,0,0,147,0,0,147,6,0,0,6,147,0,0,147,6,0,0,6,0,0,0,0.0,3.015,0,0,3.015,3015,0,0,3015.0,0,0,0,0.0,0,0,0,0.0,0,0,0,0.0,0,0,0,0.0,0,0,0,0.0,0,0,0,0.0,0,0,0,0.0,3015,0,0,3015.0
2026,March,GOA,NORTH GOA,158500100335,S.V MALIK-92 FPS,62,62,0,0,59,0,0,59,3,0,0,3,59,0,0,59,3,0,0,3,0,0,0,0.0,1.155,0,0,1.155,1155,0,0,1155.0,0,0,0,0.0,0,0,0,0.0,0,0,0,0.0,0,0,0,0.0,0,0,0,0.0,0,0,0,0.0,0,0,0,0.0,1155,0,0,1155.0
2026,March,GOA,NORTH GOA,158500100336,THE REVORA NADORA VKKS STY LTD-60 FPS,426,426,0,0,367,0,0,367,59,0,0,59,367,0,0,367,59,0,0,59,0,0,0,0.0,8.475,0,0,8.475,8475,0,0,8475.0,0,0,0,0.0,0,0,0,0.0,0,0,0,0.0,0,0,0,0.0,0,0,0,0.0,0,0,0,0.0,0,0,0,0.0,8475,0,0,8475.0
2026,March,GOA,NORTH GOA,158500100337,SAKHARAM S FALARI-9 FPS,59,59,0,0,51,2,0,53,6,0,0,6,51,2,0,53,6,0,0,6,0,0,0,0.0,1.115,0.025,0,1.14,1115,25,0,1140.0,0,0,0,0.0,0,0,0,0.0,0,0,0,0.0,0,0,0,0.0,0,0,0,0.0,0,0,0,0.0,0,0,0,0.0,1115,25,0,1140.0
2026,March,GOA,NORTH GOA,158500100338,SITABAI R NAIK-41 FPS,281,281,0,0,278,1,0,279,2,0,0,2,278,1,0,279,2,0,0,2,0,0,0,0.0,4.99,0.02,0,5.01,4990,20,0,5010.0,0,0,0,0.0,0,0,0,0.0,0,0,0,0.0,0,0,0,0.0,0,0,0,0.0,0,0,0,0.0,0,0,0,0.0,4990,20,0,5010.0
2026,March,GOA,NORTH GOA,158500100339,AMIR SUDAN SHETYE-106 FPS,65,65,0,0,56,0,0,56,9,0,0,9,56,0,0,56,9,0,0,9,0,0,0,0.0,1.644,0,0,1.644,1644,0,0,1644.0,0,0,0,0.0,0,0,0,0.0,0,0,0,0.0,0,0,0,0.0,0,0,0,0.0,0,0,0,0.0,0,0,0,0.0,1644,0,0,1644.0
2026,March,GOA,NORTH GOA,158500100340,BHIKU Y VAIGANKAR-44 FPS,187,187,0,0,123,0,2,125,62,0,0,62,123,0,2,125,62,0,0,62,0,0,0,0.0,4.55,0,0.055,4.605,4550,0,55,4605.0,0,0,0,0.0,0,0,0,0.0,0,0,0,0.0,0,0,0,0.0,0,0,0,0.0,0,0,0,0.0,0,0,0,0.0,4550,0,55,4605.0
2026,March,GOA,NORTH GOA,158500100341,ANAND B BHAIDKAR-7 FPS,361,361,0,0,355,1,2,358,3,0,0,3,355,1,2,358,3,0,0,3,0,0,0,0.0,7.225,0.01,0.05,7.285,7225,10,50,7285.0,0,0,0,0.0,0,0,0,0.0,0,0,0,0.0,0,0,0,0.0,0,0,0,0.0,0,0,0,0.0,0,0,0,0.0,7225,10,50,7285.0
2026,March,GOA,NORTH GOA,158500100342,Jeixri Shyam Naik -21 FPS,616,616,0,0,593,13,4,610,6,0,0,6,593,13,4,610,6,0,0,6,0,0,0,0.0,11.06,0.215,0.05,11.325,11060,215,50,11325.0,0,0,0,0.0,0,0,0,0.0,0,0,0,0.0,0,0,0,0.0,0,0,0,0.0,0,0,0,0.0,0,0,0,0.0,11060,215,50,11325.0
2026,March,GOA,NORTH GOA,158500100343,SMT. C. SIMEPURUSHKAR-65 FPS,18,18,0,0,17,0,0,17,1,0,0,1,17,0,0,17,1,0,0,1,0,0,0,0.0,0.35,0,0,0.35,350,0,0,350.0,0,0,0,0.0,0,0,0,0.0,0,0,0,0.0,0,0,0,0.0,0,0,0,0.0,0,0,0,0.0,0,0,0,0.0,350,0,0,350.0
2026,March,GOA,NORTH GOA,158500100344,FONDU U SHIRODKAR-98 FPS,147,147,0,0,137,1,0,138,9,0,0,9,137,1,0,138,9,0,0,9,0,0,0,0.0,2.66,0.015,0,2.675,2660,15,0,2675.0,0,0,0,0.0,0,0,0,0.0,0,0,0,0.0,0,0,0,0.0,0,0,0,0.0,0,0,0,0.0,0,0,0,0.0,2660,15,0,2675.0
2026,March,GOA,NORTH GOA,158500100345,DARIN JULIAN LOBO-18 FPS,372,372,0,0,263,8,14,285,84,0,3,87,263,8,14,285,84,0,3,87,0,0,0,0.0,7.69,0.165,0.355,8.21,7690,165,355,8210.0,0,0,0,0.0,0,0,0,0.0,0,0,0,0.0,0,0,0,0.0,0,0,0,0.0,0,0,0,0.0,0,0,0,0.0,7690,165,355,8210.0
2026,March,GOA,NORTH GOA,158500100348,ANNA CHRISTINA ALVARES-118 FPS,224,224,0,0,148,8,18,174,48,0,2,50,148,8,18,174,48,0,2,50,0,0,0,0.0,4.545,0.17,0.425,5.14,4545,170,425,5140.0,0,0,0,0.0,0,0,0,0.0,0,0,0,0.0,0,0,0,0.0,0,0,0,0.0,0,0,0,0.0,0,0,0,0.0,4545,170,425,5140.0
2026,March,GOA,NORTH GOA,158500100349,PRACHI PREMNATH MAULINGCAR-55 FPS,380,380,0,0,374,1,0,375,5,0,0,5,374,1,0,375,5,0,0,5,0,0,0,0.0,7.48,0.01,0,7.49,7480,10,0,7490.0,0,0,0,0.0,0,0,0,0.0,0,0,0,0.0,0,0,0,0.0,0,0,0,0.0,0,0,0,0.0,0,0,0,0.0,7480,10,0,7490.0
2026,March,GOA,NORTH GOA,158500100351,PRANAY S. NAIK KALANGUTKAR  - 84 FPS,240,240,0,0,212,6,15,233,6,0,1,7,212,6,15,233,6,0,1,7,0,0,0,0.0,4.145,0.075,0.335,4.555,4145,75,335,4555.0,0,0,0,0.0,0,0,0,0.0,0,0,0,0.0,0,0,0,0.0,0,0,0,0.0,0,0,0,0.0,0,0,0,0.0,4145,75,335,4555.0
2026,March,GOA,NORTH GOA,158500100352,ZICO J. SEQUEIRA- 36 FPS,110,110,0,0,94,0,14,108,0,0,2,2,94,0,14,108,0,0,2,2,0,0,0,0.0,1.525,0,0.303,1.828,1525,0,303,1828.0,0,0,0,0.0,0,0,0,0.0,0,0,0,0.0,0,0,0,0.0,0,0,0,0.0,0,0,0,0.0,0,0,0,0.0,1525,0,303,1828.0
2026,March,GOA,NORTH GOA,158500100356,APARNA V. KAMBLI - 68 FPS,98,98,0,0,98,0,0,98,0,0,0,0,98,0,0,98,0,0,0,0,0,0,0,0.0,1.835,0,0,1.835,1835,0,0,1835.0,0,0,0,0.0,0,0,0,0.0,0,0,0,0.0,0,0,0,0.0,0,0,0,0.0,0,0,0,0.0,0,0,0,0.0,1835,0,0,1835.0
2026,March,GOA,NORTH GOA,158500100357,KISHORI D. SHINDE FPS-10,222,222,0,0,160,3,34,197,18,0,7,25,160,3,34,197,18,0,7,25,0,0,0,0.0,3.515,0.05,0.99,4.555,3515,50,990,4555.0,0,0,0,0.0,0,0,0,0.0,0,0,0,0.0,0,0,0,0.0,0,0,0,0.0,0,0,0,0.0,0,0,0,0.0,3515,50,990,4555.0
2026,March,GOA,NORTH GOA,158500100369,PANKAJ N. DHARGALKAR-119 FPS,124,124,0,0,109,4,9,122,0,0,2,2,109,4,9,122,0,0,2,2,0,0,0,0.0,2.195,0.11,0.245,2.55,2195,110,245,2550.0,0,0,0,0.0,0,0,0,0.0,0,0,0,0.0,0,0,0,0.0,0,0,0,0.0,0,0,0,0.0,0,0,0,0.0,2195,110,245,2550.0
2026,March,GOA,NORTH GOA,158500100370,SULOCHANA KALANGUTKAR-120 FPS,153,153,0,0,142,1,0,143,10,0,0,10,142,1,0,143,10,0,0,10,0,0,0,0.0,3.07,0.02,0,3.09,3070,20,0,3090.0,0,0,0,0.0,0,0,0,0.0,0,0,0,0.0,0,0,0,0.0,0,0,0,0.0,0,0,0,0.0,0,0,0,0.0,3070,20,0,3090.0
2026,March,GOA,NORTH GOA,158500100371,SNEHAL NARAYAN SALGAONKAR,210,210,0,0,204,2,1,207,2,0,1,3,204,2,1,207,2,0,1,3,0,0,0,0.0,4.005,0.03,0.055,4.09,4005,30,55,4090.0,0,0,0,0.0,0,0,0,0.0,0,0,0,0.0,0,0,0,0.0,0,0,0,0.0,0,0,0,0.0,0,0,0,0.0,4005,30,55,4090.0
2026,March,GOA,NORTH GOA,158500200002,PURSHOTTAM C NAIK-5 FPS,123,123,0,0,95,0,0,95,28,0,0,28,95,0,0,95,28,0,0,28,0,0,0,0.0,2.62,0,0,2.62,2620,0,0,2620.0,0,0,0,0.0,0,0,0,0.0,0,0,0,0.0,0,0,0,0.0,0,0,0,0.0,0,0,0,0.0,0,0,0,0.0,2620,0,0,2620.0
2026,March,GOA,NORTH GOA,158500200003,MULGAO SHIRGAO ADVALPAL V.K.S.S.SOCIETY LTD-6 FPS,311,311,0,0,263,8,11,282,29,0,0,29,263,8,11,282,29,0,0,29,0,0,0,0.0,5.605,0.11,0.24,5.955,5605,110,240,5955.0,0,0,0,0.0,0,0,0,0.0,0,0,0,0.0,0,0,0,0.0,0,0,0,0.0,0,0,0,0.0,0,0,0,0.0,5605,110,240,5955.0
2026,March,GOA,NORTH GOA,158500200004,PILIGAO V.K.S.STY LTD-12 FPS,302,302,0,0,285,1,5,291,10,0,1,11,285,1,5,291,10,0,1,11,0,0,0,0.0,5.07,0.025,0.117,5.212,5070,25,117,5212.0,0,0,0,0.0,0,0,0,0.0,0,0,0,0.0,0,0,0,0.0,0,0,0,0.0,0,0,0,0.0,0,0,0,0.0,5070,25,117,5212.0
2026,March,GOA,NORTH GOA,158500200005,BICHOLIM VKSS SOCIETY LTD-8 & 11 FPS,296,296,0,0,187,3,14,204,89,0,3,92,187,3,14,204,89,0,3,92,0,0,0,0.0,6.344,0.08,0.344,6.768,6344,80,344,6768.0,0,0,0,0.0,0,0,0,0.0,0,0,0,0.0,0,0,0,0.0,0,0,0,0.0,0,0,0,0.0,0,0,0,0.0,6344,80,344,6768.0
2026,March,GOA,NORTH GOA,158500200006,BICHOLIM VKSS SOC LTD-9 FPS,112,112,0,0,61,3,5,69,42,1,0,43,61,3,5,69,42,1,0,43,0,0,0,0.0,2.59,0.07,0.105,2.765,2590,70,105,2765.0,0,0,0,0.0,0,0,0,0.0,0,0,0,0.0,0,0,0,0.0,0,0,0,0.0,0,0,0,0.0,0,0,0,0.0,2590,70,105,2765.0
2026,March,GOA,NORTH GOA,158500200007,KALYAN CONSUMERS CO-OPERATIVE SOCIETY LTD-10 FPS,164,164,0,0,103,0,6,109,55,0,0,55,103,0,6,109,55,0,0,55,0,0,0,0.0,3.51,0,0.11,3.62,3510,0,110,3620.0,0,0,0,0.0,0,0,0,0.0,0,0,0,0.0,0,0,0,0.0,0,0,0,0.0,0,0,0,0.0,0,0,0,0.0,3510,0,110,3620.0
2026,March,GOA,NORTH GOA,158500200009,KARAPUR SARVAN V K STY-16 FPS,390,390,0,0,369,2,11,382,5,0,3,8,369,2,11,382,5,0,3,8,0,0,0,0.0,6.93,0.03,0.315,7.275,6930,30,315,7275.0,0,0,0,0.0,0,0,0,0.0,0,0,0,0.0,0,0,0,0.0,0,0,0,0.0,0,0,0,0.0,0,0,0,0.0,6930,30,315,7275.0
2026,March,GOA,NORTH GOA,158500200010,MAHARASTRA V.K.S SOCIETY LTD-17 FPS,329,329,0,0,234,35,48,317,5,0,7,12,234,35,48,317,5,0,7,12,0,0,0,0.0,4.48,0.525,1.114,6.119,4480,525,1114,6119.0,0,0,0,0.0,0,0,0,0.0,0,0,0,0.0,0,0,0,0.0,0,0,0,0.0,0,0,0,0.0,0,0,0,0.0,4480,525,1114,6119.0
2026,March,GOA,NORTH GOA,158500200011,NAVELIM VKSS STY LTD-20 FPS,282,282,0,0,277,3,1,281,1,0,0,1,277,3,1,281,1,0,0,1,0,0,0,0.0,4.835,0.055,0.02,4.91,4835,55,20,4910.0,0,0,0,0.0,0,0,0,0.0,0,0,0,0.0,0,0,0,0.0,0,0,0,0.0,0,0,0,0.0,0,0,0,0.0,4835,55,20,4910.0
2026,March,GOA,NORTH GOA,158500200012,SURLA KOTHAMBI V.K.S.S. STY LTD.-23 FPS,512,512,0,0,481,2,0,483,29,0,0,29,479,2,0,481,28,0,0,28,0,0,0,0.0,9.945,0.03,0,9.975,9945,30,0,9975.0,0,0,0,0.0,0,0,0,0.0,0,0,0,0.0,0,0,0,0.0,0,0,0,0.0,0,0,0,0.0,0,0,0,0.0,9945,30,0,9975.0
2026,March,GOA,NORTH GOA,158500200013,MAHARASTRA  V.K.S.SOCIETY -25 FPS,369,369,0,0,280,19,62,361,5,0,3,8,280,19,62,361,5,0,2,7,0,0,0,0.0,5.48,0.39,1.201,7.071,5480,390,1201,7071.0,0,0,0,0.0,0,0,0,0.0,0,0,0,0.0,0,0,0,0.0,0,0,0,0.0,0,0,0,0.0,0,0,0,0.0,5480,390,1201,7071.0
2026,March,GOA,NORTH GOA,158500200014,VISHNU RAMCHANDRA PARAB-29 FPS,402,402,0,0,387,0,0,387,15,0,0,15,387,0,0,387,15,0,0,15,0,0,0,0.0,8.28,0,0,8.28,8280,0,0,8280.0,0,0,0,0.0,0,0,0,0.0,0,0,0,0.0,0,0,0,0.0,0,0,0,0.0,0,0,0,0.0,0,0,0,0.0,8280,0,0,8280.0
2026,March,GOA,NORTH GOA,158500200015,SANTOSH K GADEKAR-30 FPS,311,311,0,0,295,2,0,297,14,0,0,14,295,2,0,297,14,0,0,14,0,0,0,0.0,5.49,0.01,0,5.5,5490,10,0,5500.0,0,0,0,0.0,0,0,0,0.0,0,0,0,0.0,0,0,0,0.0,0,0,0,0.0,0,0,0,0.0,0,0,0,0.0,5490,10,0,5500.0
2026,March,GOA,NORTH GOA,158500200016,TUKARAM RAGHOBA GAONKAR-33 FPS,175,175,0,0,131,0,0,131,44,0,0,44,131,0,0,131,44,0,0,44,0,0,0,0.0,3.85,0,0,3.85,3850,0,0,3850.0,0,0,0,0.0,0,0,0,0.0,0,0,0,0.0,0,0,0,0.0,0,0,0,0.0,0,0,0,0.0,0,0,0,0.0,3850,0,0,3850.0
2026,March,GOA,NORTH GOA,158500200018,SMT. NAFISA IMRAN SHAIKH-35 FPS,336,336,0,0,227,2,47,276,52,0,8,60,227,2,47,276,52,0,8,60,0,0,0,0.0,6.485,0.025,1.108,7.618,6485,25,1108,7618.0,0,0,0,0.0,0,0,0,0.0,0,0,0,0.0,0,0,0,0.0,0,0,0,0.0,0,0,0,0.0,0,0,0,0.0,6485,25,1108,7618.0
2026,March,GOA,NORTH GOA,158500200019,SHAMBHU VAMAN FADTE-36 FPS,103,103,0,0,96,2,2,100,3,0,0,3,96,2,2,100,3,0,0,3,0,0,0,0.0,1.605,0.02,0.045,1.67,1605,20,45,1670.0,0,0,0,0.0,0,0,0,0.0,0,0,0,0.0,0,0,0,0.0,0,0,0,0.0,0,0,0,0.0,0,0,0,0.0,1605,20,45,1670.0
2026,March,GOA,NORTH GOA,158500200020,MOHAN GANESH TARI-37 FPS,293,293,0,0,289,0,0,289,4,0,0,4,289,0,0,289,4,0,0,4,0,0,0,0.0,5.365,0,0,5.365,5365,0,0,5365.0,0,0,0,0.0,0,0,0,0.0,0,0,0,0.0,0,0,0,0.0,0,0,0,0.0,0,0,0,0.0,0,0,0,0.0,5365,0,0,5365.0
2026,March,GOA,NORTH GOA,158500200021,VELGUEM MAH  CONSUMER CO-OP SOCIETY LTD-38 FPS,374,374,0,0,366,5,0,371,3,0,0,3,366,5,0,371,3,0,0,3,0,0,0,0.0,6.94,0.1,0,7.04,6940,100,0,7040.0,0,0,0,0.0,0,0,0,0.0,0,0,0,0.0,0,0,0,0.0,0,0,0,0.0,0,0,0,0.0,0,0,0,0.0,6940,100,0,7040.0
2026,March,GOA,NORTH GOA,158500200022,DEEPAK P.N KUMBHARJUVEKAR-40 FPS,103,103,0,0,100,0,0,100,3,0,0,3,100,0,0,100,3,0,0,3,0,0,0,0.0,1.79,0,0,1.79,1790,0,0,1790.0,0,0,0,0.0,0,0,0,0.0,0,0,0,0.0,0,0,0,0.0,0,0,0,0.0,0,0,0,0.0,0,0,0,0.0,1790,0,0,1790.0
2026,March,GOA,NORTH GOA,158500200023,SANJAY S ARONDEKAR-43 FPS,544,544,0,0,454,2,2,458,86,0,0,86,454,2,2,458,85,0,0,85,0,0,0,0.0,11.26,0.015,0.035,11.31,11260,15,35,11310.0,0,0,0,0.0,0,0,0,0.0,0,0,0,0.0,0,0,0,0.0,0,0,0,0.0,0,0,0,0.0,0,0,0,0.0,11260,15,35,11310.0
2026,March,GOA,NORTH GOA,158500200024,Sunil V Govekar-45 FPS,178,178,0,0,166,3,3,172,6,0,0,6,166,3,3,172,6,0,0,6,0,0,0,0.0,3.03,0.04,0.065,3.135,3030,40,65,3135.0,0,0,0,0.0,0,0,0,0.0,0,0,0,0.0,0,0,0,0.0,0,0,0,0.0,0,0,0,0.0,0,0,0,0.0,3030,40,65,3135.0
2026,March,GOA,NORTH GOA,158500200171,SMT SHILPA UMESH RAUT-4 FPS,283,283,0,0,262,2,5,269,13,0,1,14,262,2,5,269,13,0,1,14,0,0,0,0.0,5.4,0.03,0.155,5.585,5400,30,155,5585.0,0,0,0,0.0,0,0,0,0.0,0,0,0,0.0,0,0,0,0.0,0,0,0,0.0,0,0,0,0.0,0,0,0,0.0,5400,30,155,5585.0
2026,March,GOA,NORTH GOA,158500200172,VAN GROUP V.K.S.STY-7 FPS,380,380,0,0,333,3,9,345,35,0,0,35,333,3,9,345,35,0,0,35,0,0,0,0.0,7.425,0.03,0.17,7.625,7425,30,170,7625.0,0,0,0,0.0,0,0,0,0.0,0,0,0,0.0,0,0,0,0.0,0,0,0,0.0,0,0,0,0.0,0,0,0,0.0,7425,30,170,7625.0
2026,March,GOA,NORTH GOA,158500200173,KRISHNA R. SATARDEKAR-18 FPS,429,429,0,0,411,12,0,423,5,1,0,6,411,12,0,423,5,1,0,6,0,0,0,0.0,8.225,0.225,0,8.45,8225,225,0,8450.0,0,0,0,0.0,0,0,0,0.0,0,0,0,0.0,0,0,0,0.0,0,0,0,0.0,0,0,0,0.0,0,0,0,0.0,8225,225,0,8450.0
2026,March,GOA,NORTH GOA,158500200174,MAHALAXMI V.K.S.STY-19 & 32 FPS,318,318,0,0,287,2,12,301,16,0,1,17,287,2,12,301,16,0,1,17,0,0,0,0.0,5.8,0.02,0.258,6.078,5800,20,258,6078.0,0,0,0,0.0,0,0,0,0.0,0,0,0,0.0,0,0,0,0.0,0,0,0,0.0,0,0,0,0.0,0,0,0,0.0,5800,20,258,6078.0
2026,March,GOA,NORTH GOA,158500200175,SAJRO U PARAB-22 FPS,155,155,0,0,147,0,1,148,7,0,0,7,147,0,1,148,7,0,0,7,0,0,0,0.0,2.735,0,0.02,2.755,2735,0,20,2755.0,0,0,0,0.0,0,0,0,0.0,0,0,0,0.0,0,0,0,0.0,0,0,0,0.0,0,0,0,0.0,0,0,0,0.0,2735,0,20,2755.0
2026,March,GOA,NORTH GOA,158500200176,NAVDURGA V K S STY-24 & 26 FPS,542,542,0,0,518,10,5,533,9,0,0,9,518,10,5,533,9,0,0,9,0,0,0,0.0,9.68,0.205,0.105,9.99,9680,205,105,9990.0,0,0,0,0.0,0,0,0,0.0,0,0,0,0.0,0,0,0,0.0,0,0,0,0.0,0,0,0,0.0,0,0,0,0.0,9680,205,105,9990.0
2026,March,GOA,NORTH GOA,158500200177,SWETA PRABHUGAONKAR-31 FPS,207,207,0,0,203,2,0,205,2,0,0,2,203,2,0,205,2,0,0,2,0,0,0,0.0,3.515,0.025,0,3.54,3515,25,0,3540.0,0,0,0,0.0,0,0,0,0.0,0,0,0,0.0,0,0,0,0.0,0,0,0,0.0,0,0,0,0.0,0,0,0,0.0,3515,25,0,3540.0
2026,March,GOA,NORTH GOA,158500200178,KALYAN CONSUMERS CO-OPERATIVE SOCIETY LTD-34 FPS,204,204,0,0,142,0,9,151,53,0,0,53,142,0,9,151,53,0,0,53,0,0,0,0.0,4.165,0,0.145,4.31,4165,0,145,4310.0,0,0,0,0.0,0,0,0,0.0,0,0,0,0.0,0,0,0,0.0,0,0,0,0.0,0,0,0,0.0,0,0,0,0.0,4165,0,145,4310.0
2026,March,GOA,NORTH GOA,158500200181,NAVDURGA V K S STY-42 & 28 FPS,174,174,0,0,166,8,0,174,0,0,0,0,166,8,0,174,0,0,0,0,0,0,0,0.0,3.11,0.18,0,3.29,3110,180,0,3290.0,0,0,0,0.0,0,0,0,0.0,0,0,0,0.0,0,0,0,0.0,0,0,0,0.0,0,0,0,0.0,0,0,0,0.0,3110,180,0,3290.0
2026,March,GOA,NORTH GOA,158500200182,SANDHYA G KASAR-44 FPS,86,86,0,0,77,0,0,77,9,0,0,9,77,0,0,77,9,0,0,9,0,0,0,0.0,1.67,0,0,1.67,1670,0,0,1670.0,0,0,0,0.0,0,0,0,0.0,0,0,0,0.0,0,0,0,0.0,0,0,0,0.0,0,0,0,0.0,0,0,0,0.0,1670,0,0,1670.0
2026,March,GOA,NORTH GOA,158500200183,ADVALPAL V.K.S STY-1 FPS,198,198,0,0,177,0,0,177,21,0,0,21,177,0,0,177,21,0,0,21,0,0,0,0.0,3.87,0,0,3.87,3870,0,0,3870.0,0,0,0,0.0,0,0,0,0.0,0,0,0,0.0,0,0,0,0.0,0,0,0,0.0,0,0,0,0.0,0,0,0,0.0,3870,0,0,3870.0
2026,March,GOA,NORTH GOA,158500200184,MAHARASHTRA V K S STY-15 FPS,405,405,0,0,377,18,0,395,10,0,0,10,377,18,0,395,9,0,0,9,0,0,0,0.0,7.71,0.345,0,8.055,7710,345,0,8055.0,0,0,0,0.0,0,0,0,0.0,0,0,0,0.0,0,0,0,0.0,0,0,0,0.0,0,0,0,0.0,0,0,0,0.0,7710,345,0,8055.0
2026,March,GOA,NORTH GOA,158500200185,NARVA V K S STY-13 FPS,262,262,0,0,221,2,0,223,39,0,0,39,221,2,0,223,39,0,0,39,0,0,0,0.0,5.065,0.02,0,5.085,5065,20,0,5085.0,0,0,0,0.0,0,0,0,0.0,0,0,0,0.0,0,0,0,0.0,0,0,0,0.0,0,0,0,0.0,0,0,0,0.0,5065,20,0,5085.0
2026,March,GOA,NORTH GOA,158500200187,RAHUL RAMA NAIK- 46 FPS,180,180,0,0,178,0,0,178,2,0,0,2,178,0,0,178,2,0,0,2,0,0,0,0.0,3.56,0,0,3.56,3560,0,0,3560.0,0,0,0,0.0,0,0,0,0.0,0,0,0,0.0,0,0,0,0.0,0,0,0,0.0,0,0,0,0.0,0,0,0,0.0,3560,0,0,3560.0
2026,March,GOA,NORTH GOA,158500200188,KASARPAL V K S STY-2 & 3 FPS,511,511,0,0,436,2,0,438,73,0,0,73,436,2,0,438,73,0,0,73,0,0,0,0.0,10.82,0.035,0,10.855,10820,35,0,10855.0,0,0,0,0.0,0,0,0,0.0,0,0,0,0.0,0,0,0,0.0,0,0,0,0.0,0,0,0,0.0,0,0,0,0.0,10820,35,0,10855.0
2026,March,GOA,NORTH GOA,158500200189,VITHOBA L GHADI-39 FPS,215,215,0,0,215,0,0,215,0,0,0,0,214,0,0,214,0,0,0,0,0,0,0,0.0,4.395,0,0,4.395,4395,0,0,4395.0,0,0,0,0.0,0,0,0,0.0,0,0,0,0.0,0,0,0,0.0,0,0,0,0.0,0,0,0,0.0,0,0,0,0.0,4395,0,0,4395.0
2026,March,GOA,NORTH GOA,158500200190,TULSHIDAS K GAONKAR-41 FPS,228,228,0,0,198,0,0,198,30,0,0,30,198,0,0,198,30,0,0,30,0,0,0,0.0,5.16,0,0,5.16,5160,0,0,5160.0,0,0,0,0.0,0,0,0,0.0,0,0,0,0.0,0,0,0,0.0,0,0,0,0.0,0,0,0,0.0,0,0,0,0.0,5160,0,0,5160.0
2026,March,GOA,NORTH GOA,158500200191,DIGVETTA D KARBOTHKAR-14 FPS,98,98,0,0,97,0,1,98,0,0,0,0,97,0,1,98,0,0,0,0,0,0,0,0.0,1.74,0,0.02,1.76,1740,0,20,1760.0,0,0,0,0.0,0,0,0,0.0,0,0,0,0.0,0,0,0,0.0,0,0,0,0.0,0,0,0,0.0,0,0,0,0.0,1740,0,20,1760.0
2026,March,GOA,NORTH GOA,158500200192,MAHALAXMI RAVALNATH MULTIPURPOSE CO-OPERATIVE SOCIETY LTD,99,99,0,0,98,0,0,98,1,0,0,1,98,0,0,98,1,0,0,1,0,0,0,0.0,1.495,0,0,1.495,1495,0,0,1495.0,0,0,0,0.0,0,0,0,0.0,0,0,0,0.0,0,0,0,0.0,0,0,0,0.0,0,0,0,0.0,0,0,0,0.0,1495,0,0,1495.0
2026,March,GOA,NORTH GOA,158500300002,GOVIND P SHETGAONKAR-3 FPS,121,121,0,0,96,2,0,98,23,0,0,23,96,2,0,98,23,0,0,23,0,0,0,0.0,2.56,0.035,0,2.595,2560,35,0,2595.0,0,0,0,0.0,0,0,0,0.0,0,0,0,0.0,0,0,0,0.0,0,0,0,0.0,0,0,0,0.0,0,0,0,0.0,2560,35,0,2595.0
2026,March,GOA,NORTH GOA,158500300003,KRISHNA S.SHETGAONKAR-5 FPS,237,237,0,0,153,3,0,156,81,0,0,81,153,3,0,156,81,0,0,81,0,0,0,0.0,5.46,0.035,0,5.495,5460,35,0,5495.0,0,0,0,0.0,0,0,0,0.0,0,0,0,0.0,0,0,0,0.0,0,0,0,0.0,0,0,0,0.0,0,0,0,0.0,5460,35,0,5495.0
2026,March,GOA,NORTH GOA,158500300004,M/S LAXMAN SHAMBA NAIK-6 FPS,200,200,0,0,142,0,0,142,58,0,0,58,142,0,0,142,58,0,0,58,0,0,0,0.0,4.735,0,0,4.735,4735,0,0,4735.0,0,0,0,0.0,0,0,0,0.0,0,0,0,0.0,0,0,0,0.0,0,0,0,0.0,0,0,0,0.0,0,0,0,0.0,4735,0,0,4735.0
2026,March,GOA,NORTH GOA,158500300005,SHRI BAPTISTA D'SOUZA-7 FPS,386,386,0,0,332,2,0,334,52,0,0,52,331,2,0,333,52,0,0,52,0,0,0,0.0,7.57,0.03,0,7.6,7570,30,0,7600.0,0,0,0,0.0,0,0,0,0.0,0,0,0,0.0,0,0,0,0.0,0,0,0,0.0,0,0,0,0.0,0,0,0,0.0,7570,30,0,7600.0
2026,March,GOA,NORTH GOA,158500300006,SADANAND D PALNI-8 FPS,240,240,0,0,143,0,1,144,95,0,1,96,143,0,1,144,95,0,1,96,0,0,0,0.0,5.95,0,0.055,6.005,5950,0,55,6005.0,0,0,0,0.0,0,0,0,0.0,0,0,0,0.0,0,0,0,0.0,0,0,0,0.0,0,0,0,0.0,0,0,0,0.0,5950,0,55,6005.0
2026,March,GOA,NORTH GOA,158500300008,ABHIJIT ULHAS NARVEKAR-10 FPS,362,362,0,0,249,0,0,249,113,0,0,113,249,0,0,249,113,0,0,113,0,0,0,0.0,8.155,0,0,8.155,8155,0,0,8155.0,0,0,0,0.0,0,0,0,0.0,0,0,0,0.0,0,0,0,0.0,0,0,0,0.0,0,0,0,0.0,0,0,0,0.0,8155,0,0,8155.0
2026,March,GOA,NORTH GOA,158500300010,NANDAKUMAR SHET-12 FPS,391,391,0,0,223,5,1,229,158,3,1,162,223,5,1,229,158,3,1,162,0,0,0,0.0,9.64,0.2,0.06,9.9,9640,200,60,9900.0,0,0,0,0.0,0,0,0,0.0,0,0,0,0.0,0,0,0,0.0,0,0,0,0.0,0,0,0,0.0,0,0,0,0.0,9640,200,60,9900.0
2026,March,GOA,NORTH GOA,158500300011,SHRI ASHOK RAJARAM KAMAT-13 FPS,311,311,0,0,180,0,0,180,131,0,0,131,180,0,0,180,131,0,0,131,0,0,0,0.0,7.76,0,0,7.76,7760,0,0,7760.0,0,0,0,0.0,0,0,0,0.0,0,0,0,0.0,0,0,0,0.0,0,0,0,0.0,0,0,0,0.0,0,0,0,0.0,7760,0,0,7760.0
2026,March,GOA,NORTH GOA,158500300012,PRAKASH B NAIK-14 FPS,79,79,0,0,27,0,1,28,51,0,0,51,27,0,1,28,51,0,0,51,0,0,0,0.0,2.25,0,0.025,2.275,2250,0,25,2275.0,0,0,0,0.0,0,0,0,0.0,0,0,0,0.0,0,0,0,0.0,0,0,0,0.0,0,0,0,0.0,0,0,0,0.0,2250,0,25,2275.0
2026,March,GOA,NORTH GOA,158500300013,SUHASINI KASHIRAM KORGAONKAR-15 FPS,158,158,0,0,96,1,1,98,58,0,2,60,96,1,1,98,58,0,2,60,0,0,0,0.0,3.71,0.02,0.095,3.825,3710,20,95,3825.0,0,0,0,0.0,0,0,0,0.0,0,0,0,0.0,0,0,0,0.0,0,0,0,0.0,0,0,0,0.0,0,0,0,0.0,3710,20,95,3825.0
2026,March,GOA,NORTH GOA,158500300014,GAUTAMI R MANDREKAR-49 FPS,340,340,0,0,198,4,6,208,131,0,1,132,198,4,6,208,131,0,1,132,0,0,0,0.0,8.02,0.055,0.15,8.225,8020,55,150,8225.0,0,0,0,0.0,0,0,0,0.0,0,0,0,0.0,0,0,0,0.0,0,0,0,0.0,0,0,0,0.0,0,0,0,0.0,8020,55,150,8225.0
2026,March,GOA,NORTH GOA,158500300016,SAI PRASAD-19 FPS,347,347,0,0,289,2,0,291,56,0,0,56,289,2,0,291,56,0,0,56,0,0,0,0.0,6.925,0.035,0,6.96,6925,35,0,6960.0,0,0,0,0.0,0,0,0,0.0,0,0,0,0.0,0,0,0,0.0,0,0,0,0.0,0,0,0,0.0,0,0,0,0.0,6925,35,0,6960.0
2026,March,GOA,NORTH GOA,158500300017,Saiprasad Stores-20 FPS,97,97,0,0,75,0,0,75,22,0,0,22,75,0,0,75,22,0,0,22,0,0,0,0.0,2.095,0,0,2.095,2095,0,0,2095.0,0,0,0,0.0,0,0,0,0.0,0,0,0,0.0,0,0,0,0.0,0,0,0,0.0,0,0,0,0.0,0,0,0,0.0,2095,0,0,2095.0
2026,March,GOA,NORTH GOA,158500300018,MANOHAR DAJI NAIK-21 FPS,340,340,0,0,160,1,3,164,174,1,1,176,160,1,3,164,174,1,1,176,0,0,0,0.0,8.97,0.045,0.09,9.105,8970,45,90,9105.0,0,0,0,0.0,0,0,0,0.0,0,0,0,0.0,0,0,0,0.0,0,0,0,0.0,0,0,0,0.0,0,0,0,0.0,8970,45,90,9105.0
2026,March,GOA,NORTH GOA,158500300019,VISHNU G MAHALE-22 FPS,172,172,0,0,136,2,0,138,34,0,0,34,136,2,0,138,34,0,0,34,0,0,0,0.0,3.645,0.03,0,3.675,3645,30,0,3675.0,0,0,0,0.0,0,0,0,0.0,0,0,0,0.0,0,0,0,0.0,0,0,0,0.0,0,0,0,0.0,0,0,0,0.0,3645,30,0,3675.0
2026,March,GOA,NORTH GOA,158500300020,Atmaram R. Parab-23 FPS,177,177,0,0,127,0,0,127,50,0,0,50,127,0,0,127,50,0,0,50,0,0,0,0.0,4.07,0,0,4.07,4070,0,0,4070.0,0,0,0,0.0,0,0,0,0.0,0,0,0,0.0,0,0,0,0.0,0,0,0,0.0,0,0,0,0.0,0,0,0,0.0,4070,0,0,4070.0
2026,March,GOA,NORTH GOA,158500300026,ARUN S SAWANT-32 FPS,292,292,0,0,213,0,0,213,79,0,0,79,213,0,0,213,78,0,0,78,0,0,0,0.0,6.785,0,0,6.785,6785,0,0,6785.0,0,0,0,0.0,0,0,0,0.0,0,0,0,0.0,0,0,0,0.0,0,0,0,0.0,0,0,0,0.0,0,0,0,0.0,6785,0,0,6785.0
2026,March,GOA,NORTH GOA,158500300027,GADEKAR STORES-33 FPS,214,214,0,0,175,0,0,175,39,0,0,39,175,0,0,175,39,0,0,39,0,0,0,0.0,4.49,0,0,4.49,4490,0,0,4490.0,0,0,0,0.0,0,0,0,0.0,0,0,0,0.0,0,0,0,0.0,0,0,0,0.0,0,0,0,0.0,0,0,0,0.0,4490,0,0,4490.0
2026,March,GOA,NORTH GOA,158500300028,S.B.SAWANT-36 FPS,216,216,0,0,113,1,0,114,102,0,0,102,113,1,0,114,102,0,0,102,0,0,0,0.0,5.645,0.005,0,5.65,5645,5,0,5650.0,0,0,0,0.0,0,0,0,0.0,0,0,0,0.0,0,0,0,0.0,0,0,0,0.0,0,0,0,0.0,0,0,0,0.0,5645,5,0,5650.0
2026,March,GOA,NORTH GOA,158500300029,G.V.SUBHAJI-37 FPS,401,401,0,0,341,0,0,341,60,0,0,60,340,0,0,340,60,0,0,60,0,0,0,0.0,8.185,0,0,8.185,8185,0,0,8185.0,0,0,0,0.0,0,0,0,0.0,0,0,0,0.0,0,0,0,0.0,0,0,0,0.0,0,0,0,0.0,0,0,0,0.0,8185,0,0,8185.0
2026,March,GOA,NORTH GOA,158500300030,PEDNE TALUKA FARMERS SERVICE COOP STY LTD.-38 FPS,179,179,0,0,133,6,0,139,40,0,0,40,133,6,0,139,40,0,0,40,0,0,0,0.0,3.74,0.075,0,3.815,3740,75,0,3815.0,0,0,0,0.0,0,0,0,0.0,0,0,0,0.0,0,0,0,0.0,0,0,0,0.0,0,0,0,0.0,0,0,0,0.0,3740,75,0,3815.0
2026,March,GOA,NORTH GOA,158500300031,SMT SUNITA SHRIRAM BUGDE-40 FPS,253,253,0,0,183,2,0,185,68,0,0,68,183,2,0,185,68,0,0,68,0,0,0,0.0,5.53,0.035,0,5.565,5530,35,0,5565.0,0,0,0,0.0,0,0,0,0.0,0,0,0,0.0,0,0,0,0.0,0,0,0,0.0,0,0,0,0.0,0,0,0,0.0,5530,35,0,5565.0
2026,March,GOA,NORTH GOA,158500300033,ANKUSH SHYAM SAWANT-42 FPS,174,174,0,0,119,0,0,119,55,0,0,55,119,0,0,119,55,0,0,55,0,0,0,0.0,4.135,0,0,4.135,4135,0,0,4135.0,0,0,0,0.0,0,0,0,0.0,0,0,0,0.0,0,0,0,0.0,0,0,0,0.0,0,0,0,0.0,0,0,0,0.0,4135,0,0,4135.0
2026,March,GOA,NORTH GOA,158500300034,GURUNATH VASUDEV TALAVANEKAR-45 FPS,149,149,0,0,99,0,0,99,50,0,0,50,99,0,0,99,49,0,0,49,0,0,0,0.0,3.43,0,0,3.43,3430,0,0,3430.0,0,0,0,0.0,0,0,0,0.0,0,0,0,0.0,0,0,0,0.0,0,0,0,0.0,0,0,0,0.0,0,0,0,0.0,3430,0,0,3430.0
2026,March,GOA,NORTH GOA,158500300036,MULVIR STORE-48 FPS,110,110,0,0,67,0,0,67,43,0,0,43,66,0,0,66,43,0,0,43,0,0,0,0.0,2.755,0,0,2.755,2755,0,0,2755.0,0,0,0,0.0,0,0,0,0.0,0,0,0,0.0,0,0,0,0.0,0,0,0,0.0,0,0,0,0.0,0,0,0,0.0,2755,0,0,2755.0
2026,March,GOA,NORTH GOA,158500300037,PEDNE TALUKA FARMERS SERVICE CO-OP SOCIETY LTD-25 FPS,303,303,0,0,280,0,11,291,11,0,1,12,280,0,11,291,11,0,1,12,0,0,0,0.0,5.7,0,0.215,5.915,5700,0,215,5915.0,0,0,0,0.0,0,0,0,0.0,0,0,0,0.0,0,0,0,0.0,0,0,0,0.0,0,0,0,0.0,0,0,0,0.0,5700,0,215,5915.0
2026,March,GOA,NORTH GOA,158500300038,MR.UTTAM K KOTKAR-2 FPS,460,460,0,0,253,5,2,260,198,2,0,200,253,5,2,260,198,2,0,200,0,0,0,0.0,11.315,0.175,0.025,11.515,11315,175,25,11515.0,0,0,0,0.0,0,0,0,0.0,0,0,0,0.0,0,0,0,0.0,0,0,0,0.0,0,0,0,0.0,0,0,0,0.0,11315,175,25,11515.0
2026,March,GOA,NORTH GOA,158500300132,ULHAS R NAIK-17 FPS,259,259,0,0,188,1,0,189,69,1,0,70,188,1,0,189,69,1,0,70,0,0,0,0.0,5.76,0.055,0,5.815,5760,55,0,5815.0,0,0,0,0.0,0,0,0,0.0,0,0,0,0.0,0,0,0,0.0,0,0,0,0.0,0,0,0,0.0,0,0,0,0.0,5760,55,0,5815.0
2026,March,GOA,NORTH GOA,158500300133,PEDNE TALUKA FARMERS SERVICE CO.OP.SOCIETY-24 FPS,303,303,0,0,143,0,1,144,156,2,1,159,143,0,1,144,156,2,1,159,0,0,0,0.0,8.115,0.07,0.055,8.24,8115,70,55,8240.0,0,0,0,0.0,0,0,0,0.0,0,0,0,0.0,0,0,0,0.0,0,0,0,0.0,0,0,0,0.0,0,0,0,0.0,8115,70,55,8240.0
2026,March,GOA,NORTH GOA,158500300134,PERNEM TALUKA FARMER CO.OP.STY-26 FPS,667,667,0,0,557,21,2,580,85,1,1,87,557,21,2,580,85,1,1,87,0,0,0,0.0,13.17,0.405,0.08,13.655,13170,405,80,13655.0,0,0,0,0.0,0,0,0,0.0,0,0,0,0.0,0,0,0,0.0,0,0,0,0.0,0,0,0,0.0,0,0,0,0.0,13170,405,80,13655.0
2026,March,GOA,NORTH GOA,158500300135,PERNEM TALUKA FARMER CO.OP.STY.LTD.-27 FPS,381,381,0,0,224,2,0,226,155,0,0,155,224,2,0,226,155,0,0,155,0,0,0,0.0,9.42,0.03,0,9.45,9420,30,0,9450.0,0,0,0,0.0,0,0,0,0.0,0,0,0,0.0,0,0,0,0.0,0,0,0,0.0,0,0,0,0.0,0,0,0,0.0,9420,30,0,9450.0
2026,March,GOA,NORTH GOA,158500300136,PERNEM TALUKA FARMER CO.OP.STY.LTD.-28 FPS,345,345,0,0,216,2,0,218,127,0,0,127,216,2,0,218,127,0,0,127,0,0,0,0.0,8.225,0.02,0,8.245,8225,20,0,8245.0,0,0,0,0.0,0,0,0,0.0,0,0,0,0.0,0,0,0,0.0,0,0,0,0.0,0,0,0,0.0,0,0,0,0.0,8225,20,0,8245.0
2026,March,GOA,NORTH GOA,158500300137,PERNEM TALUKA FARMER CO.OP.STY.LTD.-29 FPS,386,386,0,0,264,6,1,271,115,0,0,115,264,6,1,271,115,0,0,115,0,0,0,0.0,8.965,0.075,0.01,9.05,8965,75,10,9050.0,0,0,0,0.0,0,0,0,0.0,0,0,0,0.0,0,0,0,0.0,0,0,0,0.0,0,0,0,0.0,0,0,0,0.0,8965,75,10,9050.0
2026,March,GOA,NORTH GOA,158500300138,PERNEM TALUKA FARMER CO.OP.STY.LTD.-31 FPS,236,236,0,0,110,2,0,112,124,0,0,124,110,2,0,112,124,0,0,124,0,0,0,0.0,6.21,0.035,0,6.245,6210,35,0,6245.0,0,0,0,0.0,0,0,0,0.0,0,0,0,0.0,0,0,0,0.0,0,0,0,0.0,0,0,0,0.0,0,0,0,0.0,6210,35,0,6245.0
2026,March,GOA,NORTH GOA,158500300141,PERNEM TALUKA FARMER CO.OP.STY.LTD.-41 FPS,204,204,0,0,125,1,0,126,78,0,0,78,125,1,0,126,77,0,0,77,0,0,0,0.0,4.945,0.02,0,4.965,4945,20,0,4965.0,0,0,0,0.0,0,0,0,0.0,0,0,0,0.0,0,0,0,0.0,0,0,0,0.0,0,0,0,0.0,0,0,0,0.0,4945,20,0,4965.0
2026,March,GOA,NORTH GOA,158500300143,J.R DESHPRABHU-1 FPS,111,111,0,0,61,0,0,61,50,0,0,50,60,0,0,60,50,0,0,50,0,0,0,0.0,2.83,0,0,2.83,2830,0,0,2830.0,0,0,0,0.0,0,0,0,0.0,0,0,0,0.0,0,0,0,0.0,0,0,0,0.0,0,0,0,0.0,0,0,0,0.0,2830,0,0,2830.0
2026,March,GOA,NORTH GOA,158500300144,G.J SHIRGAONKAR-39 FPS,228,228,0,0,129,2,0,131,97,0,0,97,129,2,0,131,97,0,0,97,0,0,0,0.0,5.694,0.025,0,5.719,5694,25,0,5719.0,0,0,0,0.0,0,0,0,0.0,0,0,0,0.0,0,0,0,0.0,0,0,0,0.0,0,0,0,0.0,0,0,0,0.0,5694,25,0,5719.0
2026,March,GOA,NORTH GOA,158500300146,PEDNE TALUKA FARMERS SERVICE CO-OP STY-18 FPS,321,321,0,0,160,2,1,163,158,0,0,158,160,2,1,163,158,0,0,158,0,0,0,0.0,8.64,0.035,0.02,8.695,8640,35,20,8695.0,0,0,0,0.0,0,0,0,0.0,0,0,0,0.0,0,0,0,0.0,0,0,0,0.0,0,0,0,0.0,0,0,0,0.0,8640,35,20,8695.0
2026,March,GOA,NORTH GOA,158500300147,MR. SHAILA GAWAS-11 FPS,379,379,0,0,287,0,0,287,92,0,0,92,287,0,0,287,92,0,0,92,0,0,0,0.0,8.29,0,0,8.29,8290,0,0,8290.0,0,0,0,0.0,0,0,0,0.0,0,0,0,0.0,0,0,0,0.0,0,0,0,0.0,0,0,0,0.0,0,0,0,0.0,8290,0,0,8290.0
2026,March,GOA,NORTH GOA,158500300148,ASHISH LAXMAN KALANGUTKAR-9 FPS,254,254,0,0,202,1,0,203,51,0,0,51,202,1,0,203,51,0,0,51,0,0,0,0.0,5.48,0.005,0,5.485,5480,5,0,5485.0,0,0,0,0.0,0,0,0,0.0,0,0,0,0.0,0,0,0,0.0,0,0,0,0.0,0,0,0,0.0,0,0,0,0.0,5480,5,0,5485.0
2026,March,GOA,NORTH GOA,158500300149,RADHIKA R. KANOLKAR-46 FPS,102,102,0,0,57,0,0,57,45,0,0,45,57,0,0,57,45,0,0,45,0,0,0,0.0,2.69,0,0,2.69,2690,0,0,2690.0,0,0,0,0.0,0,0,0,0.0,0,0,0,0.0,0,0,0,0.0,0,0,0,0.0,0,0,0,0.0,0,0,0,0.0,2690,0,0,2690.0
2026,March,GOA,NORTH GOA,158500300150,PERNEM TALUKA FARMER CO.OP.STY.LTD AROBA-35 FPS,162,162,0,0,65,3,0,68,92,2,0,94,65,3,0,68,92,2,0,94,0,0,0,0.0,4.4,0.125,0,4.525,4400,125,0,4525.0,0,0,0,0.0,0,0,0,0.0,0,0,0,0.0,0,0,0,0.0,0,0,0,0.0,0,0,0,0.0,0,0,0,0.0,4400,125,0,4525.0
2026,March,GOA,NORTH GOA,158500300157,SHRUTI SADGURU THAKUR,267,267,0,0,171,7,1,179,86,2,0,88,171,7,1,179,86,2,0,88,0,0,0,0.0,5.935,0.22,0.01,6.165,5935,220,10,6165.0,0,0,0,0.0,0,0,0,0.0,0,0,0,0.0,0,0,0,0.0,0,0,0,0.0,0,0,0,0.0,0,0,0,0.0,5935,220,10,6165.0
2026,March,GOA,NORTH GOA,158500500002,MALINI K GAWAS-26 FPS,141,141,0,0,103,0,0,103,38,0,0,38,102,0,0,102,38,0,0,38,0,0,0,0.0,3.16,0,0,3.16,3160,0,0,3160.0,0,0,0,0.0,0,0,0,0.0,0,0,0,0.0,0,0,0,0.0,0,0,0,0.0,0,0,0,0.0,0,0,0,0.0,3160,0,0,3160.0
2026,March,GOA,NORTH GOA,158500500003,DEEPA D KALANGUTKAR-24 FPS,161,161,0,0,111,0,0,111,50,0,0,50,111,0,0,111,50,0,0,50,0,0,0,0.0,3.905,0,0,3.905,3905,0,0,3905.0,0,0,0,0.0,0,0,0,0.0,0,0,0,0.0,0,0,0,0.0,0,0,0,0.0,0,0,0,0.0,0,0,0,0.0,3905,0,0,3905.0
2026,March,GOA,NORTH GOA,158500500004,CHANDRAKANT JAIDEV PANGAM-20 FPS,268,268,0,0,248,4,0,252,16,0,0,16,248,4,0,252,16,0,0,16,0,0,0,0.0,5.465,0.08,0,5.545,5465,80,0,5545.0,0,0,0,0.0,0,0,0,0.0,0,0,0,0.0,0,0,0,0.0,0,0,0,0.0,0,0,0,0.0,0,0,0,0.0,5465,80,0,5545.0
2026,March,GOA,NORTH GOA,158500500005,KASHINATH SAWANT-19 FPS,120,120,0,0,80,0,0,80,40,0,0,40,80,0,0,80,40,0,0,40,0,0,0,0.0,2.87,0,0,2.87,2870,0,0,2870.0,0,0,0,0.0,0,0,0,0.0,0,0,0,0.0,0,0,0,0.0,0,0,0,0.0,0,0,0,0.0,0,0,0,0.0,2870,0,0,2870.0
2026,March,GOA,NORTH GOA,158500500006,BABAJI DAMODAR MAJIK-18 FPS,123,123,0,0,92,0,0,92,31,0,0,31,92,0,0,92,31,0,0,31,0,0,0,0.0,2.675,0,0,2.675,2675,0,0,2675.0,0,0,0,0.0,0,0,0,0.0,0,0,0,0.0,0,0,0,0.0,0,0,0,0.0,0,0,0,0.0,0,0,0,0.0,2675,0,0,2675.0
2026,March,GOA,NORTH GOA,158500500007,KASHINATH Y SAWANT-17 FPS,316,316,0,0,235,0,0,235,81,0,0,81,235,0,0,235,81,0,0,81,0,0,0,0.0,7.125,0,0,7.125,7125,0,0,7125.0,0,0,0,0.0,0,0,0,0.0,0,0,0,0.0,0,0,0,0.0,0,0,0,0.0,0,0,0,0.0,0,0,0,0.0,7125,0,0,7125.0
2026,March,GOA,NORTH GOA,158500500008,SARITA J DESAI-16 FPS,424,424,0,0,352,0,0,352,72,0,0,72,351,0,0,351,72,0,0,72,0,0,0,0.0,8.96,0,0,8.96,8960,0,0,8960.0,0,0,0,0.0,0,0,0,0.0,0,0,0,0.0,0,0,0,0.0,0,0,0,0.0,0,0,0,0.0,0,0,0,0.0,8960,0,0,8960.0
2026,March,GOA,NORTH GOA,158500500009,SMT. ANITA ANANDRAO RANE-25 FPS,131,131,0,0,130,0,0,130,1,0,0,1,130,0,0,130,1,0,0,1,0,0,0,0.0,2.53,0,0,2.53,2530,0,0,2530.0,0,0,0,0.0,0,0,0,0.0,0,0,0,0.0,0,0,0,0.0,0,0,0,0.0,0,0,0,0.0,0,0,0,0.0,2530,0,0,2530.0
2026,March,GOA,NORTH GOA,158500500010,GAWANE G V K S STY-14 FPS,174,174,0,0,155,0,0,155,19,0,0,19,155,0,0,155,19,0,0,19,0,0,0,0.0,3.82,0,0,3.82,3820,0,0,3820.0,0,0,0,0.0,0,0,0,0.0,0,0,0,0.0,0,0,0,0.0,0,0,0,0.0,0,0,0,0.0,0,0,0,0.0,3820,0,0,3820.0
2026,March,GOA,NORTH GOA,158500500011,SHAMSUNDER K SHIRODKAR-23 FPS,98,98,0,0,79,1,0,80,18,0,0,18,79,1,0,80,18,0,0,18,0,0,0,0.0,1.92,0.005,0,1.925,1920,5,0,1925.0,0,0,0,0.0,0,0,0,0.0,0,0,0,0.0,0,0,0,0.0,0,0,0,0.0,0,0,0,0.0,0,0,0,0.0,1920,5,0,1925.0
2026,March,GOA,NORTH GOA,158500500012,SAGAR M SHIRODKAR-11 FPS,294,294,0,0,236,0,0,236,58,0,0,58,236,0,0,236,58,0,0,58,0,0,0,0.0,6.19,0,0,6.19,6190,0,0,6190.0,0,0,0,0.0,0,0,0,0.0,0,0,0,0.0,0,0,0,0.0,0,0,0,0.0,0,0,0,0.0,0,0,0,0.0,6190,0,0,6190.0
2026,March,GOA,NORTH GOA,158500500013,SATTARI TALUKA CO-OP STY-10 FPS,649,649,0,0,507,0,0,507,142,0,0,142,505,0,0,505,142,0,0,142,0,0,0,0.0,14.17,0,0,14.17,14170,0,0,14170.0,0,0,0,0.0,0,0,0,0.0,0,0,0,0.0,0,0,0,0.0,0,0,0,0.0,0,0,0,0.0,0,0,0,0.0,14170,0,0,14170.0
2026,March,GOA,NORTH GOA,158500500014,DEVDATT S WADKAR-9 FPS,831,831,0,0,783,10,28,821,10,0,0,10,783,10,28,821,10,0,0,10,0,0,0,0.0,14.505,0.17,0.505,15.18,14505,170,505,15180.0,0,0,0,0.0,0,0,0,0.0,0,0,0,0.0,0,0,0,0.0,0,0,0,0.0,0,0,0,0.0,0,0,0,0.0,14505,170,505,15180.0
2026,March,GOA,NORTH GOA,158500500015,SUNITA SURESH NAIK-8 FPS,278,278,0,0,226,4,0,230,47,1,0,48,226,4,0,230,47,1,0,48,0,0,0,0.0,5.69,0.1,0,5.79,5690,100,0,5790.0,0,0,0,0.0,0,0,0,0.0,0,0,0,0.0,0,0,0,0.0,0,0,0,0.0,0,0,0,0.0,0,0,0,0.0,5690,100,0,5790.0
2026,March,GOA,NORTH GOA,158500500016,SIDDESH M. SAWAIKAR-7 FPS,575,575,0,0,481,1,1,483,92,0,0,92,481,1,1,483,92,0,0,92,0,0,0,0.0,11.995,0.02,0.02,12.035,11995,20,20,12035.0,0,0,0,0.0,0,0,0,0.0,0,0,0,0.0,0,0,0,0.0,0,0,0,0.0,0,0,0,0.0,0,0,0,0.0,11995,20,20,12035.0
2026,March,GOA,NORTH GOA,158500500017,PREMNATH G DALVI-5 FPS,537,537,0,0,438,2,0,440,97,0,0,97,437,2,0,439,97,0,0,97,0,0,0,0.0,11.51,0.04,0,11.55,11510,40,0,11550.0,0,0,0,0.0,0,0,0,0.0,0,0,0,0.0,0,0,0,0.0,0,0,0,0.0,0,0,0,0.0,0,0,0,0.0,11510,40,0,11550.0
2026,March,GOA,NORTH GOA,158500500019,LAXIMAN VAMAN DALVI - 4 FPS,580,580,0,0,549,0,0,549,31,0,0,31,549,0,0,549,31,0,0,31,0,0,0,0.0,11.725,0,0,11.725,11725,0,0,11725.0,0,0,0,0.0,0,0,0,0.0,0,0,0,0.0,0,0,0,0.0,0,0,0,0.0,0,0,0,0.0,0,0,0,0.0,11725,0,0,11725.0
2026,March,GOA,NORTH GOA,158500500020,NAGARGAO GROUP VIKAS CREDIT STY-3 FPS,396,396,0,0,339,3,3,345,51,0,0,51,339,3,3,345,51,0,0,51,0,0,0,0.0,8.455,0.09,0.065,8.61,8455,90,65,8610.0,0,0,0,0.0,0,0,0,0.0,0,0,0,0.0,0,0,0,0.0,0,0,0,0.0,0,0,0,0.0,0,0,0,0.0,8455,90,65,8610.0
2026,March,GOA,NORTH GOA,158500500022,M/S SUDESH A TELI-1 FPS,325,325,0,0,245,0,36,281,42,1,1,44,245,0,36,281,42,1,1,44,0,0,0,0.0,5.745,0.035,0.715,6.495,5745,35,715,6495.0,0,0,0,0.0,0,0,0,0.0,0,0,0,0.0,0,0,0,0.0,0,0,0,0.0,0,0,0,0.0,0,0,0,0.0,5745,35,715,6495.0
2026,March,GOA,NORTH GOA,158500500099,SATTARI TALUKA FARMERS CO OP STY -2 FPS,539,539,0,0,460,1,1,462,77,0,0,77,459,1,1,461,77,0,0,77,0,0,0,0.0,11.13,0.02,0.04,11.19,11130,20,40,11190.0,0,0,0,0.0,0,0,0,0.0,0,0,0,0.0,0,0,0,0.0,0,0,0,0.0,0,0,0,0.0,0,0,0,0.0,11130,20,40,11190.0
2026,March,GOA,NORTH GOA,158500500100,SATTARI TALUKA CO-OP STY-15 FPS,267,267,0,0,220,5,0,225,42,0,0,42,219,5,0,224,42,0,0,42,0,0,0,0.0,5.53,0.085,0,5.615,5530,85,0,5615.0,0,0,0,0.0,0,0,0,0.0,0,0,0,0.0,0,0,0,0.0,0,0,0,0.0,0,0,0,0.0,0,0,0,0.0,5530,85,0,5615.0
2026,March,GOA,NORTH GOA,158500500104,SHRI. DEEPAK PARMESHMAR RANE-6 FPS,73,73,0,0,63,1,0,64,9,0,0,9,63,1,0,64,9,0,0,9,0,0,0,0.0,1.44,0.005,0,1.445,1440,5,0,1445.0,0,0,0,0.0,0,0,0,0.0,0,0,0,0.0,0,0,0,0.0,0,0,0,0.0,0,0,0,0.0,0,0,0,0.0,1440,5,0,1445.0
2026,March,GOA,NORTH GOA,158500500105,SMT. MANSI MAHADEV GAWAS-13 FPS,145,145,0,0,125,0,0,125,20,0,0,20,125,0,0,125,20,0,0,20,0,0,0,0.0,2.755,0,0,2.755,2755,0,0,2755.0,0,0,0,0.0,0,0,0,0.0,0,0,0,0.0,0,0,0,0.0,0,0,0,0.0,0,0,0,0.0,0,0,0,0.0,2755,0,0,2755.0
2026,March,GOA,NORTH GOA,158500500107,SHRI. SHAM JOTO PAVANE-21 FPS,159,159,0,0,154,1,0,155,3,0,1,4,154,1,0,155,3,0,1,4,0,0,0,0.0,3.07,0.01,0.025,3.105,3070,10,25,3105.0,0,0,0,0.0,0,0,0,0.0,0,0,0,0.0,0,0,0,0.0,0,0,0,0.0,0,0,0,0.0,0,0,0,0.0,3070,10,25,3105.0
2026,March,GOA,NORTH GOA,158500600002,JANATA CONSUMER CO OP STY-1 FPS,57,57,0,0,40,7,2,49,8,0,0,8,40,7,2,49,8,0,0,8,0,0,0,0.0,0.96,0.09,0.05,1.1,960,90,50,1100.0,0,0,0,0.0,0,0,0,0.0,0,0,0,0.0,0,0,0,0.0,0,0,0,0.0,0,0,0,0.0,0,0,0,0.0,960,90,50,1100.0
2026,March,GOA,NORTH GOA,158500600003,GURUDAS YASHWANT SHET-2 FPS,16,16,0,0,3,7,5,15,0,1,0,1,3,7,5,15,0,1,0,1,0,0,0,0.0,0.065,0.12,0.104,0.289,65,120,104,289.0,0,0,0,0.0,0,0,0,0.0,0,0,0,0.0,0,0,0,0.0,0,0,0,0.0,0,0,0,0.0,0,0,0,0.0,65,120,104,289.0
2026,March,GOA,NORTH GOA,158500600005,Smita Ankush Naik-5 FPS,52,52,0,0,28,0,0,28,24,0,0,24,28,0,0,28,24,0,0,24,0,0,0,0.0,1.315,0,0,1.315,1315,0,0,1315.0,0,0,0,0.0,0,0,0,0.0,0,0,0,0.0,0,0,0,0.0,0,0,0,0.0,0,0,0,0.0,0,0,0,0.0,1315,0,0,1315.0
2026,March,GOA,NORTH GOA,158500600006,GURUDAS YASHWANT SHET-6 FPS,82,82,0,0,33,9,15,57,19,3,3,25,33,9,15,57,19,3,3,25,0,0,0,0.0,1.32,0.25,0.379,1.949,1320,250,379,1949.0,0,0,0,0.0,0,0,0,0.0,0,0,0,0.0,0,0,0,0.0,0,0,0,0.0,0,0,0,0.0,0,0,0,0.0,1320,250,379,1949.0
2026,March,GOA,NORTH GOA,158500600024,SIDHARTH K. SHETVARGAONKAR-24 FPS,139,139,0,0,137,0,0,137,2,0,0,2,137,0,0,137,2,0,0,2,0,0,0,0.0,2.665,0,0,2.665,2665,0,0,2665.0,0,0,0,0.0,0,0,0,0.0,0,0,0,0.0,0,0,0,0.0,0,0,0,0.0,0,0,0,0.0,0,0,0,0.0,2665,0,0,2665.0
2026,March,GOA,NORTH GOA,158500600037,RAJESH STORE-38 FPS,8,8,0,0,3,5,0,8,0,0,0,0,3,5,0,8,0,0,0,0,0,0,0,0.0,0.04,0.07,0,0.11,40,70,0,110.0,0,0,0,0.0,0,0,0,0.0,0,0,0,0.0,0,0,0,0.0,0,0,0,0.0,0,0,0,0.0,0,0,0,0.0,40,70,0,110.0
2026,March,GOA,NORTH GOA,158500600046,PRAKASH STORES-54 FPS,97,97,0,0,69,3,21,93,1,0,3,4,69,3,21,93,1,0,3,4,0,0,0,0.0,1.355,0.045,0.525,1.925,1355,45,525,1925.0,0,0,0,0.0,0,0,0,0.0,0,0,0,0.0,0,0,0,0.0,0,0,0,0.0,0,0,0,0.0,0,0,0,0.0,1355,45,525,1925.0
2026,March,GOA,NORTH GOA,158500600047,PREMAKANT A NAIK-57 FPS,25,25,0,0,25,0,0,25,0,0,0,0,25,0,0,25,0,0,0,0,0,0,0,0.0,0.405,0,0,0.405,405,0,0,405.0,0,0,0,0.0,0,0,0,0.0,0,0,0,0.0,0,0,0,0.0,0,0,0,0.0,0,0,0,0.0,0,0,0,0.0,405,0,0,405.0
2026,March,GOA,NORTH GOA,158500600053,MAHESH A CHODANKAR-69 FPS,9,9,0,0,8,0,0,8,1,0,0,1,8,0,0,8,1,0,0,1,0,0,0,0.0,0.17,0,0,0.17,170,0,0,170.0,0,0,0,0.0,0,0,0,0.0,0,0,0,0.0,0,0,0,0.0,0,0,0,0.0,0,0,0,0.0,0,0,0,0.0,170,0,0,170.0
2026,March,GOA,NORTH GOA,158500600063,SUJAY VASANT NAIK-77 FPS,4,4,0,0,1,3,0,4,0,0,0,0,1,3,0,4,0,0,0,0,0,0,0,0.0,0.015,0.04,0,0.055,15,40,0,55.0,0,0,0,0.0,0,0,0,0.0,0,0,0,0.0,0,0,0,0.0,0,0,0,0.0,0,0,0,0.0,0,0,0,0.0,15,40,0,55.0
2026,March,GOA,NORTH GOA,158500600065,SHRI GANESH-66 FPS,238,238,0,0,133,68,25,226,6,2,4,12,133,68,25,226,6,2,4,12,0,0,0,0.0,2.535,1.365,0.615,4.515,2535,1365,615,4515.0,0,0,0,0.0,0,0,0,0.0,0,0,0,0.0,0,0,0,0.0,0,0,0,0.0,0,0,0,0.0,0,0,0,0.0,2535,1365,615,4515.0
2026,March,GOA,NORTH GOA,158500600066,SUBIJ DATTARAM PARULEKAR-14 FPS,196,196,0,0,175,5,8,188,5,0,3,8,175,5,8,188,5,0,3,8,0,0,0,0.0,4.065,0.095,0.26,4.42,4065,95,260,4420.0,0,0,0,0.0,0,0,0,0.0,0,0,0,0.0,0,0,0,0.0,0,0,0,0.0,0,0,0,0.0,0,0,0,0.0,4065,95,260,4420.0
2026,March,GOA,NORTH GOA,158500600067,PUSHPA R NAIK-18 FPS,30,30,0,0,28,2,0,30,0,0,0,0,28,2,0,30,0,0,0,0,0,0,0,0.0,0.515,0.015,0,0.53,515,15,0,530.0,0,0,0,0.0,0,0,0,0.0,0,0,0,0.0,0,0,0,0.0,0,0,0,0.0,0,0,0,0.0,0,0,0,0.0,515,15,0,530.0
2026,March,GOA,NORTH GOA,158500600068,A N GOVENKAR-21 FPS,66,66,0,0,10,47,0,57,2,7,0,9,10,47,0,57,2,7,0,9,0,0,0,0.0,0.24,1.175,0,1.415,240,1175,0,1415.0,0,0,0,0.0,0,0,0,0.0,0,0,0,0.0,0,0,0,0.0,0,0,0,0.0,0,0,0,0.0,0,0,0,0.0,240,1175,0,1415.0
2026,March,GOA,NORTH GOA,158500600069,SURESH V BORKAR-26 FPS,91,91,0,0,80,1,0,81,10,0,0,10,80,1,0,81,10,0,0,10,0,0,0,0.0,1.885,0.025,0,1.91,1885,25,0,1910.0,0,0,0,0.0,0,0,0,0.0,0,0,0,0.0,0,0,0,0.0,0,0,0,0.0,0,0,0,0.0,0,0,0,0.0,1885,25,0,1910.0
2026,March,GOA,NORTH GOA,158500600070,PRIYANKA PANDURANG SHET-27 FPS,285,285,0,0,276,0,0,276,9,0,0,9,275,0,0,275,9,0,0,9,0,0,0,0.0,4.86,0,0,4.86,4860,0,0,4860.0,0,0,0,0.0,0,0,0,0.0,0,0,0,0.0,0,0,0,0.0,0,0,0,0.0,0,0,0,0.0,0,0,0,0.0,4860,0,0,4860.0
2026,March,GOA,NORTH GOA,158500600071,SHETKARI ADARSH V K S S STY-29 FPS,243,243,0,0,194,1,0,195,48,0,0,48,194,1,0,195,48,0,0,48,0,0,0,0.0,4.495,0.01,0,4.505,4495,10,0,4505.0,0,0,0,0.0,0,0,0,0.0,0,0,0,0.0,0,0,0,0.0,0,0,0,0.0,0,0,0,0.0,0,0,0,0.0,4495,10,0,4505.0
2026,March,GOA,NORTH GOA,158500600072,P P KARAPURKAR-35 FPS,123,123,0,0,96,1,1,98,24,0,1,25,96,1,1,98,24,0,1,25,0,0,0,0.0,2.51,0.01,0.05,2.57,2510,10,50,2570.0,0,0,0,0.0,0,0,0,0.0,0,0,0,0.0,0,0,0,0.0,0,0,0,0.0,0,0,0,0.0,0,0,0,0.0,2510,10,50,2570.0
2026,March,GOA,NORTH GOA,158500600073,Vivina Vinod Madkaikar -36 FPS,54,54,0,0,53,0,0,53,1,0,0,1,53,0,0,53,1,0,0,1,0,0,0,0.0,1.135,0,0,1.135,1135,0,0,1135.0,0,0,0,0.0,0,0,0,0.0,0,0,0,0.0,0,0,0,0.0,0,0,0,0.0,0,0,0,0.0,0,0,0,0.0,1135,0,0,1135.0
2026,March,GOA,NORTH GOA,158500600074,VRUNDA NAIK-42 FPS,143,143,0,0,61,66,11,138,2,1,2,5,61,66,11,138,2,1,2,5,0,0,0,0.0,1.24,1.15,0.27,2.66,1240,1150,270,2660.0,0,0,0,0.0,0,0,0,0.0,0,0,0,0.0,0,0,0,0.0,0,0,0,0.0,0,0,0,0.0,0,0,0,0.0,1240,1150,270,2660.0
2026,March,GOA,NORTH GOA,158500600075,SHRI. PRAJAY ALIAS RAMRAI P. NAIK-40 FPS,209,209,0,0,179,1,11,191,18,0,0,18,179,1,11,191,18,0,0,18,0,0,0,0.0,3.87,0.005,0.182,4.057,3870,5,182,4057.0,0,0,0,0.0,0,0,0,0.0,0,0,0,0.0,0,0,0,0.0,0,0,0,0.0,0,0,0,0.0,0,0,0,0.0,3870,5,182,4057.0
2026,March,GOA,NORTH GOA,158500600076,NAMDEV K .NAIK-49 FPS,217,217,0,0,101,52,31,184,21,7,5,33,101,52,31,184,21,7,5,33,0,0,0,0.0,2.595,1.155,0.8,4.55,2595,1155,800,4550.0,0,0,0,0.0,0,0,0,0.0,0,0,0,0.0,0,0,0,0.0,0,0,0,0.0,0,0,0,0.0,0,0,0,0.0,2595,1155,800,4550.0
2026,March,GOA,NORTH GOA,158500600077,RAMITA ASHOK SHIRODKAR-50 FPS,213,213,0,0,207,0,0,207,6,0,0,6,207,0,0,207,6,0,0,6,0,0,0,0.0,4.905,0,0,4.905,4905,0,0,4905.0,0,0,0,0.0,0,0,0,0.0,0,0,0,0.0,0,0,0,0.0,0,0,0,0.0,0,0,0,0.0,0,0,0,0.0,4905,0,0,4905.0
2026,March,GOA,NORTH GOA,158500600078,GOMATI P. NAIK-60 FPS,50,50,0,0,40,0,0,40,10,0,0,10,40,0,0,40,10,0,0,10,0,0,0,0.0,1.07,0,0,1.07,1070,0,0,1070.0,0,0,0,0.0,0,0,0,0.0,0,0,0,0.0,0,0,0,0.0,0,0,0,0.0,0,0,0,0.0,0,0,0,0.0,1070,0,0,1070.0
2026,March,GOA,NORTH GOA,158500600079,JUDITH VAZ-64 FPS,90,90,0,0,82,5,0,87,3,0,0,3,82,5,0,87,3,0,0,3,0,0,0,0.0,1.515,0.075,0,1.59,1515,75,0,1590.0,0,0,0,0.0,0,0,0,0.0,0,0,0,0.0,0,0,0,0.0,0,0,0,0.0,0,0,0,0.0,0,0,0,0.0,1515,75,0,1590.0
2026,March,GOA,NORTH GOA,158500600080,PIEDADE SERVICE CO OP SOCIETY PVT LTD-22 FPS,205,205,0,0,167,3,9,179,26,0,0,26,167,3,9,179,26,0,0,26,0,0,0,0.0,3.895,0.055,0.16,4.11,3895,55,160,4110.0,0,0,0,0.0,0,0,0,0.0,0,0,0,0.0,0,0,0,0.0,0,0,0,0.0,0,0,0,0.0,0,0,0,0.0,3895,55,160,4110.0
2026,March,GOA,NORTH GOA,158500600081,VENKATESH A SAWANT-23 FPS,165,165,0,0,140,1,2,143,22,0,0,22,140,1,2,143,22,0,0,22,0,0,0,0.0,3.235,0.005,0.03,3.27,3235,5,30,3270.0,0,0,0,0.0,0,0,0,0.0,0,0,0,0.0,0,0,0,0.0,0,0,0,0.0,0,0,0,0.0,0,0,0,0.0,3235,5,30,3270.0
2026,March,GOA,NORTH GOA,158500600082,AJAY A PAI-28 FPS,86,86,0,0,84,1,0,85,1,0,0,1,84,1,0,85,1,0,0,1,0,0,0,0.0,1.36,0.005,0,1.365,1360,5,0,1365.0,0,0,0,0.0,0,0,0,0.0,0,0,0,0.0,0,0,0,0.0,0,0,0,0.0,0,0,0,0.0,0,0,0,0.0,1360,5,0,1365.0
2026,March,GOA,NORTH GOA,158500600083,Smt. Roshan V. Natekar-37 FPS,31,31,0,0,24,4,2,30,1,0,0,1,24,4,2,30,1,0,0,1,0,0,0,0.0,0.405,0.045,0.035,0.485,405,45,35,485.0,0,0,0,0.0,0,0,0,0.0,0,0,0,0.0,0,0,0,0.0,0,0,0,0.0,0,0,0,0.0,0,0,0,0.0,405,45,35,485.0
2026,March,GOA,NORTH GOA,158500600084,DAMODAR R HOBLE-4 FPS,51,51,0,0,43,0,3,46,3,0,2,5,43,0,3,46,3,0,2,5,0,0,0,0.0,0.79,0,0.125,0.915,790,0,125,915.0,0,0,0,0.0,0,0,0,0.0,0,0,0,0.0,0,0,0,0.0,0,0,0,0.0,0,0,0,0.0,0,0,0,0.0,790,0,125,915.0
2026,March,GOA,NORTH GOA,158500600086,REENA PILANKAR-8 FPS,109,109,0,0,42,20,42,104,0,0,5,5,42,20,42,104,0,0,5,5,0,0,0,0.0,0.875,0.375,1.056,2.306,875,375,1056,2306.0,0,0,0,0.0,0,0,0,0.0,0,0,0,0.0,0,0,0,0.0,0,0,0,0.0,0,0,0,0.0,0,0,0,0.0,875,375,1056,2306.0
2026,March,GOA,NORTH GOA,158500600087,JANATA CONSUMER CO OP STY-9 FPS,50,50,0,0,38,1,7,46,3,0,1,4,38,1,7,46,3,0,1,4,0,0,0,0.0,0.76,0.03,0.175,0.965,760,30,175,965.0,0,0,0,0.0,0,0,0,0.0,0,0,0,0.0,0,0,0,0.0,0,0,0,0.0,0,0,0,0.0,0,0,0,0.0,760,30,175,965.0
2026,March,GOA,NORTH GOA,158500600088,KRISHNA V KUDNEKAR-10 FPS,151,151,0,0,90,1,54,145,0,0,6,6,89,1,54,144,0,0,6,6,0,0,0,0.0,1.775,0.015,1.3,3.09,1775,15,1300,3090.0,0,0,0,0.0,0,0,0,0.0,0,0,0,0.0,0,0,0,0.0,0,0,0,0.0,0,0,0,0.0,0,0,0,0.0,1775,15,1300,3090.0
2026,March,GOA,NORTH GOA,158500600090,LAVU RAGHUVIR HOBLE-15 FPS,68,68,0,0,54,9,0,63,5,0,0,5,54,9,0,63,5,0,0,5,0,0,0,0.0,1.3,0.16,0,1.46,1300,160,0,1460.0,0,0,0,0.0,0,0,0,0.0,0,0,0,0.0,0,0,0,0.0,0,0,0,0.0,0,0,0,0.0,0,0,0,0.0,1300,160,0,1460.0
2026,March,GOA,NORTH GOA,158500600091,RUKMA R.P MHAMBREY-13 FPS,105,105,0,0,92,3,7,102,3,0,0,3,92,3,7,102,3,0,0,3,0,0,0,0.0,1.61,0.055,0.145,1.81,1610,55,145,1810.0,0,0,0,0.0,0,0,0,0.0,0,0,0,0.0,0,0,0,0.0,0,0,0,0.0,0,0,0,0.0,0,0,0,0.0,1610,55,145,1810.0
2026,March,GOA,NORTH GOA,158500600092,RADHAKRISHNA STORES-16 FPS,289,289,0,0,240,9,27,276,11,0,2,13,240,9,26,275,11,0,2,13,0,0,0,0.0,6.165,0.21,0.555,6.93,6165,210,555,6930.0,0,0,0,0.0,0,0,0,0.0,0,0,0,0.0,0,0,0,0.0,0,0,0,0.0,0,0,0,0.0,0,0,0,0.0,6165,210,555,6930.0
2026,March,GOA,NORTH GOA,158500600093,SANDEEP S BHONSULE-17 FPS,24,24,0,0,2,17,0,19,5,0,0,5,2,17,0,19,5,0,0,5,0,0,0,0.0,0.195,0.395,0,0.59,195,395,0,590.0,0,0,0,0.0,0,0,0,0.0,0,0,0,0.0,0,0,0,0.0,0,0,0,0.0,0,0,0,0.0,0,0,0,0.0,195,395,0,590.0
2026,March,GOA,NORTH GOA,158500600094,NILKANTH P PALEKAR-19 FPS,353,353,0,0,163,14,157,334,3,0,16,19,163,14,157,334,3,0,16,19,0,0,0,0.0,3.165,0.27,3.805,7.24,3165,270,3805,7240.0,0,0,0,0.0,0,0,0,0.0,0,0,0,0.0,0,0,0,0.0,0,0,0,0.0,0,0,0,0.0,0,0,0,0.0,3165,270,3805,7240.0
2026,March,GOA,NORTH GOA,158500600095,VASUDEV V KAMAT-30 FPS,116,116,0,0,97,0,1,98,18,0,0,18,97,0,1,98,18,0,0,18,0,0,0,0.0,2.395,0,0.02,2.415,2395,0,20,2415.0,0,0,0,0.0,0,0,0,0.0,0,0,0,0.0,0,0,0,0.0,0,0,0,0.0,0,0,0,0.0,0,0,0,0.0,2395,0,20,2415.0
2026,March,GOA,NORTH GOA,158500600096,NARESH V SHIRODKAR-31 FPS,58,58,0,0,54,0,0,54,4,0,0,4,54,0,0,54,4,0,0,4,0,0,0,0.0,0.975,0,0,0.975,975,0,0,975.0,0,0,0,0.0,0,0,0,0.0,0,0,0,0.0,0,0,0,0.0,0,0,0,0.0,0,0,0,0.0,0,0,0,0.0,975,0,0,975.0
2026,March,GOA,NORTH GOA,158500600097,R M DHOND-32 FPS,19,19,0,0,18,0,0,18,1,0,0,1,18,0,0,18,1,0,0,1,0,0,0,0.0,0.275,0,0,0.275,275,0,0,275.0,0,0,0,0.0,0,0,0,0.0,0,0,0,0.0,0,0,0,0.0,0,0,0,0.0,0,0,0,0.0,0,0,0,0.0,275,0,0,275.0
2026,March,GOA,NORTH GOA,158500600098,GULABI PRABHAKAR NAIK-33 FPS,83,83,0,0,80,1,0,81,2,0,0,2,80,1,0,81,2,0,0,2,0,0,0,0.0,1.41,0.01,0,1.42,1410,10,0,1420.0,0,0,0,0.0,0,0,0,0.0,0,0,0,0.0,0,0,0,0.0,0,0,0,0.0,0,0,0,0.0,0,0,0,0.0,1410,10,0,1420.0
2026,March,GOA,NORTH GOA,158500600100,R K BANDODKAR-41 FPS,100,100,0,0,90,4,2,96,3,0,1,4,90,4,2,96,3,0,1,4,0,0,0,0.0,1.63,0.06,0.075,1.765,1630,60,75,1765.0,0,0,0,0.0,0,0,0,0.0,0,0,0,0.0,0,0,0,0.0,0,0,0,0.0,0,0,0,0.0,0,0,0,0.0,1630,60,75,1765.0
2026,March,GOA,NORTH GOA,158500600102,S S VAINGANKAR-53 FPS,14,14,0,0,13,0,1,14,0,0,0,0,13,0,1,14,0,0,0,0,0,0,0,0.0,0.2,0,0.02,0.22,200,0,20,220.0,0,0,0,0.0,0,0,0,0.0,0,0,0,0.0,0,0,0,0.0,0,0,0,0.0,0,0,0,0.0,0,0,0,0.0,200,0,20,220.0
2026,March,GOA,NORTH GOA,158500600105,PRAKASH U NAIK-75 FPS,6,6,0,0,0,6,0,6,0,0,0,0,0,6,0,6,0,0,0,0,0,0,0,0.0,0,0.125,0,0.125,0,125,0,125.0,0,0,0,0.0,0,0,0,0.0,0,0,0,0.0,0,0,0,0.0,0,0,0,0.0,0,0,0,0.0,0,0,0,0.0,0,125,0,125.0
2026,March,GOA,NORTH GOA,158500600107,AQSHI V K S STY-20 FPS,160,160,0,0,131,0,16,147,12,0,1,13,131,0,16,147,12,0,1,13,0,0,0,0.0,2.815,0,0.32,3.135,2815,0,320,3135.0,0,0,0,0.0,0,0,0,0.0,0,0,0,0.0,0,0,0,0.0,0,0,0,0.0,0,0,0,0.0,0,0,0,0.0,2815,0,320,3135.0
2026,March,GOA,NORTH GOA,158500600549,ULHAS P PALEKAR-59 FPS,22,22,0,0,22,0,0,22,0,0,0,0,22,0,0,22,0,0,0,0,0,0,0,0.0,0.339,0,0,0.339,339,0,0,339.0,0,0,0,0.0,0,0,0,0.0,0,0,0,0.0,0,0,0,0.0,0,0,0,0.0,0,0,0,0.0,0,0,0,0.0,339,0,0,339.0
2026,March,GOA,NORTH GOA,158500600551,SHELLY FERNANDES-25 FPS,177,177,0,0,165,3,1,169,8,0,0,8,165,3,1,169,8,0,0,8,0,0,0,0.0,3.28,0.05,0.015,3.345,3280,50,15,3345.0,0,0,0,0.0,0,0,0,0.0,0,0,0,0.0,0,0,0,0.0,0,0,0,0.0,0,0,0,0.0,0,0,0,0.0,3280,50,15,3345.0
2026,March,GOA,SOUTH GOA,158600100001,ASHA UTTAM FAL DESSAI-2 FPS,562,562,0,0,380,0,0,380,182,0,0,182,380,0,0,380,181,0,0,181,0,0,0,0.0,13.715,0,0,13.715,13715,0,0,13715.0,0,0,0,0.0,0,0,0,0.0,0,0,0,0.0,0,0,0,0.0,0,0,0,0.0,0,0,0,0.0,0,0,0,0.0,13715,0,0,13715.0
2026,March,GOA,SOUTH GOA,158600100002,SHRI GURUDAS RAMA MAHALE-3 FPS,573,573,0,0,545,1,0,546,27,0,0,27,545,1,0,546,27,0,0,27,0,0,0,0.0,10.24,0.01,0,10.25,10240,10,0,10250.0,0,0,0,0.0,0,0,0,0.0,0,0,0,0.0,0,0,0,0.0,0,0,0,0.0,0,0,0,0.0,0,0,0,0.0,10240,10,0,10250.0
2026,March,GOA,SOUTH GOA,158600100003,V.R.SHENVI-9 FPS,560,560,0,0,536,10,5,551,8,1,0,9,536,10,5,551,8,1,0,9,0,0,0,0.0,9.735,0.225,0.09,10.05,9735,225,90,10050.0,0,0,0,0.0,0,0,0,0.0,0,0,0,0.0,0,0,0,0.0,0,0,0,0.0,0,0,0,0.0,0,0,0,0.0,9735,225,90,10050.0
2026,March,GOA,SOUTH GOA,158600100004,VIJOY PURUSHOTTOM NAIQUE-12 FPS,636,636,0,0,609,8,0,617,19,0,0,19,609,8,0,617,19,0,0,19,0,0,0,0.0,13.595,0.11,0,13.705,13595,110,0,13705.0,0,0,0,0.0,0,0,0,0.0,0,0,0,0.0,0,0,0,0.0,0,0,0,0.0,0,0,0,0.0,0,0,0,0.0,13595,110,0,13705.0
2026,March,GOA,SOUTH GOA,158600100005,KRISHNA J VELIP-16 FPS,236,236,0,0,226,1,0,227,9,0,0,9,226,1,0,227,9,0,0,9,0,0,0,0.0,5.55,0.03,0,5.58,5550,30,0,5580.0,0,0,0,0.0,0,0,0,0.0,0,0,0,0.0,0,0,0,0.0,0,0,0,0.0,0,0,0,0.0,0,0,0,0.0,5550,30,0,5580.0
2026,March,GOA,SOUTH GOA,158600100006,SHRI NARAYAN M VELIP-19 FPS,1486,1486,0,0,1306,29,1,1336,149,1,0,150,1305,29,1,1335,149,1,0,150,0,0,0,0.0,32.145,0.77,0.03,32.945,32145,770,30,32945.0,0,0,0,0.0,0,0,0,0.0,0,0,0,0.0,0,0,0,0.0,0,0,0,0.0,0,0,0,0.0,0,0,0,0.0,32145,770,30,32945.0
2026,March,GOA,SOUTH GOA,158600100007,VINITA FAIR PRICE SHOP-23 FPS,232,232,0,0,220,1,0,221,11,0,0,11,219,1,0,220,11,0,0,11,0,0,0,0.0,4.13,0.015,0,4.145,4130,15,0,4145.0,0,0,0,0.0,0,0,0,0.0,0,0,0,0.0,0,0,0,0.0,0,0,0,0.0,0,0,0,0.0,0,0,0,0.0,4130,15,0,4145.0
2026,March,GOA,SOUTH GOA,158600100008,RAMANAND N.S DALAL-24 FPS,179,179,0,0,170,0,1,171,8,0,0,8,170,0,1,171,8,0,0,8,0,0,0,0.0,3.175,0,0.01,3.185,3175,0,10,3185.0,0,0,0,0.0,0,0,0,0.0,0,0,0,0.0,0,0,0,0.0,0,0,0,0.0,0,0,0,0.0,0,0,0,0.0,3175,0,10,3185.0
2026,March,GOA,SOUTH GOA,158600100009,D.V.KAMAT-10 FPS,329,329,0,0,292,0,0,292,37,0,0,37,292,0,0,292,37,0,0,37,0,0,0,0.0,6.425,0,0,6.425,6425,0,0,6425.0,0,0,0,0.0,0,0,0,0.0,0,0,0,0.0,0,0,0,0.0,0,0,0,0.0,0,0,0,0.0,0,0,0,0.0,6425,0,0,6425.0
2026,March,GOA,SOUTH GOA,158600100010,SHASHIKALA R. SHENVI-17 FPS,655,655,0,0,610,14,0,624,31,0,0,31,610,14,0,624,31,0,0,31,0,0,0,0.0,12.755,0.245,0,13.0,12755,245,0,13000.0,0,0,0,0.0,0,0,0,0.0,0,0,0,0.0,0,0,0,0.0,0,0,0,0.0,0,0,0,0.0,0,0,0,0.0,12755,245,0,13000.0
2026,March,GOA,SOUTH GOA,158600100011,SAYED ABDUL KHALIF-18 FPS,251,251,0,0,220,1,3,224,27,0,0,27,220,1,3,224,27,0,0,27,0,0,0,0.0,4.655,0.005,0.065,4.725,4655,5,65,4725.0,0,0,0,0.0,0,0,0,0.0,0,0,0,0.0,0,0,0,0.0,0,0,0,0.0,0,0,0,0.0,0,0,0,0.0,4655,5,65,4725.0
2026,March,GOA,SOUTH GOA,158600100012,CANACONA S K V SOCIETY-21 FPS,229,229,0,0,206,0,1,207,22,0,0,22,206,0,1,207,22,0,0,22,0,0,0,0.0,4.585,0,0.016,4.601,4585,0,16,4601.0,0,0,0,0.0,0,0,0,0.0,0,0,0,0.0,0,0,0,0.0,0,0,0,0.0,0,0,0,0.0,0,0,0,0.0,4585,0,16,4601.0
2026,March,GOA,SOUTH GOA,158600100058,SAYED ABDUL KHALIF-25 FPS,185,185,0,0,152,9,8,169,15,0,1,16,152,9,8,169,15,0,1,16,0,0,0,0.0,3.24,0.145,0.22,3.605,3240,145,220,3605.0,0,0,0,0.0,0,0,0,0.0,0,0,0,0.0,0,0,0,0.0,0,0,0,0.0,0,0,0,0.0,0,0,0,0.0,3240,145,220,3605.0
2026,March,GOA,SOUTH GOA,158600100059,S.S.NAIK-1 FPS,317,317,0,0,290,0,3,293,24,0,0,24,290,0,3,293,24,0,0,24,0,0,0,0.0,6.14,0,0.075,6.215,6140,0,75,6215.0,0,0,0,0.0,0,0,0,0.0,0,0,0,0.0,0,0,0,0.0,0,0,0,0.0,0,0,0,0.0,0,0,0,0.0,6140,0,75,6215.0
2026,March,GOA,SOUTH GOA,158600100060,NITESH KUST GAONKAR  -26 FPS,360,360,0,0,347,0,0,347,13,0,0,13,347,0,0,347,13,0,0,13,0,0,0,0.0,7.365,0,0,7.365,7365,0,0,7365.0,0,0,0,0.0,0,0,0,0.0,0,0,0,0.0,0,0,0,0.0,0,0,0,0.0,0,0,0,0.0,0,0,0,0.0,7365,0,0,7365.0
2026,March,GOA,SOUTH GOA,158600200001,DHARBANDODA VKSS STY LTD-4 FPS,663,663,0,0,612,3,0,615,47,1,0,48,612,3,0,615,47,1,0,48,0,0,0,0.0,13.515,0.07,0,13.585,13515,70,0,13585.0,0,0,0,0.0,0,0,0,0.0,0,0,0,0.0,0,0,0,0.0,0,0,0,0.0,0,0,0,0.0,0,0,0,0.0,13515,70,0,13585.0
2026,March,GOA,SOUTH GOA,158600200002,DHARBANDODA VKSS STY LTD-10 FPS,240,240,0,0,211,4,0,215,25,0,0,25,211,3,0,214,25,0,0,25,0,0,0,0.0,5.21,0.065,0,5.275,5210,65,0,5275.0,0,0,0,0.0,0,0,0,0.0,0,0,0,0.0,0,0,0,0.0,0,0,0,0.0,0,0,0,0.0,0,0,0,0.0,5210,65,0,5275.0
2026,March,GOA,SOUTH GOA,158600200003,SANCORDA V K S S-7 FPS,106,106,0,0,101,0,0,101,5,0,0,5,101,0,0,101,5,0,0,5,0,0,0,0.0,1.917,0,0,1.917,1917,0,0,1917.0,0,0,0,0.0,0,0,0,0.0,0,0,0,0.0,0,0,0,0.0,0,0,0,0.0,0,0,0,0.0,0,0,0,0.0,1917,0,0,1917.0
2026,March,GOA,SOUTH GOA,158600200004,COLLEM.V.K.S.STY-17 FPS,737,737,0,0,713,2,0,715,22,0,0,22,713,2,0,715,22,0,0,22,0,0,0,0.0,14.41,0.045,0,14.455,14410,45,0,14455.0,0,0,0,0.0,0,0,0,0.0,0,0,0,0.0,0,0,0,0.0,0,0,0,0.0,0,0,0,0.0,0,0,0,0.0,14410,45,0,14455.0
2026,March,GOA,SOUTH GOA,158600200005,M.S.TALAULICAR MINE STAFF CONS COOP SOCIETY LTD-6 FPS,257,241,0,16,247,0,0,247,10,0,0,10,247,0,0,247,10,0,0,10,0,0,0,0.0,4.93,0,0,4.93,4930,0,0,4930.0,0,0,0,0.0,0,0,0,0.0,0,0,0,0.0,0,0,0,0.0,0,0,0,0.0,0,0,0,0.0,0,0,0,0.0,4930,0,0,4930.0
2026,March,GOA,SOUTH GOA,158600200006,ANKITA A. DESSAI-8 FPS,161,161,0,0,158,0,0,158,3,0,0,3,158,0,0,158,3,0,0,3,0,0,0,0.0,3.255,0,0,3.255,3255,0,0,3255.0,0,0,0,0.0,0,0,0,0.0,0,0,0,0.0,0,0,0,0.0,0,0,0,0.0,0,0,0,0.0,0,0,0,0.0,3255,0,0,3255.0
2026,March,GOA,SOUTH GOA,158600200007,SANJIVANI SAHAKARI GRAHAK SANSTHA LTD-27 FPS,55,55,0,0,51,1,0,52,3,0,0,3,51,1,0,52,3,0,0,3,0,0,0,0.0,1.055,0.015,0,1.07,1055,15,0,1070.0,0,0,0,0.0,0,0,0,0.0,0,0,0,0.0,0,0,0,0.0,0,0,0,0.0,0,0,0,0.0,0,0,0,0.0,1055,15,0,1070.0
2026,March,GOA,SOUTH GOA,158600200008,SATERI V K S STY-22 FPS,528,528,0,0,488,0,0,488,40,0,0,40,486,0,0,486,40,0,0,40,0,0,0,0.0,10.58,0,0,10.58,10580,0,0,10580.0,0,0,0,0.0,0,0,0,0.0,0,0,0,0.0,0,0,0,0.0,0,0,0,0.0,0,0,0,0.0,0,0,0,0.0,10580,0,0,10580.0
2026,March,GOA,SOUTH GOA,158600200025,SITABAI KAVLEKAR 14 FPS EXT.,283,283,0,0,267,12,0,279,4,0,0,4,266,12,0,278,4,0,0,4,0,0,0,0.0,5.285,0.235,0,5.52,5285,235,0,5520.0,0,0,0,0.0,0,0,0,0.0,0,0,0,0.0,0,0,0,0.0,0,0,0,0.0,0,0,0,0.0,0,0,0,0.0,5285,235,0,5520.0
2026,March,GOA,SOUTH GOA,158600300002,SHANTI ASHOK DEVSHEKHAR-51 FPS,55,55,0,0,54,1,0,55,0,0,0,0,54,1,0,55,0,0,0,0,0,0,0,0.0,1.055,0.01,0,1.065,1055,10,0,1065.0,0,0,0,0.0,0,0,0,0.0,0,0,0,0.0,0,0,0,0.0,0,0,0,0.0,0,0,0,0.0,0,0,0,0.0,1055,10,0,1065.0
2026,March,GOA,SOUTH GOA,158600300003,BERNARDETE GONSALVES-48 FPS,260,260,0,0,215,0,37,252,0,0,8,8,215,0,37,252,0,0,8,8,0,0,0,0.0,3.16,0,1.011,4.171,3160,0,1011,4171.0,0,0,0,0.0,0,0,0,0.0,0,0,0,0.0,0,0,0,0.0,0,0,0,0.0,0,0,0,0.0,0,0,0,0.0,3160,0,1011,4171.0
2026,March,GOA,SOUTH GOA,158600300004,SANTANO GAMA-34 FPS,187,187,0,0,185,1,1,187,0,0,0,0,185,1,1,187,0,0,0,0,0,0,0,0.0,3.15,0.015,0.015,3.18,3150,15,15,3180.0,0,0,0,0.0,0,0,0,0.0,0,0,0,0.0,0,0,0,0.0,0,0,0,0.0,0,0,0,0.0,0,0,0,0.0,3150,15,15,3180.0
2026,March,GOA,SOUTH GOA,158600300005,JIVRAJ T SAVARDEKAR-31 FPS,85,85,0,0,85,0,0,85,0,0,0,0,85,0,0,85,0,0,0,0,0,0,0,0.0,1.855,0,0,1.855,1855,0,0,1855.0,0,0,0,0.0,0,0,0,0.0,0,0,0,0.0,0,0,0,0.0,0,0,0,0.0,0,0,0,0.0,0,0,0,0.0,1855,0,0,1855.0
2026,March,GOA,SOUTH GOA,158600300006,JULIA DIAS-25 FPS,69,69,0,0,69,0,0,69,0,0,0,0,69,0,0,69,0,0,0,0,0,0,0,0.0,1.47,0,0,1.47,1470,0,0,1470.0,0,0,0,0.0,0,0,0,0.0,0,0,0,0.0,0,0,0,0.0,0,0,0,0.0,0,0,0,0.0,0,0,0,0.0,1470,0,0,1470.0
2026,March,GOA,SOUTH GOA,158600300007,SANCOALE CHICALIM SERVICE CO OPERATIVE SOCIETY LTD-17 FPS,229,229,0,0,229,0,0,229,0,0,0,0,229,0,0,229,0,0,0,0,0,0,0,0.0,4.255,0,0,4.255,4255,0,0,4255.0,0,0,0,0.0,0,0,0,0.0,0,0,0,0.0,0,0,0,0.0,0,0,0,0.0,0,0,0,0.0,0,0,0,0.0,4255,0,0,4255.0
2026,March,GOA,SOUTH GOA,158600300008,"CANSAULIM,AROSSIM,CUELIM SERVICE CO OP STY-16 FPS",196,196,0,0,186,0,6,192,0,0,4,4,186,0,6,192,0,0,4,4,0,0,0,0.0,2.635,0,0.235,2.87,2635,0,235,2870.0,0,0,0,0.0,0,0,0,0.0,0,0,0,0.0,0,0,0,0.0,0,0,0,0.0,0,0,0,0.0,0,0,0,0.0,2635,0,235,2870.0
2026,March,GOA,SOUTH GOA,158600300009,SAMPADA M P DESAI-55 FPS,20,20,0,0,3,17,0,20,0,0,0,0,3,17,0,20,0,0,0,0,0,0,0,0.0,0.05,0.29,0,0.34,50,290,0,340.0,0,0,0,0.0,0,0,0,0.0,0,0,0,0.0,0,0,0,0.0,0,0,0,0.0,0,0,0,0.0,0,0,0,0.0,50,290,0,340.0
2026,March,GOA,SOUTH GOA,158600300010,SAGAR VENGURLEKAR-54 FPS,63,63,0,0,56,0,6,62,0,0,1,1,56,0,6,62,0,0,1,1,0,0,0,0.0,1.125,0,0.122,1.247,1125,0,122,1247.0,0,0,0,0.0,0,0,0,0.0,0,0,0,0.0,0,0,0,0.0,0,0,0,0.0,0,0,0,0.0,0,0,0,0.0,1125,0,122,1247.0
2026,March,GOA,SOUTH GOA,158600300011,ROSHAN V CHARI-53 FPS,43,43,0,0,43,0,0,43,0,0,0,0,43,0,0,43,0,0,0,0,0,0,0,0.0,0.81,0,0,0.81,810,0,0,810.0,0,0,0,0.0,0,0,0,0.0,0,0,0,0.0,0,0,0,0.0,0,0,0,0.0,0,0,0,0.0,0,0,0,0.0,810,0,0,810.0
2026,March,GOA,SOUTH GOA,158600300012,CHANDRASHEKHAR PEDNEKAR-50 FPS,114,114,0,0,72,14,25,111,0,0,3,3,72,14,25,111,0,0,3,3,0,0,0,0.0,1.42,0.335,0.568,2.323,1420,335,568,2323.0,0,0,0,0.0,0,0,0,0.0,0,0,0,0.0,0,0,0,0.0,0,0,0,0.0,0,0,0,0.0,0,0,0,0.0,1420,335,568,2323.0
2026,March,GOA,SOUTH GOA,158600300013,VINAYAK DEVSHEKAR-47 FPS,159,159,0,0,99,23,30,152,0,0,7,7,99,23,30,152,0,0,7,7,0,0,0,0.0,2.22,0.465,0.732,3.417,2220,465,732,3417.0,0,0,0,0.0,0,0,0,0.0,0,0,0,0.0,0,0,0,0.0,0,0,0,0.0,0,0,0,0.0,0,0,0,0.0,2220,465,732,3417.0
2026,March,GOA,SOUTH GOA,158600300014,PRAKASH V. NAIK-46 FPS,44,44,0,0,14,30,0,44,0,0,0,0,14,30,0,44,0,0,0,0,0,0,0,0.0,0.3,0.76,0,1.06,300,760,0,1060.0,0,0,0,0.0,0,0,0,0.0,0,0,0,0.0,0,0,0,0.0,0,0,0,0.0,0,0,0,0.0,0,0,0,0.0,300,760,0,1060.0
2026,March,GOA,SOUTH GOA,158600300015,DEVENDRA V SHETYE-42 FPS,65,65,0,0,62,0,3,65,0,0,0,0,62,0,3,65,0,0,0,0,0,0,0,0.0,1.125,0,0.055,1.18,1125,0,55,1180.0,0,0,0,0.0,0,0,0,0.0,0,0,0,0.0,0,0,0,0.0,0,0,0,0.0,0,0,0,0.0,0,0,0,0.0,1125,0,55,1180.0
2026,March,GOA,SOUTH GOA,158600300017,SUJATA U SHETGAONKAR-36 FPS,202,202,0,0,147,10,38,195,0,0,7,7,147,10,38,195,0,0,7,7,0,0,0,0.0,2.83,0.18,0.87,3.88,2830,180,870,3880.0,0,0,0,0.0,0,0,0,0.0,0,0,0,0.0,0,0,0,0.0,0,0,0,0.0,0,0,0,0.0,0,0,0,0.0,2830,180,870,3880.0
2026,March,GOA,SOUTH GOA,158600300018,MRS.ROHINI R GHONSEKAR-33 FPS,90,90,0,0,72,15,3,90,0,0,0,0,72,15,3,90,0,0,0,0,0,0,0,0.0,1.07,0.315,0.032,1.417,1070,315,32,1417.0,0,0,0,0.0,0,0,0,0.0,0,0,0,0.0,0,0,0,0.0,0,0,0,0.0,0,0,0,0.0,0,0,0,0.0,1070,315,32,1417.0
2026,March,GOA,SOUTH GOA,158600300019,RAMESH U REDKAR-29 FPS,95,95,0,0,90,0,4,94,0,0,1,1,90,0,4,94,0,0,1,1,0,0,0,0.0,1.555,0,0.115,1.67,1555,0,115,1670.0,0,0,0,0.0,0,0,0,0.0,0,0,0,0.0,0,0,0,0.0,0,0,0,0.0,0,0,0,0.0,0,0,0,0.0,1555,0,115,1670.0
2026,March,GOA,SOUTH GOA,158600300020,RAMESH S MANDREKAR-28 FPS,17,17,0,0,16,0,1,17,0,0,0,0,16,0,1,17,0,0,0,0,0,0,0,0.0,0.32,0,0.02,0.34,320,0,20,340.0,0,0,0,0.0,0,0,0,0.0,0,0,0,0.0,0,0,0,0.0,0,0,0,0.0,0,0,0,0.0,0,0,0,0.0,320,0,20,340.0
2026,March,GOA,SOUTH GOA,158600300021,MADHUKAR NAIK-24 FPS,221,221,0,0,196,7,18,221,0,0,0,0,196,7,18,221,0,0,0,0,0,0,0,0.0,4.47,0.125,0.36,4.955,4470,125,360,4955.0,0,0,0,0.0,0,0,0,0.0,0,0,0,0.0,0,0,0,0.0,0,0,0,0.0,0,0,0,0.0,0,0,0,0.0,4470,125,360,4955.0
2026,March,GOA,SOUTH GOA,158600300022,KISHOR C N PEDNEKAR-23 FPS,256,256,0,0,144,8,90,242,0,0,14,14,144,8,90,242,0,0,14,14,0,0,0,0.0,3.105,0.13,2.186,5.421,3105,130,2186,5421.0,0,0,0,0.0,0,0,0,0.0,0,0,0,0.0,0,0,0,0.0,0,0,0,0.0,0,0,0,0.0,0,0,0,0.0,3105,130,2186,5421.0
2026,March,GOA,SOUTH GOA,158600300023,MRS SAKSHI S MANJREKAR-20 FPS,41,41,0,0,31,1,7,39,0,0,2,2,31,1,7,39,0,0,2,2,0,0,0,0.0,0.525,0.005,0.246,0.776,525,5,246,776.0,0,0,0,0.0,0,0,0,0.0,0,0,0,0.0,0,0,0,0.0,0,0,0,0.0,0,0,0,0.0,0,0,0,0.0,525,5,246,776.0
2026,March,GOA,SOUTH GOA,158600300025,THE MORMUGAO WATERFRONT WORKERS CONSUMERS CO OP STY LTD-8 FPS,173,173,0,0,139,6,22,167,1,1,4,6,139,6,22,167,1,1,4,6,0,0,0,0.0,2.513,0.175,0.557,3.245,2513,175,557,3245.0,0,0,0,0.0,0,0,0,0.0,0,0,0,0.0,0,0,0,0.0,0,0,0,0.0,0,0,0,0.0,0,0,0,0.0,2513,175,557,3245.0
2026,March,GOA,SOUTH GOA,158600300026,P.D.MELLO A G L CONS CO OP SOCIETY LTD-4 FPS,103,103,0,0,97,6,0,103,0,0,0,0,96,6,0,102,0,0,0,0,0,0,0,0.0,2.155,0.13,0,2.285,2155,130,0,2285.0,0,0,0,0.0,0,0,0,0.0,0,0,0,0.0,0,0,0,0.0,0,0,0,0.0,0,0,0,0.0,0,0,0,0.0,2155,130,0,2285.0
2026,March,GOA,SOUTH GOA,158600300027,THE MORMUGAO WATERFRONT CONSUMERS CO OP STY LTD-3 FPS,65,65,0,0,64,1,0,65,0,0,0,0,64,1,0,65,0,0,0,0,0,0,0,0.0,1.615,0.01,0,1.625,1615,10,0,1625.0,0,0,0,0.0,0,0,0,0.0,0,0,0,0.0,0,0,0,0.0,0,0,0,0.0,0,0,0,0.0,0,0,0,0.0,1615,10,0,1625.0
2026,March,GOA,SOUTH GOA,158600300028,THE MORMUGAO WATERFRONT WORKERS CONS CO OP STY LTD-2 FPS,143,143,0,0,129,6,0,135,8,0,0,8,129,6,0,135,8,0,0,8,0,0,0,0.0,2.335,0.095,0,2.43,2335,95,0,2430.0,0,0,0,0.0,0,0,0,0.0,0,0,0,0.0,0,0,0,0.0,0,0,0,0.0,0,0,0,0.0,0,0,0,0.0,2335,95,0,2430.0
2026,March,GOA,SOUTH GOA,158600300148,MES EMPL.C.C.STY-5 FPS,31,31,0,0,31,0,0,31,0,0,0,0,31,0,0,31,0,0,0,0,0,0,0,0.0,0.62,0,0,0.62,620,0,0,620.0,0,0,0,0.0,0,0,0,0.0,0,0,0,0.0,0,0,0,0.0,0,0,0,0.0,0,0,0,0.0,0,0,0,0.0,620,0,0,620.0
2026,March,GOA,SOUTH GOA,158600300149,GOA SHIPYARD EMP C STY-6 FPS,80,80,0,0,78,2,0,80,0,0,0,0,78,2,0,80,0,0,0,0,0,0,0,0.0,1.245,0.02,0,1.265,1245,20,0,1265.0,0,0,0,0.0,0,0,0,0.0,0,0,0,0.0,0,0,0,0.0,0,0,0,0.0,0,0,0,0.0,0,0,0,0.0,1245,20,0,1265.0
2026,March,GOA,SOUTH GOA,158600300150,CHOWGULE STAFF C C STY-10 FPS,86,86,0,0,63,5,15,83,0,0,3,3,63,5,15,83,0,0,3,3,0,0,0,0.0,0.985,0.07,0.332,1.387,985,70,332,1387.0,0,0,0,0.0,0,0,0,0.0,0,0,0,0.0,0,0,0,0.0,0,0,0,0.0,0,0,0,0.0,0,0,0,0.0,985,70,332,1387.0
2026,March,GOA,SOUTH GOA,158600300151,M M SHETGAONKAR-11 FPS,187,187,0,0,179,2,0,181,6,0,0,6,179,2,0,181,6,0,0,6,0,0,0,0.0,3.33,0.03,0,3.36,3330,30,0,3360.0,0,0,0,0.0,0,0,0,0.0,0,0,0,0.0,0,0,0,0.0,0,0,0,0.0,0,0,0,0.0,0,0,0,0.0,3330,30,0,3360.0
2026,March,GOA,SOUTH GOA,158600300152,VELSAO PALE S C STY-15 FPS,149,149,0,0,140,1,6,147,1,0,1,2,140,1,6,147,1,0,1,2,0,0,0,0.0,2.265,0.015,0.15,2.43,2265,15,150,2430.0,0,0,0,0.0,0,0,0,0.0,0,0,0,0.0,0,0,0,0.0,0,0,0,0.0,0,0,0,0.0,0,0,0,0.0,2265,15,150,2430.0
2026,March,GOA,SOUTH GOA,158600300153,Rama Anant Honawarkar-19 FPS,94,94,0,0,93,1,0,94,0,0,0,0,93,1,0,94,0,0,0,0,0,0,0,0.0,1.935,0.02,0,1.955,1935,20,0,1955.0,0,0,0,0.0,0,0,0,0.0,0,0,0,0.0,0,0,0,0.0,0,0,0,0.0,0,0,0,0.0,0,0,0,0.0,1935,20,0,1955.0
2026,March,GOA,SOUTH GOA,158600300154,CHOWGULE STAFF C C STY-21 FPS,34,34,0,0,34,0,0,34,0,0,0,0,34,0,0,34,0,0,0,0,0,0,0,0.0,0.53,0,0,0.53,530,0,0,530.0,0,0,0,0.0,0,0,0,0.0,0,0,0,0.0,0,0,0,0.0,0,0,0,0.0,0,0,0,0.0,0,0,0,0.0,530,0,0,530.0
2026,March,GOA,SOUTH GOA,158600300155,STANLEY DA SILVA-22 FPS,225,225,0,0,223,0,0,223,2,0,0,2,223,0,0,223,2,0,0,2,0,0,0,0.0,3.99,0,0,3.99,3990,0,0,3990.0,0,0,0,0.0,0,0,0,0.0,0,0,0,0.0,0,0,0,0.0,0,0,0,0.0,0,0,0,0.0,0,0,0,0.0,3990,0,0,3990.0
2026,March,GOA,SOUTH GOA,158600300156,SURESH A. DESSAI-30 FPS,32,32,0,0,32,0,0,32,0,0,0,0,32,0,0,32,0,0,0,0,0,0,0,0.0,0.535,0,0,0.535,535,0,0,535.0,0,0,0,0.0,0,0,0,0.0,0,0,0,0.0,0,0,0,0.0,0,0,0,0.0,0,0,0,0.0,0,0,0,0.0,535,0,0,535.0
2026,March,GOA,SOUTH GOA,158600300157,GANDHI HENRIQUES-35 FPS,51,51,0,0,50,1,0,51,0,0,0,0,50,1,0,51,0,0,0,0,0,0,0,0.0,1,0.01,0,1.01,1000,10,0,1010.0,0,0,0,0.0,0,0,0,0.0,0,0,0,0.0,0,0,0,0.0,0,0,0,0.0,0,0,0,0.0,0,0,0,0.0,1000,10,0,1010.0
2026,March,GOA,SOUTH GOA,158600300160,VILASINI A SHIRODKAR-43 FPS,139,139,0,0,59,32,38,129,0,0,10,10,59,32,38,129,0,0,10,10,0,0,0,0.0,1.16,0.575,1.127,2.862,1160,575,1127,2862.0,0,0,0,0.0,0,0,0,0.0,0,0,0,0.0,0,0,0,0.0,0,0,0,0.0,0,0,0,0.0,0,0,0,0.0,1160,575,1127,2862.0
2026,March,GOA,SOUTH GOA,158600300162,SANDEEP T MANJREKAR-52 FPS,297,297,0,0,214,18,61,293,0,0,4,4,214,18,57,289,0,0,4,4,0,0,0,0.0,4.335,0.325,1.133,5.793,4335,325,1133,5793.0,0,0,0,0.0,0,0,0,0.0,0,0,0,0.0,0,0,0,0.0,0,0,0,0.0,0,0,0,0.0,0,0,0,0.0,4335,325,1133,5793.0
2026,March,GOA,SOUTH GOA,158600300164,SHALINI LUCAS-56 FPS,53,53,0,0,32,21,0,53,0,0,0,0,32,21,0,53,0,0,0,0,0,0,0,0.0,0.59,0.425,0,1.015,590,425,0,1015.0,0,0,0,0.0,0,0,0,0.0,0,0,0,0.0,0,0,0,0.0,0,0,0,0.0,0,0,0,0.0,0,0,0,0.0,590,425,0,1015.0
2026,March,GOA,SOUTH GOA,158600300165,SAVITA G HONAWARKAR-26 FPS,364,364,0,0,315,3,39,357,0,0,7,7,315,3,38,356,0,0,7,7,0,0,0,0.0,5.69,0.05,0.914,6.654,5690,50,914,6654.0,0,0,0,0.0,0,0,0,0.0,0,0,0,0.0,0,0,0,0.0,0,0,0,0.0,0,0,0,0.0,0,0,0,0.0,5690,50,914,6654.0
2026,March,GOA,SOUTH GOA,158600300166,Swarali Purshottam Honawarkar -37 FPS,338,338,0,0,274,1,55,330,0,0,8,8,274,1,55,330,0,0,8,8,0,0,0,0.0,6.08,0.02,1.282,7.382,6080,20,1282,7382.0,0,0,0,0.0,0,0,0,0.0,0,0,0,0.0,0,0,0,0.0,0,0,0,0.0,0,0,0,0.0,0,0,0,0.0,6080,20,1282,7382.0
2026,March,GOA,SOUTH GOA,158600300167,RAMAKANT B SATTARKER-45 FPS,399,399,0,0,331,4,54,389,0,0,10,10,331,4,54,389,0,0,10,10,0,0,0,0.0,7.39,0.075,1.292,8.757,7390,75,1292,8757.0,0,0,0,0.0,0,0,0,0.0,0,0,0,0.0,0,0,0,0.0,0,0,0,0.0,0,0,0,0.0,0,0,0,0.0,7390,75,1292,8757.0
2026,March,GOA,SOUTH GOA,158600400001,Sandeep S. Malkarnekar -8 FPS,475,475,0,0,459,2,0,461,14,0,0,14,459,2,0,461,14,0,0,14,0,0,0,0.0,9.51,0.045,0,9.555,9510,45,0,9555.0,0,0,0,0.0,0,0,0,0.0,0,0,0,0.0,0,0,0,0.0,0,0,0,0.0,0,0,0,0.0,0,0,0,0.0,9510,45,0,9555.0
2026,March,GOA,SOUTH GOA,158600400002,WEST QUEPEM VKSS SOCIETY-18 FPS,710,710,0,0,686,2,0,688,22,0,0,22,686,2,0,688,22,0,0,22,0,0,0,0.0,15.195,0.04,0,15.235,15195,40,0,15235.0,0,0,0,0.0,0,0,0,0.0,0,0,0,0.0,0,0,0,0.0,0,0,0,0.0,0,0,0,0.0,0,0,0,0.0,15195,40,0,15235.0
2026,March,GOA,SOUTH GOA,158600400003,Arjun N. Sawant Dessai-27 FPS,228,0,0,228,215,0,0,215,13,0,0,13,215,0,0,215,13,0,0,13,0,0,0,0.0,4.92,0,0,4.92,4920,0,0,4920.0,0,0,0,0.0,0,0,0,0.0,0,0,0,0.0,0,0,0,0.0,0,0,0,0.0,0,0,0,0.0,0,0,0,0.0,4920,0,0,4920.0
2026,March,GOA,SOUTH GOA,158600400004,Ashok R.Pai Dukle-3 FPS,684,684,0,0,532,45,55,632,45,2,5,52,532,45,55,632,45,2,5,52,0,0,0,0.0,12.69,0.805,1.29,14.785,12690,805,1290,14785.0,0,0,0,0.0,0,0,0,0.0,0,0,0,0.0,0,0,0,0.0,0,0,0,0.0,0,0,0,0.0,0,0,0,0.0,12690,805,1290,14785.0
2026,March,GOA,SOUTH GOA,158600400005,ANAND B.N.DESSAI-20 FPS,348,348,0,0,333,5,5,343,5,0,0,5,333,5,5,343,5,0,0,5,0,0,0,0.0,6.66,0.06,0.07,6.79,6660,60,70,6790.0,0,0,0,0.0,0,0,0,0.0,0,0,0,0.0,0,0,0,0.0,0,0,0,0.0,0,0,0,0.0,0,0,0,0.0,6660,60,70,6790.0
2026,March,GOA,SOUTH GOA,158600400007,Shri Vishal U.G. DESSAI-12 FPS,157,157,0,0,134,8,1,143,13,1,0,14,134,8,1,143,13,1,0,14,0,0,0,0.0,2.715,0.17,0.012,2.897,2715,170,12,2897.0,0,0,0,0.0,0,0,0,0.0,0,0,0,0.0,0,0,0,0.0,0,0,0,0.0,0,0,0,0.0,0,0,0,0.0,2715,170,12,2897.0
2026,March,GOA,SOUTH GOA,158600400008,VINAYAK M. BARSEKAR-19 FPS,498,498,0,0,284,205,0,489,3,6,0,9,284,205,0,489,3,6,0,9,0,0,0,0.0,6.665,4.95,0,11.615,6665,4950,0,11615.0,0,0,0,0.0,0,0,0,0.0,0,0,0,0.0,0,0,0,0.0,0,0,0,0.0,0,0,0,0.0,0,0,0,0.0,6665,4950,0,11615.0
2026,March,GOA,SOUTH GOA,158600400009,North Quepem V.K.S.S. Society Ltd.-9 FPS,577,577,0,0,529,2,0,531,46,0,0,46,529,2,0,531,46,0,0,46,0,0,0,0.0,11.45,0.04,0,11.49,11450,40,0,11490.0,0,0,0,0.0,0,0,0,0.0,0,0,0,0.0,0,0,0,0.0,0,0,0,0.0,0,0,0,0.0,0,0,0,0.0,11450,40,0,11490.0
2026,March,GOA,SOUTH GOA,158600400010,SHAMBU BALSO GAUNS DESSAI-10 FPS,160,160,0,0,138,11,10,159,1,0,0,1,138,11,10,159,1,0,0,1,0,0,0,0.0,2.715,0.18,0.2,3.095,2715,180,200,3095.0,0,0,0,0.0,0,0,0,0.0,0,0,0,0.0,0,0,0,0.0,0,0,0,0.0,0,0,0,0.0,0,0,0,0.0,2715,180,200,3095.0
2026,March,GOA,SOUTH GOA,158600400011,ANAND G. RAUT DESSAI-11 FPS,167,167,0,0,161,1,0,162,5,0,0,5,161,1,0,162,5,0,0,5,0,0,0,0.0,3.15,0.015,0,3.165,3150,15,0,3165.0,0,0,0,0.0,0,0,0,0.0,0,0,0,0.0,0,0,0,0.0,0,0,0,0.0,0,0,0,0.0,0,0,0,0.0,3150,15,0,3165.0
2026,March,GOA,SOUTH GOA,158600400012,KRISHNA S VELIP-17 FPS,211,211,0,0,204,0,0,204,7,0,0,7,204,0,0,204,7,0,0,7,0,0,0,0.0,4.335,0,0,4.335,4335,0,0,4335.0,0,0,0,0.0,0,0,0,0.0,0,0,0,0.0,0,0,0,0.0,0,0,0,0.0,0,0,0,0.0,0,0,0,0.0,4335,0,0,4335.0
2026,March,GOA,SOUTH GOA,158600400013,CHINTUBAI R P DESSAI-4 FPS,529,529,0,0,427,29,0,456,71,2,0,73,427,29,0,456,71,2,0,73,0,0,0,0.0,10.395,0.545,0,10.94,10395,545,0,10940.0,0,0,0,0.0,0,0,0,0.0,0,0,0,0.0,0,0,0,0.0,0,0,0,0.0,0,0,0,0.0,0,0,0,0.0,10395,545,0,10940.0
2026,March,GOA,SOUTH GOA,158600400014,MRS.MANGALA M SHETKAR-24 FPS,49,49,0,0,43,2,0,45,4,0,0,4,43,2,0,45,4,0,0,4,0,0,0,0.0,0.84,0.025,0,0.865,840,25,0,865.0,0,0,0,0.0,0,0,0,0.0,0,0,0,0.0,0,0,0,0.0,0,0,0,0.0,0,0,0,0.0,0,0,0,0.0,840,25,0,865.0
2026,March,GOA,SOUTH GOA,158600400015,SMT. LEOPOLDINA GOMES  e  D`SOUZA-14 FPS,552,552,0,0,506,5,7,518,34,0,0,34,506,5,7,518,34,0,0,34,0,0,0,0.0,11.41,0.11,0.135,11.655,11410,110,135,11655.0,0,0,0,0.0,0,0,0,0.0,0,0,0,0.0,0,0,0,0.0,0,0,0,0.0,0,0,0,0.0,0,0,0,0.0,11410,110,135,11655.0
2026,March,GOA,SOUTH GOA,158600400016,APARNA AMAR SAWANT-5 FPS,314,314,0,0,251,8,0,259,55,0,0,55,251,8,0,259,55,0,0,55,0,0,0,0.0,6.455,0.12,0,6.575,6455,120,0,6575.0,0,0,0,0.0,0,0,0,0.0,0,0,0,0.0,0,0,0,0.0,0,0,0,0.0,0,0,0,0.0,0,0,0,0.0,6455,120,0,6575.0
2026,March,GOA,SOUTH GOA,158600400074,SACHIN M S BHANGUI-6 FPS,423,423,0,0,252,117,0,369,29,25,0,54,252,117,0,369,29,25,0,54,0,0,0,0.0,5.695,2.93,0,8.625,5695,2930,0,8625.0,0,0,0,0.0,0,0,0,0.0,0,0,0,0.0,0,0,0,0.0,0,0,0,0.0,0,0,0,0.0,0,0,0,0.0,5695,2930,0,8625.0
2026,March,GOA,SOUTH GOA,158600400075,SHRIPAD S MARATHE-15 FPS,500,500,0,0,471,6,0,477,23,0,0,23,471,6,0,477,23,0,0,23,0,0,0,0.0,10.76,0.12,0,10.88,10760,120,0,10880.0,0,0,0,0.0,0,0,0,0.0,0,0,0,0.0,0,0,0,0.0,0,0,0,0.0,0,0,0,0.0,0,0,0,0.0,10760,120,0,10880.0
2026,March,GOA,SOUTH GOA,158600400076,32 FPS TEMPORARILY ATTACHED TO SHRI. ASHOK R P DUKLE -03 FPS,34,34,0,0,11,18,0,29,3,2,0,5,11,18,0,29,3,2,0,5,0,0,0,0.0,0.37,0.43,0,0.8,370,430,0,800.0,0,0,0,0.0,0,0,0,0.0,0,0,0,0.0,0,0,0,0.0,0,0,0,0.0,0,0,0,0.0,0,0,0,0.0,370,430,0,800.0
2026,March,GOA,SOUTH GOA,158600400077,RAMESH EKAWADE-1 FPS,204,204,0,0,177,2,0,179,25,0,0,25,177,2,0,179,25,0,0,25,0,0,0,0.0,3.78,0.015,0,3.795,3780,15,0,3795.0,0,0,0,0.0,0,0,0,0.0,0,0,0,0.0,0,0,0,0.0,0,0,0,0.0,0,0,0,0.0,0,0,0,0.0,3780,15,0,3795.0
2026,March,GOA,SOUTH GOA,158600400078,Prakash Balkrishna Fal Dessai-16 FPS,41,41,0,0,39,0,0,39,2,0,0,2,39,0,0,39,2,0,0,2,0,0,0,0.0,0.86,0,0,0.86,860,0,0,860.0,0,0,0,0.0,0,0,0,0.0,0,0,0,0.0,0,0,0,0.0,0,0,0,0.0,0,0,0,0.0,0,0,0,0.0,860,0,0,860.0
2026,March,GOA,SOUTH GOA,158600400079,PRAMOD A. VELIP-21 FPS,274,274,0,0,242,5,0,247,27,0,0,27,242,5,0,247,27,0,0,27,0,0,0,0.0,6.355,0.11,0,6.465,6355,110,0,6465.0,0,0,0,0.0,0,0,0,0.0,0,0,0,0.0,0,0,0,0.0,0,0,0,0.0,0,0,0,0.0,0,0,0,0.0,6355,110,0,6465.0
2026,March,GOA,SOUTH GOA,158600400080,Deepratna Prakash Fadte-23 FPS,198,198,0,0,191,1,0,192,6,0,0,6,191,1,0,192,6,0,0,6,0,0,0,0.0,3.455,0.02,0,3.475,3455,20,0,3475.0,0,0,0,0.0,0,0,0,0.0,0,0,0,0.0,0,0,0,0.0,0,0,0,0.0,0,0,0,0.0,0,0,0,0.0,3455,20,0,3475.0
2026,March,GOA,SOUTH GOA,158600400082,SUDHIR NARAYAN NAIK DESSAI - 35 FPS,212,212,0,0,173,2,0,175,37,0,0,37,173,2,0,175,37,0,0,37,0,0,0,0.0,4.575,0.085,0,4.66,4575,85,0,4660.0,0,0,0,0.0,0,0,0,0.0,0,0,0,0.0,0,0,0,0.0,0,0,0,0.0,0,0,0,0.0,0,0,0,0.0,4575,85,0,4660.0
2026,March,GOA,SOUTH GOA,158600400088,RAYA GANESH NAIK-36 FPS,252,252,0,0,50,108,43,201,20,24,7,51,49,108,43,200,20,24,7,51,0,0,0,0.0,1.543,2.83,1.022,5.395,1543,2830,1022,5395.0,0,0,0,0.0,0,0,0,0.0,0,0,0,0.0,0,0,0,0.0,0,0,0,0.0,0,0,0,0.0,0,0,0,0.0,1543,2830,1022,5395.0
2026,March,GOA,SOUTH GOA,158600400089,SANTOSH GAONKAR,130,130,0,0,122,0,0,122,8,0,0,8,122,0,0,122,8,0,0,8,0,0,0,0.0,3.015,0,0,3.015,3015,0,0,3015.0,0,0,0,0.0,0,0,0,0.0,0,0,0,0.0,0,0,0,0.0,0,0,0,0.0,0,0,0,0.0,0,0,0,0.0,3015,0,0,3015.0
2026,March,GOA,SOUTH GOA,158600400090,DIPTI D JOSHI - 38 FPS,243,243,0,0,213,12,0,225,18,0,0,18,212,12,0,224,18,0,0,18,0,0,0,0.0,4.8,0.2,0,5.0,4800,200,0,5000.0,0,0,0,0.0,0,0,0,0.0,0,0,0,0.0,0,0,0,0.0,0,0,0,0.0,0,0,0,0.0,0,0,0,0.0,4800,200,0,5000.0
2026,March,GOA,SOUTH GOA,158600400091,GOURISH SADANAND KOTHAMBIKAR - 39 FPS,143,143,0,0,126,3,4,133,10,0,0,10,126,3,4,133,10,0,0,10,0,0,0,0.0,2.765,0.065,0.1,2.93,2765,65,100,2930.0,0,0,0,0.0,0,0,0,0.0,0,0,0,0.0,0,0,0,0.0,0,0,0,0.0,0,0,0,0.0,0,0,0,0.0,2765,65,100,2930.0
2026,March,GOA,SOUTH GOA,158600400092,BABU FASOD SHETKAR-  40 FPS,102,102,0,0,88,5,0,93,9,0,0,9,88,5,0,93,8,0,0,8,0,0,0,0.0,2.15,0.1,0,2.25,2150,100,0,2250.0,0,0,0,0.0,0,0,0,0.0,0,0,0,0.0,0,0,0,0.0,0,0,0,0.0,0,0,0,0.0,0,0,0,0.0,2150,100,0,2250.0
2026,March,GOA,SOUTH GOA,158600400093,FPS 41 ATTACHED TO VINAYAK BARCEKAR FPS  19,280,280,0,0,89,180,0,269,5,6,0,11,89,180,0,269,5,6,0,11,0,0,0,0.0,2.28,4.505,0,6.785,2280,4505,0,6785.0,0,0,0,0.0,0,0,0,0.0,0,0,0,0.0,0,0,0,0.0,0,0,0,0.0,0,0,0,0.0,0,0,0,0.0,2280,4505,0,6785.0
2026,March,GOA,SOUTH GOA,158600500001,KUM SUSHMA P.RAIKAR-89 FPS,645,645,0,0,615,15,14,644,0,0,1,1,613,15,14,642,0,0,1,1,0,0,0,0.0,11.19,0.29,0.3,11.78,11190,290,300,11780.0,0,0,0,0.0,0,0,0,0.0,0,0,0,0.0,0,0,0,0.0,0,0,0,0.0,0,0,0,0.0,0,0,0,0.0,11190,290,300,11780.0
2026,March,GOA,SOUTH GOA,158600500002,CONCEICAO D COSTA-87 FPS,67,67,0,0,65,2,0,67,0,0,0,0,65,2,0,67,0,0,0,0,0,0,0,0.0,1.16,0.03,0,1.19,1160,30,0,1190.0,0,0,0,0.0,0,0,0,0.0,0,0,0,0.0,0,0,0,0.0,0,0,0,0.0,0,0,0,0.0,0,0,0,0.0,1160,30,0,1190.0
2026,March,GOA,SOUTH GOA,158600500003,IDALINA RATOS-82 FPS,88,88,0,0,22,66,0,88,0,0,0,0,22,66,0,88,0,0,0,0,0,0,0,0.0,0.435,1.515,0,1.95,435,1515,0,1950.0,0,0,0,0.0,0,0,0,0.0,0,0,0,0.0,0,0,0,0.0,0,0,0,0.0,0,0,0,0.0,0,0,0,0.0,435,1515,0,1950.0
2026,March,GOA,SOUTH GOA,158600500004,ELIZABETH DIAS-80 FPS,125,125,0,0,121,2,0,123,2,0,0,2,121,2,0,123,2,0,0,2,0,0,0,0.0,2.185,0.015,0,2.2,2185,15,0,2200.0,0,0,0,0.0,0,0,0,0.0,0,0,0,0.0,0,0,0,0.0,0,0,0,0.0,0,0,0,0.0,0,0,0,0.0,2185,15,0,2200.0
2026,March,GOA,SOUTH GOA,158600500005,PRADEEP DESSAI-79 FPS,190,190,0,0,176,9,5,190,0,0,0,0,176,9,5,190,0,0,0,0,0,0,0,0.0,3.265,0.185,0.097,3.547,3265,185,97,3547.0,0,0,0,0.0,0,0,0,0.0,0,0,0,0.0,0,0,0,0.0,0,0,0,0.0,0,0,0,0.0,0,0,0,0.0,3265,185,97,3547.0
2026,March,GOA,SOUTH GOA,158600500006,SUSHMA M. LOTLIKAR-77 FPS,160,160,0,0,142,10,8,160,0,0,0,0,142,10,8,160,0,0,0,0,0,0,0,0.0,3.035,0.215,0.15,3.4,3035,215,150,3400.0,0,0,0,0.0,0,0,0,0.0,0,0,0,0.0,0,0,0,0.0,0,0,0,0.0,0,0,0,0.0,0,0,0,0.0,3035,215,150,3400.0
2026,March,GOA,SOUTH GOA,158600500008,MANGALA P.VERLEKAR-67 FPS,54,54,0,0,41,13,0,54,0,0,0,0,41,13,0,54,0,0,0,0,0,0,0,0.0,0.745,0.2,0,0.945,745,200,0,945.0,0,0,0,0.0,0,0,0,0.0,0,0,0,0.0,0,0,0,0.0,0,0,0,0.0,0,0,0,0.0,0,0,0,0.0,745,200,0,945.0
2026,March,GOA,SOUTH GOA,158600500009,NAGOA VERNA S.C. SOCIETY-65 FPS,323,323,0,0,323,0,0,323,0,0,0,0,323,0,0,323,0,0,0,0,0,0,0,0.0,5.93,0,0,5.93,5930,0,0,5930.0,0,0,0,0.0,0,0,0,0.0,0,0,0,0.0,0,0,0,0.0,0,0,0,0.0,0,0,0,0.0,0,0,0,0.0,5930,0,0,5930.0
2026,March,GOA,SOUTH GOA,158600500010,U D KAMAT-59 FPS,407,407,0,0,399,8,0,407,0,0,0,0,399,8,0,407,0,0,0,0,0,0,0,0.0,7.79,0.145,0,7.935,7790,145,0,7935.0,0,0,0,0.0,0,0,0,0.0,0,0,0,0.0,0,0,0,0.0,0,0,0,0.0,0,0,0,0.0,0,0,0,0.0,7790,145,0,7935.0
2026,March,GOA,SOUTH GOA,158600500012,THE ADARSH MULTI CO OP STY-50 FPS,960,960,0,0,829,20,109,958,2,0,0,2,829,20,109,958,2,0,0,2,0,0,0,0.0,17.425,0.31,2.287,20.022,17425,310,2287,20022.0,0,0,0,0.0,0,0,0,0.0,0,0,0,0.0,0,0,0,0.0,0,0,0,0.0,0,0,0,0.0,0,0,0,0.0,17425,310,2287,20022.0
2026,March,GOA,SOUTH GOA,158600500013,UNIFIR CO-OP. STY-49 FPS,187,187,0,0,182,4,0,186,1,0,0,1,182,4,0,186,1,0,0,1,0,0,0,0.0,3.34,0.07,0,3.41,3340,70,0,3410.0,0,0,0,0.0,0,0,0,0.0,0,0,0,0.0,0,0,0,0.0,0,0,0,0.0,0,0,0,0.0,0,0,0,0.0,3340,70,0,3410.0
2026,March,GOA,SOUTH GOA,158600500014,UNIFIR CONS. COOP STY.-48 FPS,233,233,0,0,213,5,13,231,1,0,1,2,213,5,13,231,1,0,1,2,0,0,0,0.0,4.02,0.09,0.275,4.385,4020,90,275,4385.0,0,0,0,0.0,0,0,0,0.0,0,0,0,0.0,0,0,0,0.0,0,0,0,0.0,0,0,0,0.0,0,0,0,0.0,4020,90,275,4385.0
2026,March,GOA,SOUTH GOA,158600500015,RAIA RACHOL SERVICE COOP STY LTD-46 FPS,332,332,0,0,312,13,6,331,0,0,1,1,312,13,6,331,0,0,1,1,0,0,0,0.0,6.05,0.24,0.14,6.43,6050,240,140,6430.0,0,0,0,0.0,0,0,0,0.0,0,0,0,0.0,0,0,0,0.0,0,0,0,0.0,0,0,0,0.0,0,0,0,0.0,6050,240,140,6430.0
2026,March,GOA,SOUTH GOA,158600500016,RAIA RACHOL SERVICE CO-OP STY LTD-45,420,420,0,0,397,20,3,420,0,0,0,0,397,20,3,420,0,0,0,0,0,0,0,0.0,7.7,0.39,0.045,8.135,7700,390,45,8135.0,0,0,0,0.0,0,0,0,0.0,0,0,0,0.0,0,0,0,0.0,0,0,0,0.0,0,0,0,0.0,0,0,0,0.0,7700,390,45,8135.0
2026,March,GOA,SOUTH GOA,158600500018,CHANDOR GUIR SERVICE STY-39 FPS,488,488,0,0,485,0,0,485,3,0,0,3,485,0,0,485,3,0,0,3,0,0,0,0.0,8.385,0,0,8.385,8385,0,0,8385.0,0,0,0,0.0,0,0,0,0.0,0,0,0,0.0,0,0,0,0.0,0,0,0,0.0,0,0,0,0.0,0,0,0,0.0,8385,0,0,8385.0
2026,March,GOA,SOUTH GOA,158600500020,SHRINATH P KAMATH-37 FPS,217,217,0,0,215,0,0,215,2,0,0,2,215,0,0,215,2,0,0,2,0,0,0,0.0,4.205,0,0,4.205,4205,0,0,4205.0,0,0,0,0.0,0,0,0,0.0,0,0,0,0.0,0,0,0,0.0,0,0,0,0.0,0,0,0,0.0,0,0,0,0.0,4205,0,0,4205.0
2026,March,GOA,SOUTH GOA,158600500021,RIMA DATTAPRASAD VERNEKAR -35 FPS,35,35,0,0,26,9,0,35,0,0,0,0,26,9,0,35,0,0,0,0,0,0,0,0.0,0.435,0.2,0,0.635,435,200,0,635.0,0,0,0,0.0,0,0,0,0.0,0,0,0,0.0,0,0,0,0.0,0,0,0,0.0,0,0,0,0.0,0,0,0,0.0,435,200,0,635.0
2026,March,GOA,SOUTH GOA,158600500022,Dattaprasad N Vernekar-34 FPS,67,67,0,0,48,18,0,66,1,0,0,1,48,18,0,66,1,0,0,1,0,0,0,0.0,1.065,0.37,0,1.435,1065,370,0,1435.0,0,0,0,0.0,0,0,0,0.0,0,0,0,0.0,0,0,0,0.0,0,0,0,0.0,0,0,0,0.0,0,0,0,0.0,1065,370,0,1435.0
2026,March,GOA,SOUTH GOA,158600500023,YESHWANT DESSAI-33 FPS,154,154,0,0,39,54,52,145,0,1,8,9,39,54,52,145,0,1,8,9,0,0,0,0.0,0.64,1.125,1.354,3.119,640,1125,1354,3119.0,0,0,0,0.0,0,0,0,0.0,0,0,0,0.0,0,0,0,0.0,0,0,0,0.0,0,0,0,0.0,0,0,0,0.0,640,1125,1354,3119.0
2026,March,GOA,SOUTH GOA,158600500024,V K S SOCIETY-32 FPS,402,402,0,0,394,4,0,398,4,0,0,4,394,4,0,398,4,0,0,4,0,0,0,0.0,7.575,0.075,0,7.65,7575,75,0,7650.0,0,0,0,0.0,0,0,0,0.0,0,0,0,0.0,0,0,0,0.0,0,0,0,0.0,0,0,0,0.0,0,0,0,0.0,7575,75,0,7650.0
2026,March,GOA,SOUTH GOA,158600500029,CHINCHINIM SARZORA VKSS SOCIETY- 26 FPS,407,407,0,0,392,14,0,406,1,0,0,1,391,14,0,405,1,0,0,1,0,0,0,0.0,7.285,0.205,0,7.49,7285,205,0,7490.0,0,0,0,0.0,0,0,0,0.0,0,0,0,0.0,0,0,0,0.0,0,0,0,0.0,0,0,0,0.0,0,0,0,0.0,7285,205,0,7490.0
2026,March,GOA,SOUTH GOA,158600500030,DRAMAPUR SIRLIM CO-OP SOCIETY-25 FPS,226,226,0,0,213,1,12,226,0,0,0,0,213,1,12,226,0,0,0,0,0,0,0,0.0,4.005,0.03,0.21,4.245,4005,30,210,4245.0,0,0,0,0.0,0,0,0,0.0,0,0,0,0.0,0,0,0,0.0,0,0,0,0.0,0,0,0,0.0,0,0,0,0.0,4005,30,210,4245.0
2026,March,GOA,SOUTH GOA,158600500031,NAVELIM TELAULIM CO-OP SOCIETY-24 FPS,214,214,0,0,195,10,6,211,3,0,0,3,195,10,6,211,3,0,0,3,0,0,0,0.0,3.59,0.235,0.12,3.945,3590,235,120,3945.0,0,0,0,0.0,0,0,0,0.0,0,0,0,0.0,0,0,0,0.0,0,0,0,0.0,0,0,0,0.0,0,0,0,0.0,3590,235,120,3945.0
2026,March,GOA,SOUTH GOA,158600500032,NAVELIM TELAULIM CO-OP SOCIETY LTD-23 FPS,667,667,0,0,601,29,29,659,3,0,5,8,601,28,29,658,3,0,5,8,0,0,0,0.0,11.68,0.435,0.685,12.8,11680,435,685,12800.0,0,0,0,0.0,0,0,0,0.0,0,0,0,0.0,0,0,0,0.0,0,0,0,0.0,0,0,0,0.0,0,0,0,0.0,11680,435,685,12800.0
2026,March,GOA,SOUTH GOA,158600500033,NAVELIM TELAULIM CO-OP SOCIETY-22 FPS,240,240,0,0,135,62,35,232,0,0,8,8,135,62,35,232,0,0,8,8,0,0,0,0.0,2.97,1.535,0.935,5.44,2970,1535,935,5440.0,0,0,0,0.0,0,0,0,0.0,0,0,0,0.0,0,0,0,0.0,0,0,0,0.0,0,0,0,0.0,0,0,0,0.0,2970,1535,935,5440.0
2026,March,GOA,SOUTH GOA,158600500035,SHOHA S BHAGAT-11 FPS,121,121,0,0,112,8,1,121,0,0,0,0,112,8,1,121,0,0,0,0,0,0,0,0.0,2.05,0.17,0.03,2.25,2050,170,30,2250.0,0,0,0,0.0,0,0,0,0.0,0,0,0,0.0,0,0,0,0.0,0,0,0,0.0,0,0,0,0.0,0,0,0,0.0,2050,170,30,2250.0
2026,March,GOA,SOUTH GOA,158600500037,ADARSH MULTI CO-OP SOCIETY LTD MARGAO-1 FPS,367,367,0,0,346,4,16,366,0,0,1,1,345,4,16,365,0,0,1,1,0,0,0,0.0,7.045,0.065,0.335,7.445,7045,65,335,7445.0,0,0,0,0.0,0,0,0,0.0,0,0,0,0.0,0,0,0,0.0,0,0,0,0.0,0,0,0,0.0,0,0,0,0.0,7045,65,335,7445.0
2026,March,GOA,SOUTH GOA,158600500038,MRS.ANUPAMA DAMODAR NAIK-90 FPS,350,350,0,0,303,11,34,348,1,0,1,2,303,11,34,348,1,0,1,2,0,0,0,0.0,6.97,0.14,0.656,7.766,6970,140,656,7766.0,0,0,0,0.0,0,0,0,0.0,0,0,0,0.0,0,0,0,0.0,0,0,0,0.0,0,0,0,0.0,0,0,0,0.0,6970,140,656,7766.0
2026,March,GOA,SOUTH GOA,158600500041,PRITIDAS PRABHAKER LOTLIKER-57 FPS,92,92,0,0,87,5,0,92,0,0,0,0,87,5,0,92,0,0,0,0,0,0,0,0.0,1.725,0.08,0,1.805,1725,80,0,1805.0,0,0,0,0.0,0,0,0,0.0,0,0,0,0.0,0,0,0,0.0,0,0,0,0.0,0,0,0,0.0,0,0,0,0.0,1725,80,0,1805.0
2026,March,GOA,SOUTH GOA,158600500042,Kamlabai Krishnanath Poi Kakode -55 FPS,187,187,0,0,54,74,54,182,1,1,3,5,54,74,54,182,1,1,3,5,0,0,0,0.0,1.075,1.34,1.161,3.576,1075,1340,1161,3576.0,0,0,0,0.0,0,0,0,0.0,0,0,0,0.0,0,0,0,0.0,0,0,0,0.0,0,0,0,0.0,0,0,0,0.0,1075,1340,1161,3576.0
2026,March,GOA,SOUTH GOA,158600500043,MAJORDA UTORDA CALATA V K S STY LTD-47 FPS,443,443,0,0,398,13,28,439,0,0,4,4,398,13,28,439,0,0,4,4,0,0,0,0.0,7.015,0.195,0.72,7.93,7015,195,720,7930.0,0,0,0,0.0,0,0,0,0.0,0,0,0,0.0,0,0,0,0.0,0,0,0,0.0,0,0,0,0.0,0,0,0,0.0,7015,195,720,7930.0
2026,March,GOA,SOUTH GOA,158600500044,CURTORIM SERVICE CO OP STY LTD-43 FPS,178,178,0,0,174,4,0,178,0,0,0,0,174,4,0,178,0,0,0,0,0,0,0,0.0,3.275,0.05,0,3.325,3275,50,0,3325.0,0,0,0,0.0,0,0,0,0.0,0,0,0,0.0,0,0,0,0.0,0,0,0,0.0,0,0,0,0.0,0,0,0,0.0,3275,50,0,3325.0
2026,March,GOA,SOUTH GOA,158600500045,CURTORIM SERVICE CO OP STY LTD-42 FPS,102,102,0,0,100,2,0,102,0,0,0,0,100,2,0,102,0,0,0,0,0,0,0,0.0,1.875,0.03,0,1.905,1875,30,0,1905.0,0,0,0,0.0,0,0,0,0.0,0,0,0,0.0,0,0,0,0.0,0,0,0,0.0,0,0,0,0.0,0,0,0,0.0,1875,30,0,1905.0
2026,March,GOA,SOUTH GOA,158600500046,CURTORIM SERVICE CO OP STY LTD-41 FPS,397,397,0,0,376,3,18,397,0,0,0,0,375,3,18,396,0,0,0,0,0,0,0,0.0,7.22,0.06,0.362,7.642,7220,60,362,7642.0,0,0,0,0.0,0,0,0,0.0,0,0,0,0.0,0,0,0,0.0,0,0,0,0.0,0,0,0,0.0,0,0,0,0.0,7220,60,362,7642.0
2026,March,GOA,SOUTH GOA,158600500047,DAVORLIM DICAUPALE S STY-40 FPS,99,99,0,0,93,6,0,99,0,0,0,0,93,6,0,99,0,0,0,0,0,0,0,0.0,2.045,0.105,0,2.15,2045,105,0,2150.0,0,0,0,0.0,0,0,0,0.0,0,0,0,0.0,0,0,0,0.0,0,0,0,0.0,0,0,0,0.0,0,0,0,0.0,2045,105,0,2150.0
2026,March,GOA,SOUTH GOA,158600500049,Supriya alias Priya Lotlikar-21 FPS,140,140,0,0,135,5,0,140,0,0,0,0,135,5,0,140,0,0,0,0,0,0,0,0.0,2.635,0.075,0,2.71,2635,75,0,2710.0,0,0,0,0.0,0,0,0,0.0,0,0,0,0.0,0,0,0,0.0,0,0,0,0.0,0,0,0,0.0,0,0,0,0.0,2635,75,0,2710.0
2026,March,GOA,SOUTH GOA,158600500050,A MARCOS DSILVA-29 FPS,264,264,0,0,252,11,0,263,0,0,1,1,252,11,0,263,0,0,1,1,0,0,0,0.0,4.48,0.2,0.035,4.715,4480,200,35,4715.0,0,0,0,0.0,0,0,0,0.0,0,0,0,0.0,0,0,0,0.0,0,0,0,0.0,0,0,0,0.0,0,0,0,0.0,4480,200,35,4715.0
2026,March,GOA,SOUTH GOA,158600500051,MARGAO GOVT EMPLOYEES CO OP STY-4 FPS,313,313,0,0,255,31,25,311,0,0,2,2,255,31,25,311,0,0,2,2,0,0,0,0.0,4.855,0.625,0.49,5.97,4855,625,490,5970.0,0,0,0,0.0,0,0,0,0.0,0,0,0,0.0,0,0,0,0.0,0,0,0,0.0,0,0,0,0.0,0,0,0,0.0,4855,625,490,5970.0
2026,March,GOA,SOUTH GOA,158600500052,COLVA SERAULIM SOCIETY-15 FPS,360,360,0,0,341,7,12,360,0,0,0,0,341,7,12,360,0,0,0,0,0,0,0,0.0,6.53,0.12,0.225,6.875,6530,120,225,6875.0,0,0,0,0.0,0,0,0,0.0,0,0,0,0.0,0,0,0,0.0,0,0,0,0.0,0,0,0,0.0,0,0,0,0.0,6530,120,225,6875.0
2026,March,GOA,SOUTH GOA,158600500053,VARCA ORLIM SERVICE CO OP SOCIETY LTD-19 FPS,322,322,0,0,318,4,0,322,0,0,0,0,318,4,0,322,0,0,0,0,0,0,0,0.0,5.895,0.065,0,5.96,5895,65,0,5960.0,0,0,0,0.0,0,0,0,0.0,0,0,0,0.0,0,0,0,0.0,0,0,0,0.0,0,0,0,0.0,0,0,0,0.0,5895,65,0,5960.0
2026,March,GOA,SOUTH GOA,158600500055,ROSHAN SILVA-30 FPS,597,597,0,0,554,37,2,593,4,0,0,4,554,37,2,593,4,0,0,4,0,0,0,0.0,10.815,0.65,0.03,11.495,10815,650,30,11495.0,0,0,0,0.0,0,0,0,0.0,0,0,0,0.0,0,0,0,0.0,0,0,0,0.0,0,0,0,0.0,0,0,0,0.0,10815,650,30,11495.0
2026,March,GOA,SOUTH GOA,158600500057,SHUKLA J KENY-36 FPS  (Temporarily attached to FPS-79 Pradeep Dessai),159,159,0,0,155,2,0,157,2,0,0,2,154,2,0,156,2,0,0,2,0,0,0,0.0,3.145,0.035,0,3.18,3145,35,0,3180.0,0,0,0,0.0,0,0,0,0.0,0,0,0,0.0,0,0,0,0.0,0,0,0,0.0,0,0,0,0.0,0,0,0,0.0,3145,35,0,3180.0
2026,March,GOA,SOUTH GOA,158600500058,THE PROGRESSIVE V K STY-53 FPS,267,267,0,0,236,25,6,267,0,0,0,0,236,25,6,267,0,0,0,0,0,0,0,0.0,4.555,0.425,0.095,5.075,4555,425,95,5075.0,0,0,0,0.0,0,0,0,0.0,0,0,0,0.0,0,0,0,0.0,0,0,0,0.0,0,0,0,0.0,0,0,0,0.0,4555,425,95,5075.0
2026,March,GOA,SOUTH GOA,158600500059,CURTORIM SERVICE COOP. STY LTD-58 FPS,134,134,0,0,118,4,12,134,0,0,0,0,118,4,12,134,0,0,0,0,0,0,0,0.0,2.38,0.04,0.19,2.61,2380,40,190,2610.0,0,0,0,0.0,0,0,0,0.0,0,0,0,0.0,0,0,0,0.0,0,0,0,0.0,0,0,0,0.0,0,0,0,0.0,2380,40,190,2610.0
2026,March,GOA,SOUTH GOA,158600500060,VILLAGE PANCHAYAT BETALBATIM-81 FPS,128,128,0,0,121,1,4,126,0,0,2,2,121,1,4,126,0,0,2,2,0,0,0,0.0,2.095,0.025,0.14,2.26,2095,25,140,2260.0,0,0,0,0.0,0,0,0,0.0,0,0,0,0.0,0,0,0,0.0,0,0,0,0.0,0,0,0,0.0,0,0,0,0.0,2095,25,140,2260.0
2026,March,GOA,SOUTH GOA,158600500147,ANTONIO FERNANDES-38 FPS,319,319,0,0,270,15,30,315,0,0,4,4,270,15,30,315,0,0,4,4,0,0,0,0.0,5.36,0.25,0.69,6.3,5360,250,690,6300.0,0,0,0,0.0,0,0,0,0.0,0,0,0,0.0,0,0,0,0.0,0,0,0,0.0,0,0,0,0.0,0,0,0,0.0,5360,250,690,6300.0
2026,March,GOA,SOUTH GOA,158600500413,ANTONIO FERNANDES-63 FPS,284,284,0,0,258,26,0,284,0,0,0,0,258,26,0,284,0,0,0,0,0,0,0,0.0,5.605,0.46,0,6.065,5605,460,0,6065.0,0,0,0,0.0,0,0,0,0.0,0,0,0,0.0,0,0,0,0.0,0,0,0,0.0,0,0,0,0.0,0,0,0,0.0,5605,460,0,6065.0
2026,March,GOA,SOUTH GOA,158600500414,SANDEEP S. DESSAI-56 FPS,339,339,0,0,303,15,19,337,0,0,2,2,303,15,19,337,0,0,2,2,0,0,0,0.0,5.78,0.295,0.475,6.55,5780,295,475,6550.0,0,0,0,0.0,0,0,0,0.0,0,0,0,0.0,0,0,0,0.0,0,0,0,0.0,0,0,0,0.0,0,0,0,0.0,5780,295,475,6550.0
2026,March,GOA,SOUTH GOA,158600500415,GOLDEN NUVEM CONSUMERS -12&62 FPS,845,845,0,0,706,90,43,839,4,0,2,6,705,90,43,838,4,0,2,6,0,0,0,0.0,14.295,1.715,0.99,17.0,14295,1715,990,17000.0,0,0,0,0.0,0,0,0,0.0,0,0,0,0.0,0,0,0,0.0,0,0,0,0.0,0,0,0,0.0,0,0,0,0.0,14295,1715,990,17000.0
2026,March,GOA,SOUTH GOA,158600500416,JESTRID LUCIAN VIEGAS- 20 FPS,169,169,0,0,164,3,0,167,2,0,0,2,164,3,0,167,2,0,0,2,0,0,0,0.0,2.895,0.075,0,2.97,2895,75,0,2970.0,0,0,0,0.0,0,0,0,0.0,0,0,0,0.0,0,0,0,0.0,0,0,0,0.0,0,0,0,0.0,0,0,0,0.0,2895,75,0,2970.0
2026,March,GOA,SOUTH GOA,158600500417,VILLAGE PANCHAYAT NAGOA - 92 FPS,122,122,0,0,105,4,12,121,0,0,1,1,105,4,12,121,0,0,1,1,0,0,0,0.0,1.71,0.085,0.245,2.04,1710,85,245,2040.0,0,0,0,0.0,0,0,0,0.0,0,0,0,0.0,0,0,0,0.0,0,0,0,0.0,0,0,0,0.0,0,0,0,0.0,1710,85,245,2040.0
2026,March,GOA,SOUTH GOA,158600500420,CURTORIM SERVICE CO-OPERATIVE SOCIETY LTD,133,133,0,0,133,0,0,133,0,0,0,0,133,0,0,133,0,0,0,0,0,0,0,0.0,2.675,0,0,2.675,2675,0,0,2675.0,0,0,0,0.0,0,0,0,0.0,0,0,0,0.0,0,0,0,0.0,0,0,0,0.0,0,0,0,0.0,0,0,0,0.0,2675,0,0,2675.0
2026,March,GOA,SOUTH GOA,158600500421,MRS. NAMRATA  D. RIVONKAR ALIAS NAMRATA S.RAIKAR  FPS NO.93,343,343,0,0,300,31,11,342,0,0,1,1,300,31,11,342,0,0,1,1,0,0,0,0.0,6.375,0.61,0.215,7.2,6375,610,215,7200.0,0,0,0,0.0,0,0,0,0.0,0,0,0,0.0,0,0,0,0.0,0,0,0,0.0,0,0,0,0.0,0,0,0,0.0,6375,610,215,7200.0
2026,March,GOA,SOUTH GOA,158600500422,MRS SUFALA KAILAS DESSAI  -FPS 94,90,90,0,0,44,36,7,87,0,0,3,3,44,36,7,87,0,0,3,3,0,0,0,0.0,0.755,0.675,0.232,1.662,755,675,232,1662.0,0,0,0,0.0,0,0,0,0.0,0,0,0,0.0,0,0,0,0.0,0,0,0,0.0,0,0,0,0.0,0,0,0,0.0,755,675,232,1662.0
2026,March,GOA,SOUTH GOA,158600500423,,244,244,0,0,239,5,0,244,0,0,0,0,239,5,0,244,0,0,0,0,0,0,0,0.0,4.575,0.115,0,4.69,4575,115,0,4690.0,0,0,0,0.0,0,0,0,0.0,0,0,0,0.0,0,0,0,0.0,0,0,0,0.0,0,0,0,0.0,0,0,0,0.0,4575,115,0,4690.0
2026,March,GOA,SOUTH GOA,158600600001,PRASHANT K NAIK-3 FPS,114,114,0,0,108,1,0,109,5,0,0,5,108,1,0,109,5,0,0,5,0,0,0,0.0,2.27,0.005,0,2.275,2270,5,0,2275.0,0,0,0,0.0,0,0,0,0.0,0,0,0,0.0,0,0,0,0.0,0,0,0,0.0,0,0,0,0.0,0,0,0,0.0,2270,5,0,2275.0
2026,March,GOA,SOUTH GOA,158600600002,GAJANAN M KURDIKAR-9 FPS,402,402,0,0,396,0,0,396,6,0,0,6,396,0,0,396,6,0,0,6,0,0,0,0.0,7.165,0,0,7.165,7165,0,0,7165.0,0,0,0,0.0,0,0,0,0.0,0,0,0,0.0,0,0,0,0.0,0,0,0,0.0,0,0,0,0.0,0,0,0,0.0,7165,0,0,7165.0
2026,March,GOA,SOUTH GOA,158600600003,MAHALAXMI V K S S STY LTD-11 FPS,671,671,0,0,638,0,1,639,32,0,0,32,637,0,1,638,31,0,0,31,0,0,0,0.0,13.035,0,0.015,13.05,13035,0,15,13050.0,0,0,0,0.0,0,0,0,0.0,0,0,0,0.0,0,0,0,0.0,0,0,0,0.0,0,0,0,0.0,0,0,0,0.0,13035,0,15,13050.0
2026,March,GOA,SOUTH GOA,158600600004,SANGUEM V K S STY-13 FPS,519,519,0,0,444,4,12,460,59,0,0,59,444,4,12,460,59,0,0,59,0,0,0,0.0,9.515,0.075,0.225,9.815,9515,75,225,9815.0,0,0,0,0.0,0,0,0,0.0,0,0,0,0.0,0,0,0,0.0,0,0,0,0.0,0,0,0,0.0,0,0,0,0.0,9515,75,225,9815.0
2026,March,GOA,SOUTH GOA,158600600005,SITABAI R KAVLEKAR-14 FPS,192,192,0,0,178,11,1,190,2,0,0,2,178,11,1,190,2,0,0,2,0,0,0,0.0,3.445,0.15,0.01,3.605,3445,150,10,3605.0,0,0,0,0.0,0,0,0,0.0,0,0,0,0.0,0,0,0,0.0,0,0,0,0.0,0,0,0,0.0,0,0,0,0.0,3445,150,10,3605.0
2026,March,GOA,SOUTH GOA,158600600006,RAMCHANDRA V NAYAK-15 FPS,442,442,0,0,402,18,0,420,22,0,0,22,401,18,0,419,22,0,0,22,0,0,0,0.0,8.11,0.315,0,8.425,8110,315,0,8425.0,0,0,0,0.0,0,0,0,0.0,0,0,0,0.0,0,0,0,0.0,0,0,0,0.0,0,0,0,0.0,0,0,0,0.0,8110,315,0,8425.0
2026,March,GOA,SOUTH GOA,158600600007,DILIP PANDURANG MASURKAR-16 FPS,449,449,0,0,432,1,0,433,16,0,0,16,432,1,0,433,16,0,0,16,0,0,0,0.0,8.855,0.025,0,8.88,8855,25,0,8880.0,0,0,0,0.0,0,0,0,0.0,0,0,0,0.0,0,0,0,0.0,0,0,0,0.0,0,0,0,0.0,0,0,0,0.0,8855,25,0,8880.0
2026,March,GOA,SOUTH GOA,158600600008,SHABA NARAYAN NAIK-2 FPS,314,314,0,0,303,4,0,307,7,0,0,7,303,4,0,307,7,0,0,7,0,0,0,0.0,5.845,0.04,0,5.885,5845,40,0,5885.0,0,0,0,0.0,0,0,0,0.0,0,0,0,0.0,0,0,0,0.0,0,0,0,0.0,0,0,0,0.0,0,0,0,0.0,5845,40,0,5885.0
2026,March,GOA,SOUTH GOA,158600600009,MARIA LINA ELIZA GOES-19 FPS,169,169,0,0,169,0,0,169,0,0,0,0,169,0,0,169,0,0,0,0,0,0,0,0.0,3.175,0,0,3.175,3175,0,0,3175.0,0,0,0,0.0,0,0,0,0.0,0,0,0,0.0,0,0,0,0.0,0,0,0,0.0,0,0,0,0.0,0,0,0,0.0,3175,0,0,3175.0
2026,March,GOA,SOUTH GOA,158600600011,SUHAS SANVORDEKAR-21 FPS,218,218,0,0,213,2,3,218,0,0,0,0,213,2,3,218,0,0,0,0,0,0,0,0.0,3.61,0.045,0.055,3.71,3610,45,55,3710.0,0,0,0,0.0,0,0,0,0.0,0,0,0,0.0,0,0,0,0.0,0,0,0,0.0,0,0,0,0.0,0,0,0,0.0,3610,45,55,3710.0
2026,March,GOA,SOUTH GOA,158600600012,SHIVRAI K DESSAI-23 FPS,224,224,0,0,221,2,1,224,0,0,0,0,221,2,1,224,0,0,0,0,0,0,0,0.0,4.295,0.025,0,4.32,4295,25,25,4345.0,0,0,0,0.0,0,0,0,0.0,0,0,0,0.0,0,0,0,0.0,0,0,0,0.0,0,0,0,0.0,0,0,0,0.0,4295,25,25,4345.0
2026,March,GOA,SOUTH GOA,158600600013,ANANT G S DESSAI-25 FPS,174,174,0,0,170,0,0,170,4,0,0,4,170,0,0,170,4,0,0,4,0,0,0,0.0,3.3,0,0,3.3,3300,0,0,3300.0,0,0,0,0.0,0,0,0,0.0,0,0,0,0.0,0,0,0,0.0,0,0,0,0.0,0,0,0,0.0,0,0,0,0.0,3300,0,0,3300.0
2026,March,GOA,SOUTH GOA,158600600014,YAMNA J P GAONKAR-26 FPS,253,253,0,0,233,13,0,246,7,0,0,7,233,13,0,246,7,0,0,7,0,0,0,0.0,4.63,0.22,0,4.85,4630,220,0,4850.0,0,0,0,0.0,0,0,0,0.0,0,0,0,0.0,0,0,0,0.0,0,0,0,0.0,0,0,0,0.0,0,0,0,0.0,4630,220,0,4850.0
2026,March,GOA,SOUTH GOA,158600600015,PARESH NILKANTH NAIK-28 FPS,196,196,0,0,180,1,8,189,5,0,2,7,179,1,8,188,5,0,2,7,0,0,0,0.0,3.53,0.02,0.25,3.8,3530,20,250,3800.0,0,0,0,0.0,0,0,0,0.0,0,0,0,0.0,0,0,0,0.0,0,0,0,0.0,0,0,0,0.0,0,0,0,0.0,3530,20,250,3800.0
2026,March,GOA,SOUTH GOA,158600600016,SUSHILA FAIR PRICE SHOP-30 FPS,55,55,0,0,53,0,0,53,2,0,0,2,53,0,0,53,2,0,0,2,0,0,0,0.0,0.93,0,0,0.93,930,0,0,930.0,0,0,0,0.0,0,0,0,0.0,0,0,0,0.0,0,0,0,0.0,0,0,0,0.0,0,0,0,0.0,0,0,0,0.0,930,0,0,930.0
2026,March,GOA,SOUTH GOA,158600600017,VIRASHRI A TARI-1 FPS,431,431,0,0,413,0,0,413,18,0,0,18,413,0,0,413,18,0,0,18,0,0,0,0.0,8.24,0,0,8.24,8240,0,0,8240.0,0,0,0,0.0,0,0,0,0.0,0,0,0,0.0,0,0,0,0.0,0,0,0,0.0,0,0,0,0.0,0,0,0,0.0,8240,0,0,8240.0
2026,March,GOA,SOUTH GOA,158600600018,SHRIKANT G NAIK-24 FPS,308,308,0,0,280,0,0,280,28,0,0,28,280,0,0,280,28,0,0,28,0,0,0,0.0,5.98,0,0,5.98,5980,0,0,5980.0,0,0,0,0.0,0,0,0,0.0,0,0,0,0.0,0,0,0,0.0,0,0,0,0.0,0,0,0,0.0,0,0,0,0.0,5980,0,0,5980.0
2026,March,GOA,SOUTH GOA,158600600055,AJIT VENKATESH NAIK,156,156,0,0,147,2,1,150,6,0,0,6,147,2,1,150,6,0,0,6,0,0,0,0.0,2.915,0.04,0.025,2.98,2915,40,25,2980.0,0,0,0,0.0,0,0,0,0.0,0,0,0,0.0,0,0,0,0.0,0,0,0,0.0,0,0,0,0.0,0,0,0,0.0,2915,40,25,2980.0
2026,March,GOA,SOUTH GOA,158600600056,Miss. Leena Celsa Fernandes,40,40,0,0,27,10,0,37,3,0,0,3,27,10,0,37,3,0,0,3,0,0,0,0.0,0.545,0.105,0,0.65,545,105,0,650.0,0,0,0,0.0,0,0,0,0.0,0,0,0,0.0,0,0,0,0.0,0,0,0,0.0,0,0,0,0.0,0,0,0,0.0,545,105,0,650.0
2026,March,GOA,SOUTH GOA,158600600057,,105,105,0,0,98,5,1,104,1,0,0,1,97,5,1,103,1,0,0,1,0,0,0,0.0,1.97,0.07,0.015,2.055,1970,70,15,2055.0,0,0,0,0.0,0,0,0,0.0,0,0,0,0.0,0,0,0,0.0,0,0,0,0.0,0,0,0,0.0,0,0,0,0.0,1970,70,15,2055.0
2026,March,GOA,SOUTH GOA,158600700001,PONDA CONS CORP STY LTD-1 FPS,267,267,0,0,192,3,31,226,39,2,0,41,192,3,31,226,39,2,0,41,0,0,0,0.0,4.805,0.115,0.618,5.538,4805,115,618,5538.0,0,0,0,0.0,0,0,0,0.0,0,0,0,0.0,0,0,0,0.0,0,0,0,0.0,0,0,0,0.0,0,0,0,0.0,4805,115,618,5538.0
2026,March,GOA,SOUTH GOA,158600700002,PONDA CONS CO OP STY LTD -2 FPS,156,156,0,0,138,1,0,139,17,0,0,17,138,1,0,139,17,0,0,17,0,0,0,0.0,2.96,0.005,0,2.965,2960,5,0,2965.0,0,0,0,0.0,0,0,0,0.0,0,0,0,0.0,0,0,0,0.0,0,0,0,0.0,0,0,0,0.0,0,0,0,0.0,2960,5,0,2965.0
2026,March,GOA,SOUTH GOA,158600700003,PONDA CONS CO OP STY LTD-3 FPS,274,274,0,0,215,0,18,233,35,0,6,41,215,0,18,233,35,0,6,41,0,0,0,0.0,5.265,0,0.54,5.805,5265,0,540,5805.0,0,0,0,0.0,0,0,0,0.0,0,0,0,0.0,0,0,0,0.0,0,0,0,0.0,0,0,0,0.0,0,0,0,0.0,5265,0,540,5805.0
2026,March,GOA,SOUTH GOA,158600700011,RAVALNATH VKS SOCIETY LTD-13 FPS,198,198,0,0,187,1,2,190,8,0,0,8,187,1,2,190,8,0,0,8,0,0,0,0.0,3.505,0.02,0.035,3.56,3505,20,35,3560.0,0,0,0,0.0,0,0,0,0.0,0,0,0,0.0,0,0,0,0.0,0,0,0,0.0,0,0,0,0.0,0,0,0,0.0,3505,20,35,3560.0
2026,March,GOA,SOUTH GOA,158600700021,CONXEM NIRANKAL V K SOCIETY-27 FPS,291,291,0,0,261,0,0,261,30,0,0,30,261,0,0,261,30,0,0,30,0,0,0,0.0,5.915,0,0,5.915,5915,0,0,5915.0,0,0,0,0.0,0,0,0,0.0,0,0,0,0.0,0,0,0,0.0,0,0,0,0.0,0,0,0,0.0,0,0,0,0.0,5915,0,0,5915.0
2026,March,GOA,SOUTH GOA,158600700022,BHOM ADCOLNA V.K.S.S. SOCIETY LTD-56 FPS,215,215,0,0,211,4,0,215,0,0,0,0,211,4,0,215,0,0,0,0,0,0,0,0.0,3.845,0.035,0,3.88,3845,35,0,3880.0,0,0,0,0.0,0,0,0,0.0,0,0,0,0.0,0,0,0,0.0,0,0,0,0.0,0,0,0,0.0,0,0,0,0.0,3845,35,0,3880.0
2026,March,GOA,SOUTH GOA,158600700023,DATTA RAMNATH NAYAK-31 FPS,170,170,0,0,141,0,0,141,29,0,0,29,140,0,0,140,29,0,0,29,0,0,0,0.0,3.375,0,0,3.375,3375,0,0,3375.0,0,0,0,0.0,0,0,0,0.0,0,0,0,0.0,0,0,0,0.0,0,0,0,0.0,0,0,0,0.0,0,0,0,0.0,3375,0,0,3375.0
2026,March,GOA,SOUTH GOA,158600700025,PONDA CONS.OOP. STY LTD-5 FPS,300,300,0,0,282,2,0,284,16,0,0,16,282,2,0,284,16,0,0,16,0,0,0,0.0,6.204,0.01,0,6.214,6204,10,0,6214.0,0,0,0,0.0,0,0,0,0.0,0,0,0,0.0,0,0,0,0.0,0,0,0,0.0,0,0,0,0.0,0,0,0,0.0,6204,10,0,6214.0
2026,March,GOA,SOUTH GOA,158600700026,NAVODIT VELING PRIOL VKSS SOCIETY-6 FPS,426,426,0,0,409,1,0,410,16,0,0,16,407,1,0,408,16,0,0,16,0,0,0,0.0,8.085,0.015,0,8.1,8085,15,0,8100.0,0,0,0,0.0,0,0,0,0.0,0,0,0,0.0,0,0,0,0.0,0,0,0,0.0,0,0,0,0.0,0,0,0,0.0,8085,15,0,8100.0
2026,March,GOA,SOUTH GOA,158600700027,NAVODIT VELING PRIOL VKSS STY-7 FPS,440,440,0,0,421,1,0,422,18,0,0,18,421,1,0,422,18,0,0,18,0,0,0,0.0,8.37,0.01,0,8.38,8370,10,0,8380.0,0,0,0,0.0,0,0,0,0.0,0,0,0,0.0,0,0,0,0.0,0,0,0,0.0,0,0,0,0.0,0,0,0,0.0,8370,10,0,8380.0
2026,March,GOA,SOUTH GOA,158600700028,SANJAYANA S. SAWANT - 8 FPS,359,359,0,0,357,0,0,357,2,0,0,2,357,0,0,357,2,0,0,2,0,0,0,0.0,6.405,0,0,6.405,6405,0,0,6405.0,0,0,0,0.0,0,0,0,0.0,0,0,0,0.0,0,0,0,0.0,0,0,0,0.0,0,0,0,0.0,0,0,0,0.0,6405,0,0,6405.0
2026,March,GOA,SOUTH GOA,158600700029,ADARSH V.K.S SOCIETY-10 FPS,1056,1056,0,0,978,1,0,979,77,0,0,77,977,1,0,978,77,0,0,77,0,0,0,0.0,20.605,0.01,0,20.615,20605,10,0,20615.0,0,0,0,0.0,0,0,0,0.0,0,0,0,0.0,0,0,0,0.0,0,0,0,0.0,0,0,0,0.0,0,0,0,0.0,20605,10,0,20615.0
2026,March,GOA,SOUTH GOA,158600700030,SHRI SHANTADURGA CONSUMER COOP SOCIETY LTD-11 FPS,340,340,0,0,300,1,11,312,27,0,1,28,300,1,11,312,27,0,1,28,0,0,0,0.0,6.585,0.025,0.196,6.806,6585,25,196,6806.0,0,0,0,0.0,0,0,0,0.0,0,0,0,0.0,0,0,0,0.0,0,0,0,0.0,0,0,0,0.0,0,0,0,0.0,6585,25,196,6806.0
2026,March,GOA,SOUTH GOA,158600700031,JANATA V K S S SOCIETY LTD-14 FPS,239,239,0,0,204,24,0,228,11,0,0,11,204,24,0,228,11,0,0,11,0,0,0,0.0,3.74,0.44,0,4.18,3740,440,0,4180.0,0,0,0,0.0,0,0,0,0.0,0,0,0,0.0,0,0,0,0.0,0,0,0,0.0,0,0,0,0.0,0,0,0,0.0,3740,440,0,4180.0
2026,March,GOA,SOUTH GOA,158600700032,JAI BHARAT VKSS STY LTD-15 FPS,419,419,0,0,414,1,0,415,4,0,0,4,414,1,0,415,4,0,0,4,0,0,0,0.0,7.295,0.015,0,7.31,7295,15,0,7310.0,0,0,0,0.0,0,0,0,0.0,0,0,0,0.0,0,0,0,0.0,0,0,0,0.0,0,0,0,0.0,0,0,0,0.0,7295,15,0,7310.0
2026,March,GOA,SOUTH GOA,158600700033,SAVOI-VEREM VKSS STY LTD-17 FPS,577,577,0,0,519,1,0,520,57,0,0,57,519,1,0,520,57,0,0,57,0,0,0,0.0,10.775,0.02,0,10.795,10775,20,0,10795.0,0,0,0,0.0,0,0,0,0.0,0,0,0,0.0,0,0,0,0.0,0,0,0,0.0,0,0,0,0.0,0,0,0,0.0,10775,20,0,10795.0
2026,March,GOA,SOUTH GOA,158600700034,SHASHIKANT DATTA NAIK-22 FPS,453,453,0,0,436,4,1,441,12,0,0,12,434,4,1,439,12,0,0,12,0,0,0,0.0,8.04,0.05,0.015,8.105,8040,50,15,8105.0,0,0,0,0.0,0,0,0,0.0,0,0,0,0.0,0,0,0,0.0,0,0,0,0.0,0,0,0,0.0,0,0,0,0.0,8040,50,15,8105.0
2026,March,GOA,SOUTH GOA,158600700035,SHRI KRISHNA VKSS SOCIETY LTD-23 FPS,478,478,0,0,459,5,3,467,11,0,0,11,458,5,3,466,11,0,0,11,0,0,0,0.0,8.055,0.09,0.035,8.18,8055,90,35,8180.0,0,0,0,0.0,0,0,0,0.0,0,0,0,0.0,0,0,0,0.0,0,0,0,0.0,0,0,0,0.0,0,0,0,0.0,8055,90,35,8180.0
2026,March,GOA,SOUTH GOA,158600700036,BETQUE-KHANDOLA CONS COOPERATIVE SOCIETY LTD-24 FPS,222,222,0,0,193,5,0,198,22,2,0,24,193,5,0,198,22,2,0,24,0,0,0,0.0,4.41,0.155,0,4.565,4410,155,0,4565.0,0,0,0,0.0,0,0,0,0.0,0,0,0,0.0,0,0,0,0.0,0,0,0,0.0,0,0,0,0.0,0,0,0,0.0,4410,155,0,4565.0
2026,March,GOA,SOUTH GOA,158600700038,SUNIL M. TENDULKAR-35 FPS,290,0,0,290,290,0,0,290,0,0,0,0,290,0,0,290,0,0,0,0,0,0,0,0.0,5.57,0,0,5.57,5570,0,0,5570.0,0,0,0,0.0,0,0,0,0.0,0,0,0,0.0,0,0,0,0.0,0,0,0,0.0,0,0,0,0.0,0,0,0,0.0,5570,0,0,5570.0
2026,March,GOA,SOUTH GOA,158600700041,CONXEM NIRANKAL V.K.STY LTD-38 FPS,432,432,0,0,411,3,0,414,18,0,0,18,411,3,0,414,18,0,0,18,0,0,0,0.0,9.2,0.055,0,9.255,9200,55,0,9255.0,0,0,0,0.0,0,0,0,0.0,0,0,0,0.0,0,0,0,0.0,0,0,0,0.0,0,0,0,0.0,0,0,0,0.0,9200,55,0,9255.0
2026,March,GOA,SOUTH GOA,158600700042,S.K.SHET-42 FPS,26,26,0,0,9,17,0,26,0,0,0,0,9,17,0,26,0,0,0,0,0,0,0,0.0,0.15,0.28,0,0.43,150,280,0,430.0,0,0,0,0.0,0,0,0,0.0,0,0,0,0.0,0,0,0,0.0,0,0,0,0.0,0,0,0,0.0,0,0,0,0.0,150,280,0,430.0
2026,March,GOA,SOUTH GOA,158600700043,CONXEM NIRANKAL V.K.S STY LTD-45 FPS,68,68,0,0,63,0,0,63,5,0,0,5,63,0,0,63,5,0,0,5,0,0,0,0.0,1.345,0,0,1.345,1345,0,0,1345.0,0,0,0,0.0,0,0,0,0.0,0,0,0,0.0,0,0,0,0.0,0,0,0,0.0,0,0,0,0.0,0,0,0,0.0,1345,0,0,1345.0
2026,March,GOA,SOUTH GOA,158600700044,RUPALI M NAIK-46 FPS,199,199,0,0,174,2,18,194,5,0,0,5,174,2,18,194,5,0,0,5,0,0,0,0.0,3.195,0.04,0.419,3.654,3195,40,419,3654.0,0,0,0,0.0,0,0,0,0.0,0,0,0,0.0,0,0,0,0.0,0,0,0,0.0,0,0,0,0.0,0,0,0,0.0,3195,40,419,3654.0
2026,March,GOA,SOUTH GOA,158600700045,PONDA CONS CO-OP STY LTD-49 FPS,281,281,0,0,280,0,0,280,1,0,0,1,280,0,0,280,1,0,0,1,0,0,0,0.0,4.95,0,0,4.95,4950,0,0,4950.0,0,0,0,0.0,0,0,0,0.0,0,0,0,0.0,0,0,0,0.0,0,0,0,0.0,0,0,0,0.0,0,0,0,0.0,4950,0,0,4950.0
2026,March,GOA,SOUTH GOA,158600700047,LALITA D BORKAR-55 FPS,735,735,0,0,665,5,12,682,51,0,2,53,665,5,12,682,51,0,2,53,0,0,0,0.0,13.525,0.055,0.295,13.875,13525,55,295,13875.0,0,0,0,0.0,0,0,0,0.0,0,0,0,0.0,0,0,0,0.0,0,0,0,0.0,0,0,0,0.0,0,0,0,0.0,13525,55,295,13875.0
2026,March,GOA,SOUTH GOA,158600700048,BHOMA ADCOLNA V.K.S.S STY LTD-30 FPS,258,258,0,0,229,0,0,229,29,0,0,29,229,0,0,229,29,0,0,29,0,0,0,0.0,5.23,0,0,5.23,5230,0,0,5230.0,0,0,0,0.0,0,0,0,0.0,0,0,0,0.0,0,0,0,0.0,0,0,0,0.0,0,0,0,0.0,0,0,0,0.0,5230,0,0,5230.0
2026,March,GOA,SOUTH GOA,158600700050,BETQUE KHANDOLA CONSCOOPERATIVE SOCIETY LTD-57 FPS,288,288,0,0,256,4,6,266,21,0,1,22,256,4,6,266,21,0,1,22,0,0,0,0.0,5.1,0.045,0.17,5.315,5100,45,170,5315.0,0,0,0,0.0,0,0,0,0.0,0,0,0,0.0,0,0,0,0.0,0,0,0,0.0,0,0,0,0.0,0,0,0,0.0,5100,45,170,5315.0
2026,March,GOA,SOUTH GOA,158600700051,BANDIWADE V.K.S SOCIETY-18 FPS,377,377,0,0,351,10,5,366,11,0,0,11,351,10,5,366,11,0,0,11,0,0,0,0.0,6.755,0.155,0.11,7.02,6755,155,110,7020.0,0,0,0,0.0,0,0,0,0.0,0,0,0,0.0,0,0,0,0.0,0,0,0,0.0,0,0,0,0.0,0,0,0,0.0,6755,155,110,7020.0
2026,March,GOA,SOUTH GOA,158600700052,BANDIWADE V.K.S SOCIETY-19 FPS,199,199,0,0,190,2,0,192,7,0,0,7,190,2,0,192,7,0,0,7,0,0,0,0.0,3.28,0.025,0,3.305,3280,25,0,3305.0,0,0,0,0.0,0,0,0,0.0,0,0,0,0.0,0,0,0,0.0,0,0,0,0.0,0,0,0,0.0,0,0,0,0.0,3280,25,0,3305.0
2026,March,GOA,SOUTH GOA,158600700053,BANDIWADE V.K.S SOCIETY-48 FPS,129,129,0,0,126,0,0,126,3,0,0,3,126,0,0,126,3,0,0,3,0,0,0,0.0,2.205,0,0,2.205,2205,0,0,2205.0,0,0,0,0.0,0,0,0,0.0,0,0,0,0.0,0,0,0,0.0,0,0,0,0.0,0,0,0,0.0,0,0,0,0.0,2205,0,0,2205.0
2026,March,GOA,SOUTH GOA,158600700055,KALANATH BHAGWATI CON C OP STY LTD-12 FPS,469,469,0,0,440,3,0,443,26,0,0,26,440,3,0,443,26,0,0,26,0,0,0,0.0,8.915,0.07,0,8.985,8915,70,0,8985.0,0,0,0,0.0,0,0,0,0.0,0,0,0,0.0,0,0,0,0.0,0,0,0,0.0,0,0,0,0.0,0,0,0,0.0,8915,70,0,8985.0
2026,March,GOA,SOUTH GOA,158600700057,SHRI KALANATH BHAGWATI CON CO OP STY LTD-37 FPS,151,151,0,0,149,0,0,149,0,2,0,2,149,0,0,149,0,2,0,2,0,0,0,0.0,2.72,0.07,0,2.79,2720,70,0,2790.0,0,0,0,0.0,0,0,0,0.0,0,0,0,0.0,0,0,0,0.0,0,0,0,0.0,0,0,0,0.0,0,0,0,0.0,2720,70,0,2790.0
2026,March,GOA,SOUTH GOA,158600700058,TISK GRAHAK S S MARYADIT-44 FPS,205,205,0,0,205,0,0,205,0,0,0,0,205,0,0,205,0,0,0,0,0,0,0,0.0,3.94,0,0,3.94,3940,0,0,3940.0,0,0,0,0.0,0,0,0,0.0,0,0,0,0.0,0,0,0,0.0,0,0,0,0.0,0,0,0,0.0,0,0,0,0.0,3940,0,0,3940.0
2026,March,GOA,SOUTH GOA,158600700059,SHIVANAND G DANGUI-59 FPS,902,902,0,0,778,22,75,875,25,0,2,27,775,22,75,872,25,0,2,27,0,0,0,0.0,16.5,0.385,1.522,18.407,16500,385,1522,18407.0,0,0,0,0.0,0,0,0,0.0,0,0,0,0.0,0,0,0,0.0,0,0,0,0.0,0,0,0,0.0,0,0,0,0.0,16500,385,1522,18407.0
2026,March,GOA,SOUTH GOA,158600700060,MADHUBALA RAYA TILVE-26 FPS,615,615,0,0,610,1,0,611,4,0,0,4,610,1,0,611,4,0,0,4,0,0,0,0.0,11.505,0.005,0,11.51,11505,5,0,11510.0,0,0,0,0.0,0,0,0,0.0,0,0,0,0.0,0,0,0,0.0,0,0,0,0.0,0,0,0,0.0,0,0,0,0.0,11505,5,0,11510.0
2026,March,GOA,SOUTH GOA,158600700147,SANJAY S. NAIK RAIKAR-43 FPS,594,594,0,0,553,6,7,566,28,0,0,28,553,6,7,566,28,0,0,28,0,0,0,0.0,10.145,0.065,0.13,10.34,10145,65,130,10340.0,0,0,0,0.0,0,0,0,0.0,0,0,0,0.0,0,0,0,0.0,0,0,0,0.0,0,0,0,0.0,0,0,0,0.0,10145,65,130,10340.0
2026,March,GOA,SOUTH GOA,158600700180,RAVALNATH V K S STY-40 FPS,189,189,0,0,185,3,0,188,1,0,0,1,185,3,0,188,1,0,0,1,0,0,0,0.0,3.265,0.04,0,3.305,3265,40,0,3305.0,0,0,0,0.0,0,0,0,0.0,0,0,0,0.0,0,0,0,0.0,0,0,0,0.0,0,0,0,0.0,0,0,0,0.0,3265,40,0,3305.0
2026,March,GOA,SOUTH GOA,158600700182,KAPIL C. SARDESSAI - 21 FPS,58,58,0,0,57,0,1,58,0,0,0,0,57,0,1,58,0,0,0,0,0,0,0,0.0,1.09,0,0.015,1.105,1090,0,15,1105.0,0,0,0,0.0,0,0,0,0.0,0,0,0,0.0,0,0,0,0.0,0,0,0,0.0,0,0,0,0.0,0,0,0,0.0,1090,0,15,1105.0
2026,March,GOA,SOUTH GOA,158600700186,APARNA V. MANDREKAR-25 FPS,273,273,0,0,234,31,0,265,8,0,0,8,234,31,0,265,8,0,0,8,0,0,0,0.0,4.415,0.445,0,4.86,4415,445,0,4860.0,0,0,0,0.0,0,0,0,0.0,0,0,0,0.0,0,0,0,0.0,0,0,0,0.0,0,0,0,0.0,0,0,0,0.0,4415,445,0,4860.0
2026,March,GOA,SOUTH GOA,158600700188,FRANCISCA SINDA DE SOUZA-36 FPS,91,91,0,0,90,0,0,90,1,0,0,1,90,0,0,90,1,0,0,1,0,0,0,0.0,1.79,0,0,1.79,1790,0,0,1790.0,0,0,0,0.0,0,0,0,0.0,0,0,0,0.0,0,0,0,0.0,0,0,0,0.0,0,0,0,0.0,0,0,0,0.0,1790,0,0,1790.0
2026,March,GOA,SOUTH GOA,158600700189,MANOJ K. SAWANT- 20 FPS,64,64,0,0,63,1,0,64,0,0,0,0,63,1,0,64,0,0,0,0,0,0,0,0.0,1.19,0.005,0,1.195,1190,5,0,1195.0,0,0,0,0.0,0,0,0,0.0,0,0,0,0.0,0,0,0,0.0,0,0,0,0.0,0,0,0,0.0,0,0,0,0.0,1190,5,0,1195.0
2026,March,GOA,SOUTH GOA,158600700190,KAMINI VISHWANATH NAIK FPS 33,155,155,0,0,130,0,0,130,25,0,0,25,130,0,0,130,25,0,0,25,0,0,0,0.0,3.01,0,0,3.01,3010,0,0,3010.0,0,0,0,0.0,0,0,0,0.0,0,0,0,0.0,0,0,0,0.0,0,0,0,0.0,0,0,0,0.0,0,0,0,0.0,3010,0,0,3010.0
2026,April,GOA,NORTH GOA,158500100001,SMT.SANNA SANJAY PADTE-83 FPS,132,132,0,0,132,0,0,132,0,0,0,0,132,0,0,132,0,0,0,0,0,0,0,0.0,2.81,0,0,2.81,2810,0,0,2810.0,0,0,0,0.0,0,0,0,0.0,0,0,0,0.0,0,0,0,0.0,0,0,0,0.0,0,0,0,0.0,0,0,0,0.0,2810,0,0,2810.0
2026,April,GOA,NORTH GOA,158500100002,M/S P S KAREKAR-26 FPS,220,220,0,0,125,66,2,193,25,2,0,27,125,66,2,193,25,2,0,27,0,0,0,0.0,3.08,1.27,0.03,4.38,3080,1270,30,4380.0,0,0,0,0.0,0,0,0,0.0,0,0,0,0.0,0,0,0,0.0,0,0,0,0.0,0,0,0,0.0,0,0,0,0.0,3080,1270,30,4380.0
2026,April,GOA,NORTH GOA,158500100005,ARPORA NAGOA V K S S STY LTD-39 FPS,331,331,0,0,279,2,22,303,19,1,8,28,279,2,22,303,19,1,8,28,0,0,0,0.0,5.53,0.065,0.74,6.335,5530,65,740,6335.0,0,0,0,0.0,0,0,0,0.0,0,0,0,0.0,0,0,0,0.0,0,0,0,0.0,0,0,0,0.0,0,0,0,0.0,5530,65,740,6335.0
2026,April,GOA,NORTH GOA,158500100006,ASHOK P SHIRODKAR-103 FPS,31,31,0,0,30,0,0,30,1,0,0,1,30,0,0,30,1,0,0,1,0,0,0,0.0,0.56,0,0,0.56,560,0,0,560.0,0,0,0,0.0,0,0,0,0.0,0,0,0,0.0,0,0,0,0.0,0,0,0,0.0,0,0,0,0.0,0,0,0,0.0,560,0,0,560.0
2026,April,GOA,NORTH GOA,158500100007,ASHOK G DHARGALKAR-94 FPS,383,383,0,0,361,2,20,383,0,0,0,0,361,2,20,383,0,0,0,0,0,0,0,0.0,6.5,0.01,0.35,6.86,6500,10,350,6860.0,0,0,0,0.0,0,0,0,0.0,0,0,0,0.0,0,0,0,0.0,0,0,0,0.0,0,0,0,0.0,0,0,0,0.0,6500,10,350,6860.0
2026,April,GOA,NORTH GOA,158500100008,SANTOSH NAGESH PRABHU-74 FPS,136,136,0,0,129,0,0,129,7,0,0,7,129,0,0,129,7,0,0,7,0,0,0,0.0,2.385,0,0,2.385,2385,0,0,2385.0,0,0,0,0.0,0,0,0,0.0,0,0,0,0.0,0,0,0,0.0,0,0,0,0.0,0,0,0,0.0,0,0,0,0.0,2385,0,0,2385.0
2026,April,GOA,NORTH GOA,158500100009,THE MAPUSA CONSUMER COOP STY-1& 2 FPS,489,489,0,0,444,5,13,462,25,0,2,27,444,5,13,462,25,0,2,27,0,0,0,0.0,9.815,0.075,0.295,10.185,9815,75,295,10185.0,0,0,0,0.0,0,0,0,0.0,0,0,0,0.0,0,0,0,0.0,0,0,0,0.0,0,0,0,0.0,0,0,0,0.0,9815,75,295,10185.0
2026,April,GOA,NORTH GOA,158500100011,SUBHASH DHARGALKAR-62 FPS,525,525,0,0,490,0,20,510,10,0,5,15,490,0,20,510,10,0,5,15,0,0,0,0.0,9.91,0,0.55,10.46,9910,0,550,10460.0,0,0,0,0.0,0,0,0,0.0,0,0,0,0.0,0,0,0,0.0,0,0,0,0.0,0,0,0,0.0,0,0,0,0.0,9910,0,550,10460.0
2026,April,GOA,NORTH GOA,158500100012,SAYUKTA B. KESARKAR-105 FPS,92,92,0,0,77,10,0,87,4,1,0,5,77,10,0,87,4,1,0,5,0,0,0,0.0,1.665,0.175,0,1.84,1665,175,0,1840.0,0,0,0,0.0,0,0,0,0.0,0,0,0,0.0,0,0,0,0.0,0,0,0,0.0,0,0,0,0.0,0,0,0,0.0,1665,175,0,1840.0
2026,April,GOA,NORTH GOA,158500100013,PANDURANG V GOVEKAR-85 FPS,101,101,0,0,58,0,6,64,37,0,0,37,58,0,6,64,37,0,0,37,0,0,0,0.0,2.37,0,0.13,2.5,2370,0,130,2500.0,0,0,0,0.0,0,0,0,0.0,0,0,0,0.0,0,0,0,0.0,0,0,0,0.0,0,0,0,0.0,0,0,0,0.0,2370,0,130,2500.0
2026,April,GOA,NORTH GOA,158500100014,PRADEEP P MISHAL-77 FPS,75,75,0,0,64,4,0,68,7,0,0,7,64,4,0,68,7,0,0,7,0,0,0,0.0,1.435,0.065,0,1.5,1435,65,0,1500.0,0,0,0,0.0,0,0,0,0.0,0,0,0,0.0,0,0,0,0.0,0,0,0,0.0,0,0,0,0.0,0,0,0,0.0,1435,65,0,1500.0
2026,April,GOA,NORTH GOA,158500100015,GOKULDAS FAIR PRICE SHOP-111 FPS,92,92,0,0,85,1,0,86,6,0,0,6,85,1,0,86,6,0,0,6,0,0,0,0.0,1.67,0.01,0,1.68,1670,10,0,1680.0,0,0,0,0.0,0,0,0,0.0,0,0,0,0.0,0,0,0,0.0,0,0,0,0.0,0,0,0,0.0,0,0,0,0.0,1670,10,0,1680.0
2026,April,GOA,NORTH GOA,158500100016,VIMAL R AZGAONKAR-67 FPS,110,110,0,0,103,0,0,103,7,0,0,7,103,0,0,103,7,0,0,7,0,0,0,0.0,1.965,0,0,1.965,1965,0,0,1965.0,0,0,0,0.0,0,0,0,0.0,0,0,0,0.0,0,0,0,0.0,0,0,0,0.0,0,0,0,0.0,0,0,0,0.0,1965,0,0,1965.0
2026,April,GOA,NORTH GOA,158500100017,RANJANA C NAIK-109 FPS,210,210,0,0,168,0,11,179,28,0,3,31,168,0,11,179,28,0,3,31,0,0,0,0.0,4.168,0,0.365,4.533,4168,0,365,4533.0,0,0,0,0.0,0,0,0,0.0,0,0,0,0.0,0,0,0,0.0,0,0,0,0.0,0,0,0,0.0,0,0,0,0.0,4168,0,365,4533.0
2026,April,GOA,NORTH GOA,158500100019,Dhond Shop-57 FPS,309,309,0,0,303,2,0,305,4,0,0,4,303,2,0,305,4,0,0,4,0,0,0,0.0,5.525,0.015,0,5.54,5525,15,0,5540.0,0,0,0,0.0,0,0,0,0.0,0,0,0,0.0,0,0,0,0.0,0,0,0,0.0,0,0,0,0.0,0,0,0,0.0,5525,15,0,5540.0
2026,April,GOA,NORTH GOA,158500100020,M/S PANDHARI PANGAM-51 FPS,291,291,0,0,258,6,14,278,9,0,4,13,258,6,14,278,9,0,4,13,0,0,0,0.0,4.86,0.095,0.385,5.34,4860,95,385,5340.0,0,0,0,0.0,0,0,0,0.0,0,0,0,0.0,0,0,0,0.0,0,0,0,0.0,0,0,0,0.0,0,0,0,0.0,4860,95,385,5340.0
2026,April,GOA,NORTH GOA,158500100021,SADANAND S LOTLIKAR-32 FPS,201,201,0,0,173,2,11,186,13,0,2,15,173,2,11,186,13,0,2,15,0,0,0,0.0,3.82,0.03,0.28,4.13,3820,30,280,4130.0,0,0,0,0.0,0,0,0,0.0,0,0,0,0.0,0,0,0,0.0,0,0,0,0.0,0,0,0,0.0,0,0,0,0.0,3820,30,280,4130.0
2026,April,GOA,NORTH GOA,158500100022,SURESH P SAWANT-91 FPS,94,94,0,0,85,0,0,85,9,0,0,9,85,0,0,85,9,0,0,9,0,0,0,0.0,1.92,0,0,1.92,1920,0,0,1920.0,0,0,0,0.0,0,0,0,0.0,0,0,0,0.0,0,0,0,0.0,0,0,0,0.0,0,0,0,0.0,0,0,0,0.0,1920,0,0,1920.0
2026,April,GOA,NORTH GOA,158500100023,DAYANAND KENKRE-33 FPS,179,179,0,0,161,4,7,172,7,0,0,7,161,4,7,172,7,0,0,7,0,0,0,0.0,3.35,0.08,0.155,3.585,3350,80,155,3585.0,0,0,0,0.0,0,0,0,0.0,0,0,0,0.0,0,0,0,0.0,0,0,0,0.0,0,0,0,0.0,0,0,0,0.0,3350,80,155,3585.0
2026,April,GOA,NORTH GOA,158500100024,DEEPAK ATCHUT NAIK-101 FPS,116,116,0,0,91,6,16,113,0,1,2,3,91,6,16,113,0,1,2,3,0,0,0,0.0,1.775,0.145,0.406,2.326,1775,145,406,2326.0,0,0,0,0.0,0,0,0,0.0,0,0,0,0.0,0,0,0,0.0,0,0,0,0.0,0,0,0,0.0,0,0,0,0.0,1775,145,406,2326.0
2026,April,GOA,NORTH GOA,158500100025,SHRIKRISHNA POKHRE-116 FPS,231,231,0,0,215,0,4,219,11,0,1,12,215,0,4,219,11,0,1,12,0,0,0,0.0,4.495,0,0.11,4.605,4495,0,110,4605.0,0,0,0,0.0,0,0,0,0.0,0,0,0,0.0,0,0,0,0.0,0,0,0,0.0,0,0,0,0.0,0,0,0,0.0,4495,0,110,4605.0
2026,April,GOA,NORTH GOA,158500100026,DAYANAND S GADEKAR-110 FPS,74,74,0,0,72,0,1,73,1,0,0,1,72,0,1,73,1,0,0,1,0,0,0,0.0,1.21,0,0.005,1.215,1210,0,5,1215.0,0,0,0,0.0,0,0,0,0.0,0,0,0,0.0,0,0,0,0.0,0,0,0,0.0,0,0,0,0.0,0,0,0,0.0,1210,0,5,1215.0
2026,April,GOA,NORTH GOA,158500100027,HIRABAI TRIVIKRAM JOSHI-53 FPS,303,303,0,0,223,57,0,280,17,6,0,23,223,57,0,280,17,5,0,22,0,0,0,0.0,4.6,1.17,0,5.77,4600,1170,0,5770.0,0,0,0,0.0,0,0,0,0.0,0,0,0,0.0,0,0,0,0.0,0,0,0,0.0,0,0,0,0.0,0,0,0,0.0,4600,1170,0,5770.0
2026,April,GOA,NORTH GOA,158500100028,PURSHOTTAM A BANDODKAR-59 FPS,118,118,0,0,111,0,0,111,7,0,0,7,111,0,0,111,7,0,0,7,0,0,0,0.0,2.065,0,0,2.065,2065,0,0,2065.0,0,0,0,0.0,0,0,0,0.0,0,0,0,0.0,0,0,0,0.0,0,0,0,0.0,0,0,0,0.0,0,0,0,0.0,2065,0,0,2065.0
2026,April,GOA,NORTH GOA,158500100029,NARLISO LOBO-58 FPS,144,144,0,0,124,2,0,126,18,0,0,18,124,2,0,126,18,0,0,18,0,0,0,0.0,2.9,0.03,0,2.93,2900,30,0,2930.0,0,0,0,0.0,0,0,0,0.0,0,0,0,0.0,0,0,0,0.0,0,0,0,0.0,0,0,0,0.0,0,0,0,0.0,2900,30,0,2930.0
2026,April,GOA,NORTH GOA,158500100030,SUNITA V UMBRAXAR-100 FPS,291,291,0,0,283,0,0,283,8,0,0,8,282,0,0,282,8,0,0,8,0,0,0,0.0,5.625,0,0,5.625,5625,0,0,5625.0,0,0,0,0.0,0,0,0,0.0,0,0,0,0.0,0,0,0,0.0,0,0,0,0.0,0,0,0,0.0,0,0,0,0.0,5625,0,0,5625.0
2026,April,GOA,NORTH GOA,158500100031,YOGESHWAR GANPAT TAMONKAR-49 FPS,310,310,0,0,271,14,10,295,14,0,1,15,271,14,10,295,14,0,1,15,0,0,0,0.0,5.155,0.23,0.24,5.625,5155,230,240,5625.0,0,0,0,0.0,0,0,0,0.0,0,0,0,0.0,0,0,0,0.0,0,0,0,0.0,0,0,0,0.0,0,0,0,0.0,5155,230,240,5625.0
2026,April,GOA,NORTH GOA,158500100032,CHANDRASHEKHAR Y MORE-102 FPS,108,108,0,0,53,2,2,57,50,0,1,51,53,2,2,57,50,0,1,51,0,0,0,0.0,2.935,0.03,0.085,3.05,2935,30,85,3050.0,0,0,0,0.0,0,0,0,0.0,0,0,0,0.0,0,0,0,0.0,0,0,0,0.0,0,0,0,0.0,0,0,0,0.0,2935,30,85,3050.0
2026,April,GOA,NORTH GOA,158500100033,RAMESH G TAMANKAR-64 FPS,298,298,0,0,249,25,0,274,21,3,0,24,249,25,0,274,21,3,0,24,0,0,0,0.0,5.73,0.62,0,6.35,5730,620,0,6350.0,0,0,0,0.0,0,0,0,0.0,0,0,0,0.0,0,0,0,0.0,0,0,0,0.0,0,0,0,0.0,0,0,0,0.0,5730,620,0,6350.0
2026,April,GOA,NORTH GOA,158500100034,SUNITA KASKAR-95 FPS,21,21,0,0,17,4,0,21,0,0,0,0,17,4,0,21,0,0,0,0,0,0,0,0.0,0.305,0.06,0,0.365,305,60,0,365.0,0,0,0,0.0,0,0,0,0.0,0,0,0,0.0,0,0,0,0.0,0,0,0,0.0,0,0,0,0.0,0,0,0,0.0,305,60,0,365.0
2026,April,GOA,NORTH GOA,158500100035,GUIRIM SANGOLDA M.P. CO-OP SERVICE SOCIETY LTD-15 FPS,243,243,0,0,223,3,0,226,16,0,1,17,223,3,0,226,16,0,1,17,0,0,0,0.0,4.925,0.05,0.035,5.01,4925,50,35,5010.0,0,0,0,0.0,0,0,0,0.0,0,0,0,0.0,0,0,0,0.0,0,0,0,0.0,0,0,0,0.0,0,0,0,0.0,4925,50,35,5010.0
2026,April,GOA,NORTH GOA,158500100036,GUIRIM SANGOLDA M.P.CO-OP SERVICE SOCIETY LTD-13 FPS,129,129,0,0,110,3,9,122,7,0,0,7,110,3,9,122,7,0,0,7,0,0,0,0.0,2.245,0.045,0.19,2.48,2245,45,190,2480.0,0,0,0,0.0,0,0,0,0.0,0,0,0,0.0,0,0,0,0.0,0,0,0,0.0,0,0,0,0.0,0,0,0,0.0,2245,45,190,2480.0
2026,April,GOA,NORTH GOA,158500100037,GUIRIM SANGOLDA M.P. CO-OP SERVICE SOCIETY LTD-14 FPS,160,160,0,0,130,2,0,132,28,0,0,28,130,2,0,132,28,0,0,28,0,0,0,0.0,3.38,0.035,0,3.415,3380,35,0,3415.0,0,0,0,0.0,0,0,0,0.0,0,0,0,0.0,0,0,0,0.0,0,0,0,0.0,0,0,0,0.0,0,0,0,0.0,3380,35,0,3415.0
2026,April,GOA,NORTH GOA,158500100038,POROB FAIR PRICE SHOP-40 FPS,124,124,0,0,41,83,0,124,0,0,0,0,41,83,0,124,0,0,0,0,0,0,0,0.0,0.725,1.58,0,2.305,725,1580,0,2305.0,0,0,0,0.0,0,0,0,0.0,0,0,0,0.0,0,0,0,0.0,0,0,0,0.0,0,0,0,0.0,0,0,0,0.0,725,1580,0,2305.0
2026,April,GOA,NORTH GOA,158500100039,SUMATI C KALANGUTKAR-79 FPS,105,105,0,0,36,4,0,40,62,3,0,65,36,4,0,40,62,3,0,65,0,0,0,0.0,2.83,0.15,0,2.98,2830,150,0,2980.0,0,0,0,0.0,0,0,0,0.0,0,0,0,0.0,0,0,0,0.0,0,0,0,0.0,0,0,0,0.0,0,0,0,0.0,2830,150,0,2980.0
2026,April,GOA,NORTH GOA,158500100040,SHRI DEVANAND V SHIRODKAR-108 FPS,139,139,0,0,79,60,0,139,0,0,0,0,79,60,0,139,0,0,0,0,0,0,0,0.0,1.41,1.105,0,2.515,1410,1105,0,2515.0,0,0,0,0.0,0,0,0,0.0,0,0,0,0.0,0,0,0,0.0,0,0,0,0.0,0,0,0,0.0,0,0,0,0.0,1410,1105,0,2515.0
2026,April,GOA,NORTH GOA,158500100041,SHANKER .V. PRABHU KHORJUNVKAR-88 FPS,111,111,0,0,105,0,0,105,6,0,0,6,105,0,0,105,6,0,0,6,0,0,0,0.0,2.06,0,0,2.06,2060,0,0,2060.0,0,0,0,0.0,0,0,0,0.0,0,0,0,0.0,0,0,0,0.0,0,0,0,0.0,0,0,0,0.0,0,0,0,0.0,2060,0,0,2060.0
2026,April,GOA,NORTH GOA,158500100042,BHAGIRATHI-117 FPS,325,325,0,0,316,7,0,323,2,0,0,2,316,7,0,323,2,0,0,2,0,0,0,0.0,5.8,0.095,0,5.895,5800,95,0,5895.0,0,0,0,0.0,0,0,0,0.0,0,0,0,0.0,0,0,0,0.0,0,0,0,0.0,0,0,0,0.0,0,0,0,0.0,5800,95,0,5895.0
2026,April,GOA,NORTH GOA,158500100043,DULER V.K.S SOCIETY-6 FPS,313,313,0,0,235,10,62,307,4,0,2,6,235,10,62,307,4,0,2,6,0,0,0,0.0,4.625,0.205,1.29,6.12,4625,205,1290,6120.0,0,0,0,0.0,0,0,0,0.0,0,0,0,0.0,0,0,0,0.0,0,0,0,0.0,0,0,0,0.0,0,0,0,0.0,4625,205,1290,6120.0
2026,April,GOA,NORTH GOA,158500100044,PRAFULLA P. KANDOLKAR-45 FPS,132,132,0,0,69,8,0,77,53,2,0,55,69,8,0,77,53,2,0,55,0,0,0,0.0,3.135,0.175,0,3.31,3135,175,0,3310.0,0,0,0,0.0,0,0,0,0.0,0,0,0,0.0,0,0,0,0.0,0,0,0,0.0,0,0,0,0.0,0,0,0,0.0,3135,175,0,3310.0
2026,April,GOA,NORTH GOA,158500100046,SANGEETA FAIR PRICE SHOP-114 FPS,40,40,0,0,38,2,0,40,0,0,0,0,38,2,0,40,0,0,0,0,0,0,0,0.0,0.68,0.06,0,0.74,680,60,0,740.0,0,0,0,0.0,0,0,0,0.0,0,0,0,0.0,0,0,0,0.0,0,0,0,0.0,0,0,0,0.0,0,0,0,0.0,680,60,0,740.0
2026,April,GOA,NORTH GOA,158500100047,ALINI A BHONSLE-47 FPS,166,166,0,0,112,0,20,132,25,1,8,34,112,0,20,132,25,1,8,34,0,0,0,0.0,3.19,0.035,0.66,3.885,3190,35,660,3885.0,0,0,0,0.0,0,0,0,0.0,0,0,0,0.0,0,0,0,0.0,0,0,0,0.0,0,0,0,0.0,0,0,0,0.0,3190,35,660,3885.0
2026,April,GOA,NORTH GOA,158500100048,PRAKASH M COULEKAR-75 FPS,309,309,0,0,299,1,0,300,9,0,0,9,299,1,0,300,9,0,0,9,0,0,0,0.0,5.84,0.005,0,5.845,5840,5,0,5845.0,0,0,0,0.0,0,0,0,0.0,0,0,0,0.0,0,0,0,0.0,0,0,0,0.0,0,0,0,0.0,0,0,0,0.0,5840,5,0,5845.0
2026,April,GOA,NORTH GOA,158500100049,ROHIDAS G PARAB-99 FPS,127,127,0,0,100,0,0,100,27,0,0,27,100,0,0,100,27,0,0,27,0,0,0,0.0,2.725,0,0,2.725,2725,0,0,2725.0,0,0,0,0.0,0,0,0,0.0,0,0,0,0.0,0,0,0,0.0,0,0,0,0.0,0,0,0,0.0,0,0,0,0.0,2725,0,0,2725.0
2026,April,GOA,NORTH GOA,158500100050,SHANTA TRIVIKRM JOSHI-90 FPS,72,72,0,0,21,45,0,66,1,5,0,6,21,45,0,66,1,5,0,6,0,0,0,0.0,0.415,1.06,0,1.475,415,1060,0,1475.0,0,0,0,0.0,0,0,0,0.0,0,0,0,0.0,0,0,0,0.0,0,0,0,0.0,0,0,0,0.0,0,0,0,0.0,415,1060,0,1475.0
2026,April,GOA,NORTH GOA,158500100051,SMT. SUJATA V. NAIK-19 FPS,121,121,0,0,109,0,0,109,12,0,0,12,108,0,0,108,12,0,0,12,0,0,0,0.0,2.525,0,0,2.525,2525,0,0,2525.0,0,0,0,0.0,0,0,0,0.0,0,0,0,0.0,0,0,0,0.0,0,0,0,0.0,0,0,0,0.0,0,0,0,0.0,2525,0,0,2525.0
2026,April,GOA,NORTH GOA,158500100054,GAJANAN K PRABHU-46 FPS,132,132,0,0,105,7,2,114,18,0,0,18,105,7,2,114,18,0,0,18,0,0,0,0.0,2.535,0.16,0.045,2.74,2535,160,45,2740.0,0,0,0,0.0,0,0,0,0.0,0,0,0,0.0,0,0,0,0.0,0,0,0,0.0,0,0,0,0.0,0,0,0,0.0,2535,160,45,2740.0
2026,April,GOA,NORTH GOA,158500100055,SANGEETA S PRABHU-80 FPS,96,96,0,0,77,3,11,91,5,0,0,5,77,3,11,91,5,0,0,5,0,0,0,0.0,1.6,0.045,0.23,1.875,1600,45,230,1875.0,0,0,0,0.0,0,0,0,0.0,0,0,0,0.0,0,0,0,0.0,0,0,0,0.0,0,0,0,0.0,0,0,0,0.0,1600,45,230,1875.0
2026,April,GOA,NORTH GOA,158500100056,KASHINATH S SAWAL-61 FPS,176,176,0,0,149,0,26,175,0,0,1,1,149,0,26,175,0,0,1,1,0,0,0,0.0,2.795,0,0.535,3.33,2795,0,535,3330.0,0,0,0,0.0,0,0,0,0.0,0,0,0,0.0,0,0,0,0.0,0,0,0,0.0,0,0,0,0.0,0,0,0,0.0,2795,0,535,3330.0
2026,April,GOA,NORTH GOA,158500100317,RAMTIRTH NAGVEKAR-29 FPS,197,197,0,0,164,3,9,176,16,0,5,21,163,3,9,175,16,0,5,21,0,0,0,0.0,3.6,0.045,0.36,4.005,3600,45,360,4005.0,0,0,0,0.0,0,0,0,0.0,0,0,0,0.0,0,0,0,0.0,0,0,0,0.0,0,0,0,0.0,0,0,0,0.0,3600,45,360,4005.0
2026,April,GOA,NORTH GOA,158500100318,VITHAL C THALI-4 FPS,280,280,0,0,260,5,4,269,10,0,1,11,260,5,4,269,10,0,1,11,0,0,0,0.0,5.68,0.07,0.09,5.84,5680,70,90,5840.0,0,0,0,0.0,0,0,0,0.0,0,0,0,0.0,0,0,0,0.0,0,0,0,0.0,0,0,0,0.0,0,0,0,0.0,5680,70,90,5840.0
2026,April,GOA,NORTH GOA,158500100319,DHARMA G TAMANKAR-52 FPS,191,191,0,0,162,8,5,175,15,0,1,16,162,8,5,175,15,0,1,16,0,0,0,0.0,3.275,0.13,0.1,3.505,3275,130,100,3505.0,0,0,0,0.0,0,0,0,0.0,0,0,0,0.0,0,0,0,0.0,0,0,0,0.0,0,0,0,0.0,0,0,0,0.0,3275,130,100,3505.0
2026,April,GOA,NORTH GOA,158500100320,SHRIKANT U NAIK-50 FPS,288,288,0,0,260,5,0,265,23,0,0,23,260,5,0,265,23,0,0,23,0,0,0,0.0,5.515,0.065,0,5.58,5515,65,0,5580.0,0,0,0,0.0,0,0,0,0.0,0,0,0,0.0,0,0,0,0.0,0,0,0,0.0,0,0,0,0.0,0,0,0,0.0,5515,65,0,5580.0
2026,April,GOA,NORTH GOA,158500100321,BASTORA UCASAIM STY-17 FPS,495,495,0,0,450,3,1,454,41,0,0,41,450,3,1,454,41,0,0,41,0,0,0,0.0,9.64,0.045,0.02,9.705,9640,45,20,9705.0,0,0,0,0.0,0,0,0,0.0,0,0,0,0.0,0,0,0,0.0,0,0,0,0.0,0,0,0,0.0,0,0,0,0.0,9640,45,20,9705.0
2026,April,GOA,NORTH GOA,158500100323,REGINALD B LOBO-107 FPS,107,107,0,0,101,2,2,105,2,0,0,2,101,2,2,105,2,0,0,2,0,0,0,0.0,2.195,0.04,0.015,2.25,2195,40,15,2250.0,0,0,0,0.0,0,0,0,0.0,0,0,0,0.0,0,0,0,0.0,0,0,0,0.0,0,0,0,0.0,0,0,0,0.0,2195,40,15,2250.0
2026,April,GOA,NORTH GOA,158500100324,PRATIMA N VARKHANDKAR-113 FPS,188,188,0,0,186,2,0,188,0,0,0,0,186,2,0,188,0,0,0,0,0,0,0,0.0,3.24,0.02,0,3.26,3240,20,0,3260.0,0,0,0,0.0,0,0,0,0.0,0,0,0,0.0,0,0,0,0.0,0,0,0,0.0,0,0,0,0.0,0,0,0,0.0,3240,20,0,3260.0
2026,April,GOA,NORTH GOA,158500100325,ANAND D KAMAT-48 FPS,83,83,0,0,72,0,0,72,11,0,0,11,72,0,0,72,11,0,0,11,0,0,0,0.0,1.725,0,0,1.725,1725,0,0,1725.0,0,0,0,0.0,0,0,0,0.0,0,0,0,0.0,0,0,0,0.0,0,0,0,0.0,0,0,0,0.0,0,0,0,0.0,1725,0,0,1725.0
2026,April,GOA,NORTH GOA,158500100326,SHRI SOMNATH V HALARNKAR,196,196,0,0,192,0,0,192,4,0,0,4,192,0,0,192,4,0,0,4,0,0,0,0.0,3.62,0,0,3.62,3620,0,0,3620.0,0,0,0,0.0,0,0,0,0.0,0,0,0,0.0,0,0,0,0.0,0,0,0,0.0,0,0,0,0.0,0,0,0,0.0,3620,0,0,3620.0
2026,April,GOA,NORTH GOA,158500100327,VISHWANATH VOLVAIKAR-69 FPS,28,28,0,0,28,0,0,28,0,0,0,0,28,0,0,28,0,0,0,0,0,0,0,0.0,0.66,0,0,0.66,660,0,0,660.0,0,0,0,0.0,0,0,0,0.0,0,0,0,0.0,0,0,0,0.0,0,0,0,0.0,0,0,0,0.0,0,0,0,0.0,660,0,0,660.0
2026,April,GOA,NORTH GOA,158500100328,AMIT CHODANKAR-112 FPS,142,142,0,0,42,96,0,138,1,3,0,4,42,96,0,138,1,3,0,4,0,0,0,0.0,0.73,1.715,0,2.445,730,1715,0,2445.0,0,0,0,0.0,0,0,0,0.0,0,0,0,0.0,0,0,0,0.0,0,0,0,0.0,0,0,0,0.0,0,0,0,0.0,730,1715,0,2445.0
2026,April,GOA,NORTH GOA,158500100329,N.D.KAMBLI-71 FPS,210,210,0,0,199,0,0,199,11,0,0,11,199,0,0,199,11,0,0,11,0,0,0,0.0,3.93,0,0,3.93,3930,0,0,3930.0,0,0,0,0.0,0,0,0,0.0,0,0,0,0.0,0,0,0,0.0,0,0,0,0.0,0,0,0,0.0,0,0,0,0.0,3930,0,0,3930.0
2026,April,GOA,NORTH GOA,158500100330,AGNELO LOBO-78 FPS,217,217,0,0,197,1,3,201,16,0,0,16,197,1,3,201,16,0,0,16,0,0,0,0.0,4.49,0.02,0.05,4.56,4490,20,50,4560.0,0,0,0,0.0,0,0,0,0.0,0,0,0,0.0,0,0,0,0.0,0,0,0,0.0,0,0,0,0.0,0,0,0,0.0,4490,20,50,4560.0
2026,April,GOA,NORTH GOA,158500100331,SHAILA B VAIGANKAR-72 FPS,20,20,0,0,5,9,0,14,6,0,0,6,5,9,0,14,6,0,0,6,0,0,0,0.0,0.315,0.17,0,0.485,315,170,0,485.0,0,0,0,0.0,0,0,0,0.0,0,0,0,0.0,0,0,0,0.0,0,0,0,0.0,0,0,0,0.0,0,0,0,0.0,315,170,0,485.0
2026,April,GOA,NORTH GOA,158500100333,Shaliesh S. Mahambrey -93 FPS,96,96,0,0,37,0,43,80,2,0,14,16,37,0,43,80,2,0,14,16,0,0,0,0.0,0.795,0,1.295,2.09,795,0,1295,2090.0,0,0,0,0.0,0,0,0,0.0,0,0,0,0.0,0,0,0,0.0,0,0,0,0.0,0,0,0,0.0,0,0,0,0.0,795,0,1295,2090.0
2026,April,GOA,NORTH GOA,158500100334,NETAJI R DHARGALKAR-97 FPS,142,142,0,0,136,0,0,136,6,0,0,6,136,0,0,136,6,0,0,6,0,0,0,0.0,2.745,0,0,2.745,2745,0,0,2745.0,0,0,0,0.0,0,0,0,0.0,0,0,0,0.0,0,0,0,0.0,0,0,0,0.0,0,0,0,0.0,0,0,0,0.0,2745,0,0,2745.0
2026,April,GOA,NORTH GOA,158500100335,S.V MALIK-92 FPS,51,51,0,0,48,0,0,48,3,0,0,3,48,0,0,48,3,0,0,3,0,0,0,0.0,0.905,0,0,0.905,905,0,0,905.0,0,0,0,0.0,0,0,0,0.0,0,0,0,0.0,0,0,0,0.0,0,0,0,0.0,0,0,0,0.0,0,0,0,0.0,905,0,0,905.0
2026,April,GOA,NORTH GOA,158500100336,THE REVORA NADORA VKKS STY LTD-60 FPS,371,371,0,0,316,0,0,316,55,0,0,55,316,0,0,316,55,0,0,55,0,0,0,0.0,7.75,0,0,7.75,7750,0,0,7750.0,0,0,0,0.0,0,0,0,0.0,0,0,0,0.0,0,0,0,0.0,0,0,0,0.0,0,0,0,0.0,0,0,0,0.0,7750,0,0,7750.0
2026,April,GOA,NORTH GOA,158500100337,SAKHARAM S FALARI-9 FPS,60,60,0,0,38,18,0,56,3,1,0,4,38,18,0,56,3,1,0,4,0,0,0,0.0,0.74,0.35,0,1.09,740,350,0,1090.0,0,0,0,0.0,0,0,0,0.0,0,0,0,0.0,0,0,0,0.0,0,0,0,0.0,0,0,0,0.0,0,0,0,0.0,740,350,0,1090.0
2026,April,GOA,NORTH GOA,158500100338,SITABAI R NAIK-41 FPS,279,279,0,0,276,1,0,277,2,0,0,2,276,1,0,277,2,0,0,2,0,0,0,0.0,4.965,0.02,0,4.985,4965,20,0,4985.0,0,0,0,0.0,0,0,0,0.0,0,0,0,0.0,0,0,0,0.0,0,0,0,0.0,0,0,0,0.0,0,0,0,0.0,4965,20,0,4985.0
2026,April,GOA,NORTH GOA,158500100339,AMIR SUDAN SHETYE-106 FPS,55,55,0,0,46,0,0,46,9,0,0,9,46,0,0,46,9,0,0,9,0,0,0,0.0,1.405,0,0,1.405,1405,0,0,1405.0,0,0,0,0.0,0,0,0,0.0,0,0,0,0.0,0,0,0,0.0,0,0,0,0.0,0,0,0,0.0,0,0,0,0.0,1405,0,0,1405.0
2026,April,GOA,NORTH GOA,158500100340,BHIKU Y VAIGANKAR-44 FPS,154,154,0,0,101,0,0,101,52,0,1,53,101,0,0,101,52,0,1,53,0,0,0,0.0,3.785,0,0.035,3.82,3785,0,35,3820.0,0,0,0,0.0,0,0,0,0.0,0,0,0,0.0,0,0,0,0.0,0,0,0,0.0,0,0,0,0.0,0,0,0,0.0,3785,0,35,3820.0
2026,April,GOA,NORTH GOA,158500100341,ANAND B BHAIDKAR-7 FPS,332,332,0,0,327,1,1,329,3,0,0,3,327,1,1,329,3,0,0,3,0,0,0,0.0,6.615,0.01,0.025,6.65,6615,10,25,6650.0,0,0,0,0.0,0,0,0,0.0,0,0,0,0.0,0,0,0,0.0,0,0,0,0.0,0,0,0,0.0,0,0,0,0.0,6615,10,25,6650.0
2026,April,GOA,NORTH GOA,158500100342,Jeixri Shyam Naik -21 FPS,631,631,0,0,604,15,6,625,6,0,0,6,604,15,6,625,6,0,0,6,0,0,0,0.0,11.135,0.26,0.095,11.49,11135,260,95,11490.0,0,0,0,0.0,0,0,0,0.0,0,0,0,0.0,0,0,0,0.0,0,0,0,0.0,0,0,0,0.0,0,0,0,0.0,11135,260,95,11490.0
2026,April,GOA,NORTH GOA,158500100343,SMT. C. SIMEPURUSHKAR-65 FPS,19,19,0,0,18,0,0,18,1,0,0,1,18,0,0,18,1,0,0,1,0,0,0,0.0,0.34,0,0,0.34,340,0,0,340.0,0,0,0,0.0,0,0,0,0.0,0,0,0,0.0,0,0,0,0.0,0,0,0,0.0,0,0,0,0.0,0,0,0,0.0,340,0,0,340.0
2026,April,GOA,NORTH GOA,158500100344,FONDU U SHIRODKAR-98 FPS,144,144,0,0,134,1,0,135,9,0,0,9,134,1,0,135,9,0,0,9,0,0,0,0.0,2.585,0.025,0,2.61,2585,25,0,2610.0,0,0,0,0.0,0,0,0,0.0,0,0,0,0.0,0,0,0,0.0,0,0,0,0.0,0,0,0,0.0,0,0,0,0.0,2585,25,0,2610.0
2026,April,GOA,NORTH GOA,158500100345,DARIN JULIAN LOBO-18 FPS,339,339,0,0,247,2,8,257,79,0,3,82,247,2,8,257,79,0,3,82,0,0,0,0.0,7.189,0.04,0.255,7.484,7189,40,255,7484.0,0,0,0,0.0,0,0,0,0.0,0,0,0,0.0,0,0,0,0.0,0,0,0,0.0,0,0,0,0.0,0,0,0,0.0,7189,40,255,7484.0
2026,April,GOA,NORTH GOA,158500100348,ANNA CHRISTINA ALVARES-118 FPS,228,228,0,0,149,8,19,176,48,0,4,52,149,8,19,176,48,0,4,52,0,0,0,0.0,4.515,0.145,0.505,5.165,4515,145,505,5165.0,0,0,0,0.0,0,0,0,0.0,0,0,0,0.0,0,0,0,0.0,0,0,0,0.0,0,0,0,0.0,0,0,0,0.0,4515,145,505,5165.0
2026,April,GOA,NORTH GOA,158500100349,PRACHI PREMNATH MAULINGCAR-55 FPS,340,340,0,0,335,1,0,336,4,0,0,4,335,1,0,336,4,0,0,4,0,0,0,0.0,6.715,0.01,0,6.725,6715,10,0,6725.0,0,0,0,0.0,0,0,0,0.0,0,0,0,0.0,0,0,0,0.0,0,0,0,0.0,0,0,0,0.0,0,0,0,0.0,6715,10,0,6725.0
2026,April,GOA,NORTH GOA,158500100351,PRANAY S. NAIK KALANGUTKAR  - 84 FPS,215,215,0,0,183,11,14,208,5,1,1,7,183,11,14,208,5,1,1,7,0,0,0,0.0,3.54,0.22,0.287,4.047,3540,220,287,4047.0,0,0,0,0.0,0,0,0,0.0,0,0,0,0.0,0,0,0,0.0,0,0,0,0.0,0,0,0,0.0,0,0,0,0.0,3540,220,287,4047.0
2026,April,GOA,NORTH GOA,158500100352,ZICO J. SEQUEIRA- 36 FPS,101,101,0,0,94,0,7,101,0,0,0,0,94,0,7,101,0,0,0,0,0,0,0,0.0,1.555,0,0.115,1.67,1555,0,115,1670.0,0,0,0,0.0,0,0,0,0.0,0,0,0,0.0,0,0,0,0.0,0,0,0,0.0,0,0,0,0.0,0,0,0,0.0,1555,0,115,1670.0
2026,April,GOA,NORTH GOA,158500100356,APARNA V. KAMBLI - 68 FPS,97,97,0,0,97,0,0,97,0,0,0,0,97,0,0,97,0,0,0,0,0,0,0,0.0,1.795,0,0,1.795,1795,0,0,1795.0,0,0,0,0.0,0,0,0,0.0,0,0,0,0.0,0,0,0,0.0,0,0,0,0.0,0,0,0,0.0,0,0,0,0.0,1795,0,0,1795.0
2026,April,GOA,NORTH GOA,158500100357,KISHORI D. SHINDE FPS-10,210,210,0,0,156,4,26,186,19,0,5,24,156,4,26,186,19,0,5,24,0,0,0,0.0,3.435,0.11,0.706,4.251,3435,110,706,4251.0,0,0,0,0.0,0,0,0,0.0,0,0,0,0.0,0,0,0,0.0,0,0,0,0.0,0,0,0,0.0,0,0,0,0.0,3435,110,706,4251.0
2026,April,GOA,NORTH GOA,158500100369,PANKAJ N. DHARGALKAR-119 FPS,112,112,0,0,103,4,4,111,0,0,1,1,103,4,4,111,0,0,1,1,0,0,0,0.0,2.105,0.09,0.13,2.325,2105,90,130,2325.0,0,0,0,0.0,0,0,0,0.0,0,0,0,0.0,0,0,0,0.0,0,0,0,0.0,0,0,0,0.0,0,0,0,0.0,2105,90,130,2325.0
2026,April,GOA,NORTH GOA,158500100370,SULOCHANA KALANGUTKAR-120 FPS,133,133,0,0,124,1,0,125,8,0,0,8,124,1,0,125,8,0,0,8,0,0,0,0.0,2.645,0.02,0,2.665,2645,20,0,2665.0,0,0,0,0.0,0,0,0,0.0,0,0,0,0.0,0,0,0,0.0,0,0,0,0.0,0,0,0,0.0,0,0,0,0.0,2645,20,0,2665.0
2026,April,GOA,NORTH GOA,158500100371,SNEHAL NARAYAN SALGAONKAR,199,199,0,0,195,2,0,197,2,0,0,2,195,2,0,197,2,0,0,2,0,0,0,0.0,3.765,0.03,0,3.795,3765,30,0,3795.0,0,0,0,0.0,0,0,0,0.0,0,0,0,0.0,0,0,0,0.0,0,0,0,0.0,0,0,0,0.0,0,0,0,0.0,3765,30,0,3795.0
2026,April,GOA,NORTH GOA,158500200002,PURSHOTTAM C NAIK-5 FPS,124,124,0,0,96,0,0,96,28,0,0,28,96,0,0,96,28,0,0,28,0,0,0,0.0,2.63,0,0,2.63,2630,0,0,2630.0,0,0,0,0.0,0,0,0,0.0,0,0,0,0.0,0,0,0,0.0,0,0,0,0.0,0,0,0,0.0,0,0,0,0.0,2630,0,0,2630.0
2026,April,GOA,NORTH GOA,158500200003,MULGAO SHIRGAO ADVALPAL V.K.S.S.SOCIETY LTD-6 FPS,314,314,0,0,270,7,8,285,29,0,0,29,270,7,8,285,29,0,0,29,0,0,0,0.0,5.62,0.095,0.165,5.88,5620,95,165,5880.0,0,0,0,0.0,0,0,0,0.0,0,0,0,0.0,0,0,0,0.0,0,0,0,0.0,0,0,0,0.0,0,0,0,0.0,5620,95,165,5880.0
2026,April,GOA,NORTH GOA,158500200004,PILIGAO V.K.S.STY LTD-12 FPS,312,312,0,0,292,1,7,300,11,0,1,12,292,1,7,300,11,0,1,12,0,0,0,0.0,5.27,0.025,0.14,5.435,5270,25,140,5435.0,0,0,0,0.0,0,0,0,0.0,0,0,0,0.0,0,0,0,0.0,0,0,0,0.0,0,0,0,0.0,0,0,0,0.0,5270,25,140,5435.0
2026,April,GOA,NORTH GOA,158500200005,BICHOLIM VKSS SOCIETY LTD-8 & 11 FPS,300,300,0,0,161,37,8,206,73,19,2,94,161,37,8,206,73,19,2,94,0,0,0,0.0,5.215,1.39,0.205,6.81,5215,1390,205,6810.0,0,0,0,0.0,0,0,0,0.0,0,0,0,0.0,0,0,0,0.0,0,0,0,0.0,0,0,0,0.0,0,0,0,0.0,5215,1390,205,6810.0
2026,April,GOA,NORTH GOA,158500200006,BICHOLIM VKSS SOC LTD-9 FPS,114,114,0,0,26,41,4,71,23,20,0,43,26,41,4,71,23,20,0,43,0,0,0,0.0,1.26,1.42,0.08,2.76,1260,1420,80,2760.0,0,0,0,0.0,0,0,0,0.0,0,0,0,0.0,0,0,0,0.0,0,0,0,0.0,0,0,0,0.0,0,0,0,0.0,1260,1420,80,2760.0
2026,April,GOA,NORTH GOA,158500200007,KALYAN CONSUMERS CO-OPERATIVE SOCIETY LTD-10 FPS,166,166,0,0,102,0,8,110,56,0,0,56,101,0,8,109,56,0,0,56,0,0,0,0.0,3.515,0,0.165,3.68,3515,0,165,3680.0,0,0,0,0.0,0,0,0,0.0,0,0,0,0.0,0,0,0,0.0,0,0,0,0.0,0,0,0,0.0,0,0,0,0.0,3515,0,165,3680.0
2026,April,GOA,NORTH GOA,158500200009,KARAPUR SARVAN V K STY-16 FPS,395,395,0,0,373,2,14,389,3,0,3,6,373,2,14,389,3,0,3,6,0,0,0,0.0,6.915,0.03,0.385,7.33,6915,30,385,7330.0,0,0,0,0.0,0,0,0,0.0,0,0,0,0.0,0,0,0,0.0,0,0,0,0.0,0,0,0,0.0,0,0,0,0.0,6915,30,385,7330.0
2026,April,GOA,NORTH GOA,158500200010,MAHARASTRA V.K.S SOCIETY LTD-17 FPS,356,356,0,0,247,36,60,343,6,0,7,13,247,36,60,343,6,0,7,13,0,0,0,0.0,4.74,0.5,1.335,6.575,4740,500,1335,6575.0,0,0,0,0.0,0,0,0,0.0,0,0,0,0.0,0,0,0,0.0,0,0,0,0.0,0,0,0,0.0,0,0,0,0.0,4740,500,1335,6575.0
2026,April,GOA,NORTH GOA,158500200011,NAVELIM VKSS STY LTD-20 FPS,288,288,0,0,285,3,0,288,0,0,0,0,285,3,0,288,0,0,0,0,0,0,0,0.0,5.01,0.055,0,5.065,5010,55,0,5065.0,0,0,0,0.0,0,0,0,0.0,0,0,0,0.0,0,0,0,0.0,0,0,0,0.0,0,0,0,0.0,0,0,0,0.0,5010,55,0,5065.0
2026,April,GOA,NORTH GOA,158500200012,SURLA KOTHAMBI V.K.S.S. STY LTD.-23 FPS,494,494,0,0,465,2,0,467,27,0,0,27,465,2,0,467,27,0,0,27,0,0,0,0.0,9.695,0.03,0,9.725,9695,30,0,9725.0,0,0,0,0.0,0,0,0,0.0,0,0,0,0.0,0,0,0,0.0,0,0,0,0.0,0,0,0,0.0,0,0,0,0.0,9695,30,0,9725.0
2026,April,GOA,NORTH GOA,158500200013,MAHARASTRA  V.K.S.SOCIETY -25 FPS,381,381,0,0,289,30,57,376,5,0,0,5,289,30,57,376,5,0,0,5,0,0,0,0.0,5.675,0.585,1.089,7.349,5675,585,1089,7349.0,0,0,0,0.0,0,0,0,0.0,0,0,0,0.0,0,0,0,0.0,0,0,0,0.0,0,0,0,0.0,0,0,0,0.0,5675,585,1089,7349.0
2026,April,GOA,NORTH GOA,158500200014,VISHNU RAMCHANDRA PARAB-29 FPS,399,399,0,0,383,1,0,384,15,0,0,15,383,1,0,384,15,0,0,15,0,0,0,0.0,8.24,0.02,0,8.26,8240,20,0,8260.0,0,0,0,0.0,0,0,0,0.0,0,0,0,0.0,0,0,0,0.0,0,0,0,0.0,0,0,0,0.0,0,0,0,0.0,8240,20,0,8260.0
2026,April,GOA,NORTH GOA,158500200015,SANTOSH K GADEKAR-30 FPS,313,313,0,0,295,2,0,297,16,0,0,16,295,2,0,297,16,0,0,16,0,0,0,0.0,5.575,0.01,0,5.585,5575,10,0,5585.0,0,0,0,0.0,0,0,0,0.0,0,0,0,0.0,0,0,0,0.0,0,0,0,0.0,0,0,0,0.0,0,0,0,0.0,5575,10,0,5585.0
2026,April,GOA,NORTH GOA,158500200016,TUKARAM RAGHOBA GAONKAR-33 FPS,152,152,0,0,111,0,0,111,41,0,0,41,111,0,0,111,41,0,0,41,0,0,0,0.0,3.3,0,0,3.3,3300,0,0,3300.0,0,0,0,0.0,0,0,0,0.0,0,0,0,0.0,0,0,0,0.0,0,0,0,0.0,0,0,0,0.0,0,0,0,0.0,3300,0,0,3300.0
2026,April,GOA,NORTH GOA,158500200018,SMT. NAFISA IMRAN SHAIKH-35 FPS,350,350,0,0,239,2,47,288,56,0,6,62,239,2,47,288,56,0,6,62,0,0,0,0.0,6.985,0.02,1.025,8.03,6985,20,1025,8030.0,0,0,0,0.0,0,0,0,0.0,0,0,0,0.0,0,0,0,0.0,0,0,0,0.0,0,0,0,0.0,0,0,0,0.0,6985,20,1025,8030.0
2026,April,GOA,NORTH GOA,158500200019,SHAMBHU VAMAN FADTE-36 FPS,106,106,0,0,98,2,2,102,3,0,1,4,98,2,2,102,3,0,1,4,0,0,0,0.0,1.655,0.02,0.07,1.745,1655,20,70,1745.0,0,0,0,0.0,0,0,0,0.0,0,0,0,0.0,0,0,0,0.0,0,0,0,0.0,0,0,0,0.0,0,0,0,0.0,1655,20,70,1745.0
2026,April,GOA,NORTH GOA,158500200020,MOHAN GANESH TARI-37 FPS,300,300,0,0,296,0,0,296,4,0,0,4,296,0,0,296,4,0,0,4,0,0,0,0.0,5.515,0,0,5.515,5515,0,0,5515.0,0,0,0,0.0,0,0,0,0.0,0,0,0,0.0,0,0,0,0.0,0,0,0,0.0,0,0,0,0.0,0,0,0,0.0,5515,0,0,5515.0
2026,April,GOA,NORTH GOA,158500200021,VELGUEM MAH  CONSUMER CO-OP SOCIETY LTD-38 FPS,356,356,0,0,353,0,0,353,3,0,0,3,353,0,0,353,3,0,0,3,0,0,0,0.0,6.725,0,0,6.725,6725,0,0,6725.0,0,0,0,0.0,0,0,0,0.0,0,0,0,0.0,0,0,0,0.0,0,0,0,0.0,0,0,0,0.0,0,0,0,0.0,6725,0,0,6725.0
2026,April,GOA,NORTH GOA,158500200022,DEEPAK P.N KUMBHARJUVEKAR-40 FPS,102,102,0,0,101,0,0,101,1,0,0,1,101,0,0,101,1,0,0,1,0,0,0,0.0,1.76,0,0,1.76,1760,0,0,1760.0,0,0,0,0.0,0,0,0,0.0,0,0,0,0.0,0,0,0,0.0,0,0,0,0.0,0,0,0,0.0,0,0,0,0.0,1760,0,0,1760.0
2026,April,GOA,NORTH GOA,158500200023,SANJAY S ARONDEKAR-43 FPS,539,539,0,0,449,2,0,451,88,0,0,88,449,2,0,451,88,0,0,88,0,0,0,0.0,11.42,0.03,0,11.45,11420,30,0,11450.0,0,0,0,0.0,0,0,0,0.0,0,0,0,0.0,0,0,0,0.0,0,0,0,0.0,0,0,0,0.0,0,0,0,0.0,11420,30,0,11450.0
2026,April,GOA,NORTH GOA,158500200024,Sunil V Govekar-45 FPS,174,174,0,0,162,2,4,168,6,0,0,6,162,2,4,168,6,0,0,6,0,0,0,0.0,2.965,0.02,0.09,3.075,2965,20,90,3075.0,0,0,0,0.0,0,0,0,0.0,0,0,0,0.0,0,0,0,0.0,0,0,0,0.0,0,0,0,0.0,0,0,0,0.0,2965,20,90,3075.0
2026,April,GOA,NORTH GOA,158500200171,SMT SHILPA UMESH RAUT-4 FPS,286,286,0,0,267,2,2,271,14,0,1,15,266,2,2,270,14,0,1,15,0,0,0,0.0,5.58,0.03,0.08,5.69,5580,30,80,5690.0,0,0,0,0.0,0,0,0,0.0,0,0,0,0.0,0,0,0,0.0,0,0,0,0.0,0,0,0,0.0,0,0,0,0.0,5580,30,80,5690.0
2026,April,GOA,NORTH GOA,158500200172,VAN GROUP V.K.S.STY-7 FPS,373,373,0,0,327,2,8,337,35,0,1,36,327,2,8,337,35,0,1,36,0,0,0,0.0,7.35,0.02,0.175,7.545,7350,20,175,7545.0,0,0,0,0.0,0,0,0,0.0,0,0,0,0.0,0,0,0,0.0,0,0,0,0.0,0,0,0,0.0,0,0,0,0.0,7350,20,175,7545.0
2026,April,GOA,NORTH GOA,158500200173,KRISHNA R. SATARDEKAR-18 FPS,425,425,0,0,407,12,0,419,6,0,0,6,407,12,0,419,6,0,0,6,0,0,0,0.0,8.15,0.195,0,8.345,8150,195,0,8345.0,0,0,0,0.0,0,0,0,0.0,0,0,0,0.0,0,0,0,0.0,0,0,0,0.0,0,0,0,0.0,0,0,0,0.0,8150,195,0,8345.0
2026,April,GOA,NORTH GOA,158500200174,MAHALAXMI V.K.S.STY-19 & 32 FPS,301,301,0,0,278,2,6,286,15,0,0,15,277,2,6,285,15,0,0,15,0,0,0,0.0,5.635,0.02,0.115,5.77,5635,20,115,5770.0,0,0,0,0.0,0,0,0,0.0,0,0,0,0.0,0,0,0,0.0,0,0,0,0.0,0,0,0,0.0,0,0,0,0.0,5635,20,115,5770.0
2026,April,GOA,NORTH GOA,158500200175,SAJRO U PARAB-22 FPS,164,164,0,0,155,0,2,157,7,0,0,7,155,0,2,157,7,0,0,7,0,0,0,0.0,2.86,0,0.035,2.895,2860,0,35,2895.0,0,0,0,0.0,0,0,0,0.0,0,0,0,0.0,0,0,0,0.0,0,0,0,0.0,0,0,0,0.0,0,0,0,0.0,2860,0,35,2895.0
2026,April,GOA,NORTH GOA,158500200176,NAVDURGA V K S STY-24 & 26 FPS,575,575,0,0,536,24,5,565,10,0,0,10,536,24,5,565,10,0,0,10,0,0,0,0.0,10.14,0.335,0.105,10.58,10140,335,105,10580.0,0,0,0,0.0,0,0,0,0.0,0,0,0,0.0,0,0,0,0.0,0,0,0,0.0,0,0,0,0.0,0,0,0,0.0,10140,335,105,10580.0
2026,April,GOA,NORTH GOA,158500200177,SWETA PRABHUGAONKAR-31 FPS,204,204,0,0,199,3,0,202,2,0,0,2,199,3,0,202,2,0,0,2,0,0,0,0.0,3.475,0.05,0,3.525,3475,50,0,3525.0,0,0,0,0.0,0,0,0,0.0,0,0,0,0.0,0,0,0,0.0,0,0,0,0.0,0,0,0,0.0,0,0,0,0.0,3475,50,0,3525.0
2026,April,GOA,NORTH GOA,158500200178,KALYAN CONSUMERS CO-OPERATIVE SOCIETY LTD-34 FPS,204,204,0,0,144,1,6,151,53,0,0,53,144,1,6,151,53,0,0,53,0,0,0,0.0,4.2,0.02,0.1,4.32,4200,20,100,4320.0,0,0,0,0.0,0,0,0,0.0,0,0,0,0.0,0,0,0,0.0,0,0,0,0.0,0,0,0,0.0,0,0,0,0.0,4200,20,100,4320.0
2026,April,GOA,NORTH GOA,158500200181,NAVDURGA V K S STY-42 & 28 FPS,181,181,0,0,170,11,0,181,0,0,0,0,170,11,0,181,0,0,0,0,0,0,0,0.0,3.305,0.14,0,3.445,3305,140,0,3445.0,0,0,0,0.0,0,0,0,0.0,0,0,0,0.0,0,0,0,0.0,0,0,0,0.0,0,0,0,0.0,0,0,0,0.0,3305,140,0,3445.0
2026,April,GOA,NORTH GOA,158500200182,SANDHYA G KASAR-44 FPS,91,91,0,0,82,0,0,82,9,0,0,9,82,0,0,82,9,0,0,9,0,0,0,0.0,1.76,0,0,1.76,1760,0,0,1760.0,0,0,0,0.0,0,0,0,0.0,0,0,0,0.0,0,0,0,0.0,0,0,0,0.0,0,0,0,0.0,0,0,0,0.0,1760,0,0,1760.0
2026,April,GOA,NORTH GOA,158500200183,ADVALPAL V.K.S STY-1 FPS,190,190,0,0,168,0,0,168,22,0,0,22,168,0,0,168,22,0,0,22,0,0,0,0.0,3.785,0,0,3.785,3785,0,0,3785.0,0,0,0,0.0,0,0,0,0.0,0,0,0,0.0,0,0,0,0.0,0,0,0,0.0,0,0,0,0.0,0,0,0,0.0,3785,0,0,3785.0
2026,April,GOA,NORTH GOA,158500200184,MAHARASHTRA V K S STY-15 FPS,404,404,0,0,377,17,0,394,10,0,0,10,377,17,0,394,10,0,0,10,0,0,0,0.0,7.715,0.32,0,8.035,7715,320,0,8035.0,0,0,0,0.0,0,0,0,0.0,0,0,0,0.0,0,0,0,0.0,0,0,0,0.0,0,0,0,0.0,0,0,0,0.0,7715,320,0,8035.0
2026,April,GOA,NORTH GOA,158500200185,NARVA V K S STY-13 FPS,258,258,0,0,216,2,0,218,40,0,0,40,216,2,0,218,40,0,0,40,0,0,0,0.0,5.049,0.02,0,5.069,5049,20,0,5069.0,0,0,0,0.0,0,0,0,0.0,0,0,0,0.0,0,0,0,0.0,0,0,0,0.0,0,0,0,0.0,0,0,0,0.0,5049,20,0,5069.0
2026,April,GOA,NORTH GOA,158500200187,RAHUL RAMA NAIK- 46 FPS,186,186,0,0,184,0,0,184,2,0,0,2,184,0,0,184,2,0,0,2,0,0,0,0.0,3.715,0,0,3.715,3715,0,0,3715.0,0,0,0,0.0,0,0,0,0.0,0,0,0,0.0,0,0,0,0.0,0,0,0,0.0,0,0,0,0.0,0,0,0,0.0,3715,0,0,3715.0
2026,April,GOA,NORTH GOA,158500200188,KASARPAL V K S STY-2 & 3 FPS,504,504,0,0,428,2,1,431,73,0,0,73,428,2,1,431,73,0,0,73,0,0,0,0.0,10.625,0.035,0.015,10.675,10625,35,15,10675.0,0,0,0,0.0,0,0,0,0.0,0,0,0,0.0,0,0,0,0.0,0,0,0,0.0,0,0,0,0.0,0,0,0,0.0,10625,35,15,10675.0
2026,April,GOA,NORTH GOA,158500200189,VITHOBA L GHADI-39 FPS,193,193,0,0,193,0,0,193,0,0,0,0,193,0,0,193,0,0,0,0,0,0,0,0.0,4.045,0,0,4.045,4045,0,0,4045.0,0,0,0,0.0,0,0,0,0.0,0,0,0,0.0,0,0,0,0.0,0,0,0,0.0,0,0,0,0.0,0,0,0,0.0,4045,0,0,4045.0
2026,April,GOA,NORTH GOA,158500200190,TULSHIDAS K GAONKAR-41 FPS,236,236,0,0,204,0,0,204,32,0,0,32,204,0,0,204,32,0,0,32,0,0,0,0.0,5.37,0,0,5.37,5370,0,0,5370.0,0,0,0,0.0,0,0,0,0.0,0,0,0,0.0,0,0,0,0.0,0,0,0,0.0,0,0,0,0.0,0,0,0,0.0,5370,0,0,5370.0
2026,April,GOA,NORTH GOA,158500200191,DIGVETTA D KARBOTHKAR-14 FPS,93,93,0,0,92,0,0,92,1,0,0,1,92,0,0,92,1,0,0,1,0,0,0,0.0,1.73,0,0,1.73,1730,0,0,1730.0,0,0,0,0.0,0,0,0,0.0,0,0,0,0.0,0,0,0,0.0,0,0,0,0.0,0,0,0,0.0,0,0,0,0.0,1730,0,0,1730.0
2026,April,GOA,NORTH GOA,158500200192,MAHALAXMI RAVALNATH MULTIPURPOSE CO-OPERATIVE SOCIETY LTD,97,97,0,0,96,0,0,96,1,0,0,1,96,0,0,96,1,0,0,1,0,0,0,0.0,1.445,0,0,1.445,1445,0,0,1445.0,0,0,0,0.0,0,0,0,0.0,0,0,0,0.0,0,0,0,0.0,0,0,0,0.0,0,0,0,0.0,0,0,0,0.0,1445,0,0,1445.0
2026,April,GOA,NORTH GOA,158500300002,GOVIND P SHETGAONKAR-3 FPS,120,120,0,0,95,2,0,97,23,0,0,23,95,2,0,97,23,0,0,23,0,0,0,0.0,2.55,0.035,0,2.585,2550,35,0,2585.0,0,0,0,0.0,0,0,0,0.0,0,0,0,0.0,0,0,0,0.0,0,0,0,0.0,0,0,0,0.0,0,0,0,0.0,2550,35,0,2585.0
2026,April,GOA,NORTH GOA,158500300003,KRISHNA S.SHETGAONKAR-5 FPS,246,246,0,0,157,5,0,162,84,0,0,84,157,5,0,162,83,0,0,83,0,0,0,0.0,5.575,0.07,0,5.645,5575,70,0,5645.0,0,0,0,0.0,0,0,0,0.0,0,0,0,0.0,0,0,0,0.0,0,0,0,0.0,0,0,0,0.0,0,0,0,0.0,5575,70,0,5645.0
2026,April,GOA,NORTH GOA,158500300004,M/S LAXMAN SHAMBA NAIK-6 FPS,199,199,0,0,143,0,0,143,56,0,0,56,143,0,0,143,56,0,0,56,0,0,0,0.0,4.64,0,0,4.64,4640,0,0,4640.0,0,0,0,0.0,0,0,0,0.0,0,0,0,0.0,0,0,0,0.0,0,0,0,0.0,0,0,0,0.0,0,0,0,0.0,4640,0,0,4640.0
2026,April,GOA,NORTH GOA,158500300005,SHRI BAPTISTA D'SOUZA-7 FPS,377,377,0,0,327,2,0,329,48,0,0,48,327,2,0,329,48,0,0,48,0,0,0,0.0,7.35,0.03,0,7.38,7350,30,0,7380.0,0,0,0,0.0,0,0,0,0.0,0,0,0,0.0,0,0,0,0.0,0,0,0,0.0,0,0,0,0.0,0,0,0,0.0,7350,30,0,7380.0
2026,April,GOA,NORTH GOA,158500300006,SADANAND D PALNI-8 FPS,248,248,0,0,150,0,4,154,94,0,0,94,150,0,4,154,94,0,0,94,0,0,0,0.0,6.045,0,0.055,6.1,6045,0,55,6100.0,0,0,0,0.0,0,0,0,0.0,0,0,0,0.0,0,0,0,0.0,0,0,0,0.0,0,0,0,0.0,0,0,0,0.0,6045,0,55,6100.0
2026,April,GOA,NORTH GOA,158500300008,ABHIJIT ULHAS NARVEKAR-10 FPS,371,371,0,0,258,0,0,258,113,0,0,113,258,0,0,258,113,0,0,113,0,0,0,0.0,8.315,0,0,8.315,8315,0,0,8315.0,0,0,0,0.0,0,0,0,0.0,0,0,0,0.0,0,0,0,0.0,0,0,0,0.0,0,0,0,0.0,0,0,0,0.0,8315,0,0,8315.0
2026,April,GOA,NORTH GOA,158500300010,NANDAKUMAR SHET-12 FPS,400,400,0,0,233,3,3,239,159,2,0,161,233,3,3,239,159,2,0,161,0,0,0,0.0,9.85,0.12,0.055,10.025,9850,120,55,10025.0,0,0,0,0.0,0,0,0,0.0,0,0,0,0.0,0,0,0,0.0,0,0,0,0.0,0,0,0,0.0,0,0,0,0.0,9850,120,55,10025.0
2026,April,GOA,NORTH GOA,158500300011,SHRI ASHOK RAJARAM KAMAT-13 FPS,311,311,0,0,176,0,0,176,134,1,0,135,176,0,0,176,134,1,0,135,0,0,0,0.0,7.81,0.035,0,7.845,7810,35,0,7845.0,0,0,0,0.0,0,0,0,0.0,0,0,0,0.0,0,0,0,0.0,0,0,0,0.0,0,0,0,0.0,0,0,0,0.0,7810,35,0,7845.0
2026,April,GOA,NORTH GOA,158500300012,PRAKASH B NAIK-14 FPS,81,81,0,0,28,0,0,28,53,0,0,53,28,0,0,28,53,0,0,53,0,0,0,0.0,2.335,0,0,2.335,2335,0,0,2335.0,0,0,0,0.0,0,0,0,0.0,0,0,0,0.0,0,0,0,0.0,0,0,0,0.0,0,0,0,0.0,0,0,0,0.0,2335,0,0,2335.0
2026,April,GOA,NORTH GOA,158500300013,SUHASINI KASHIRAM KORGAONKAR-15 FPS,162,162,0,0,99,1,1,101,59,0,2,61,92,1,1,94,54,0,2,56,0,0,0,0.0,3.505,0.02,0.095,3.62,3505,20,95,3620.0,0,0,0,0.0,0,0,0,0.0,0,0,0,0.0,0,0,0,0.0,0,0,0,0.0,0,0,0,0.0,0,0,0,0.0,3505,20,95,3620.0
2026,April,GOA,NORTH GOA,158500300014,GAUTAMI R MANDREKAR-49 FPS,346,346,0,0,208,3,5,216,130,0,0,130,208,3,5,216,130,0,0,130,0,0,0,0.0,8.145,0.04,0.095,8.28,8145,40,95,8280.0,0,0,0,0.0,0,0,0,0.0,0,0,0,0.0,0,0,0,0.0,0,0,0,0.0,0,0,0,0.0,0,0,0,0.0,8145,40,95,8280.0
2026,April,GOA,NORTH GOA,158500300016,SAI PRASAD-19 FPS,355,355,0,0,298,1,0,299,56,0,0,56,298,1,0,299,56,0,0,56,0,0,0,0.0,7.075,0.02,0,7.095,7075,20,0,7095.0,0,0,0,0.0,0,0,0,0.0,0,0,0,0.0,0,0,0,0.0,0,0,0,0.0,0,0,0,0.0,0,0,0,0.0,7075,20,0,7095.0
2026,April,GOA,NORTH GOA,158500300017,Saiprasad Stores-20 FPS,98,98,0,0,75,0,0,75,23,0,0,23,75,0,0,75,23,0,0,23,0,0,0,0.0,2.14,0,0,2.14,2140,0,0,2140.0,0,0,0,0.0,0,0,0,0.0,0,0,0,0.0,0,0,0,0.0,0,0,0,0.0,0,0,0,0.0,0,0,0,0.0,2140,0,0,2140.0
2026,April,GOA,NORTH GOA,158500300018,MANOHAR DAJI NAIK-21 FPS,346,346,0,0,169,1,1,171,173,1,1,175,168,1,1,170,173,1,1,175,0,0,0,0.0,9.1,0.045,0.065,9.21,9100,45,65,9210.0,0,0,0,0.0,0,0,0,0.0,0,0,0,0.0,0,0,0,0.0,0,0,0,0.0,0,0,0,0.0,0,0,0,0.0,9100,45,65,9210.0
2026,April,GOA,NORTH GOA,158500300019,VISHNU G MAHALE-22 FPS,168,168,0,0,133,2,0,135,33,0,0,33,133,2,0,135,33,0,0,33,0,0,0,0.0,3.575,0.03,0,3.605,3575,30,0,3605.0,0,0,0,0.0,0,0,0,0.0,0,0,0,0.0,0,0,0,0.0,0,0,0,0.0,0,0,0,0.0,0,0,0,0.0,3575,30,0,3605.0
2026,April,GOA,NORTH GOA,158500300020,Atmaram R. Parab-23 FPS,181,181,0,0,125,0,0,125,56,0,0,56,125,0,0,125,56,0,0,56,0,0,0,0.0,4.24,0,0,4.24,4240,0,0,4240.0,0,0,0,0.0,0,0,0,0.0,0,0,0,0.0,0,0,0,0.0,0,0,0,0.0,0,0,0,0.0,0,0,0,0.0,4240,0,0,4240.0
2026,April,GOA,NORTH GOA,158500300026,ARUN S SAWANT-32 FPS,303,303,0,0,224,0,0,224,79,0,0,79,224,0,0,224,79,0,0,79,0,0,0,0.0,7.05,0,0,7.05,7050,0,0,7050.0,0,0,0,0.0,0,0,0,0.0,0,0,0,0.0,0,0,0,0.0,0,0,0,0.0,0,0,0,0.0,0,0,0,0.0,7050,0,0,7050.0
2026,April,GOA,NORTH GOA,158500300027,GADEKAR STORES-33 FPS,215,215,0,0,175,0,0,175,40,0,0,40,175,0,0,175,40,0,0,40,0,0,0,0.0,4.545,0,0,4.545,4545,0,0,4545.0,0,0,0,0.0,0,0,0,0.0,0,0,0,0.0,0,0,0,0.0,0,0,0,0.0,0,0,0,0.0,0,0,0,0.0,4545,0,0,4545.0
2026,April,GOA,NORTH GOA,158500300028,S.B.SAWANT-36 FPS,214,214,0,0,112,2,0,114,100,0,0,100,112,2,0,114,100,0,0,100,0,0,0,0.0,5.535,0.03,0,5.565,5535,30,0,5565.0,0,0,0,0.0,0,0,0,0.0,0,0,0,0.0,0,0,0,0.0,0,0,0,0.0,0,0,0,0.0,0,0,0,0.0,5535,30,0,5565.0
2026,April,GOA,NORTH GOA,158500300029,G.V.SUBHAJI-37 FPS,409,409,0,0,346,1,1,348,61,0,0,61,346,1,1,348,61,0,0,61,0,0,0,0.0,8.365,0.02,0.02,8.405,8365,20,20,8405.0,0,0,0,0.0,0,0,0,0.0,0,0,0,0.0,0,0,0,0.0,0,0,0,0.0,0,0,0,0.0,0,0,0,0.0,8365,20,20,8405.0
2026,April,GOA,NORTH GOA,158500300030,PEDNE TALUKA FARMERS SERVICE COOP STY LTD.-38 FPS,176,176,0,0,132,4,0,136,40,0,0,40,132,4,0,136,40,0,0,40,0,0,0,0.0,3.72,0.05,0,3.77,3720,50,0,3770.0,0,0,0,0.0,0,0,0,0.0,0,0,0,0.0,0,0,0,0.0,0,0,0,0.0,0,0,0,0.0,0,0,0,0.0,3720,50,0,3770.0
2026,April,GOA,NORTH GOA,158500300031,SMT SUNITA SHRIRAM BUGDE-40 FPS,262,262,0,0,189,4,0,193,69,0,0,69,189,4,0,193,69,0,0,69,0,0,0,0.0,5.67,0.07,0,5.74,5670,70,0,5740.0,0,0,0,0.0,0,0,0,0.0,0,0,0,0.0,0,0,0,0.0,0,0,0,0.0,0,0,0,0.0,0,0,0,0.0,5670,70,0,5740.0
2026,April,GOA,NORTH GOA,158500300033,ANKUSH SHYAM SAWANT-42 FPS,168,168,0,0,113,0,0,113,55,0,0,55,113,0,0,113,55,0,0,55,0,0,0,0.0,4.015,0,0,4.015,4015,0,0,4015.0,0,0,0,0.0,0,0,0,0.0,0,0,0,0.0,0,0,0,0.0,0,0,0,0.0,0,0,0,0.0,0,0,0,0.0,4015,0,0,4015.0
2026,April,GOA,NORTH GOA,158500300034,GURUNATH VASUDEV TALAVANEKAR-45 FPS,147,147,0,0,98,0,0,98,49,0,0,49,98,0,0,98,49,0,0,49,0,0,0,0.0,3.41,0,0,3.41,3410,0,0,3410.0,0,0,0,0.0,0,0,0,0.0,0,0,0,0.0,0,0,0,0.0,0,0,0,0.0,0,0,0,0.0,0,0,0,0.0,3410,0,0,3410.0
2026,April,GOA,NORTH GOA,158500300036,MULVIR STORE-48 FPS,105,105,0,0,64,0,0,64,41,0,0,41,64,0,0,64,41,0,0,41,0,0,0,0.0,2.655,0,0,2.655,2655,0,0,2655.0,0,0,0,0.0,0,0,0,0.0,0,0,0,0.0,0,0,0,0.0,0,0,0,0.0,0,0,0,0.0,0,0,0,0.0,2655,0,0,2655.0
2026,April,GOA,NORTH GOA,158500300037,PEDNE TALUKA FARMERS SERVICE CO-OP SOCIETY LTD-25 FPS,290,290,0,0,265,0,13,278,11,0,1,12,265,0,13,278,11,0,1,12,0,0,0,0.0,5.46,0,0.268,5.728,5460,0,268,5728.0,0,0,0,0.0,0,0,0,0.0,0,0,0,0.0,0,0,0,0.0,0,0,0,0.0,0,0,0,0.0,0,0,0,0.0,5460,0,268,5728.0
2026,April,GOA,NORTH GOA,158500300038,MR.UTTAM K KOTKAR-2 FPS,447,447,0,0,243,7,2,252,192,2,1,195,243,7,2,252,192,2,1,195,0,0,0,0.0,10.925,0.19,0.065,11.18,10925,190,65,11180.0,0,0,0,0.0,0,0,0,0.0,0,0,0,0.0,0,0,0,0.0,0,0,0,0.0,0,0,0,0.0,0,0,0,0.0,10925,190,65,11180.0
2026,April,GOA,NORTH GOA,158500300132,ULHAS R NAIK-17 FPS,255,255,0,0,182,2,0,184,70,1,0,71,182,2,0,184,70,1,0,71,0,0,0,0.0,5.75,0.065,0,5.815,5750,65,0,5815.0,0,0,0,0.0,0,0,0,0.0,0,0,0,0.0,0,0,0,0.0,0,0,0,0.0,0,0,0,0.0,0,0,0,0.0,5750,65,0,5815.0
2026,April,GOA,NORTH GOA,158500300133,PEDNE TALUKA FARMERS SERVICE CO.OP.SOCIETY-24 FPS,307,307,0,0,147,0,3,150,155,1,1,157,147,0,3,150,155,1,1,157,0,0,0,0.0,8.11,0.035,0.11,8.255,8110,35,110,8255.0,0,0,0,0.0,0,0,0,0.0,0,0,0,0.0,0,0,0,0.0,0,0,0,0.0,0,0,0,0.0,0,0,0,0.0,8110,35,110,8255.0
2026,April,GOA,NORTH GOA,158500300134,PERNEM TALUKA FARMER CO.OP.STY-26 FPS,648,648,0,0,543,17,4,564,83,1,0,84,543,17,4,564,83,1,0,84,0,0,0,0.0,12.805,0.33,0.09,13.225,12805,330,90,13225.0,0,0,0,0.0,0,0,0,0.0,0,0,0,0.0,0,0,0,0.0,0,0,0,0.0,0,0,0,0.0,0,0,0,0.0,12805,330,90,13225.0
2026,April,GOA,NORTH GOA,158500300135,PERNEM TALUKA FARMER CO.OP.STY.LTD.-27 FPS,376,376,0,0,222,2,0,224,152,0,0,152,222,2,0,224,152,0,0,152,0,0,0,0.0,9.275,0.03,0,9.305,9275,30,0,9305.0,0,0,0,0.0,0,0,0,0.0,0,0,0,0.0,0,0,0,0.0,0,0,0,0.0,0,0,0,0.0,0,0,0,0.0,9275,30,0,9305.0
2026,April,GOA,NORTH GOA,158500300136,PERNEM TALUKA FARMER CO.OP.STY.LTD.-28 FPS,350,350,0,0,220,2,0,222,128,0,0,128,220,2,0,222,128,0,0,128,0,0,0,0.0,8.305,0.025,0,8.33,8305,25,0,8330.0,0,0,0,0.0,0,0,0,0.0,0,0,0,0.0,0,0,0,0.0,0,0,0,0.0,0,0,0,0.0,0,0,0,0.0,8305,25,0,8330.0
2026,April,GOA,NORTH GOA,158500300137,PERNEM TALUKA FARMER CO.OP.STY.LTD.-29 FPS,395,395,0,0,274,6,1,281,114,0,0,114,274,6,1,281,114,0,0,114,0,0,0,0.0,9.045,0.075,0.01,9.13,9045,75,10,9130.0,0,0,0,0.0,0,0,0,0.0,0,0,0,0.0,0,0,0,0.0,0,0,0,0.0,0,0,0,0.0,0,0,0,0.0,9045,75,10,9130.0
2026,April,GOA,NORTH GOA,158500300138,PERNEM TALUKA FARMER CO.OP.STY.LTD.-31 FPS,233,233,0,0,109,2,0,111,122,0,0,122,109,2,0,111,122,0,0,122,0,0,0,0.0,6.15,0.035,0,6.185,6150,35,0,6185.0,0,0,0,0.0,0,0,0,0.0,0,0,0,0.0,0,0,0,0.0,0,0,0,0.0,0,0,0,0.0,0,0,0,0.0,6150,35,0,6185.0
2026,April,GOA,NORTH GOA,158500300141,PERNEM TALUKA FARMER CO.OP.STY.LTD.-41 FPS,204,204,0,0,127,2,0,129,75,0,0,75,127,2,0,129,75,0,0,75,0,0,0,0.0,4.935,0.035,0,4.97,4935,35,0,4970.0,0,0,0,0.0,0,0,0,0.0,0,0,0,0.0,0,0,0,0.0,0,0,0,0.0,0,0,0,0.0,0,0,0,0.0,4935,35,0,4970.0
2026,April,GOA,NORTH GOA,158500300143,J.R DESHPRABHU-1 FPS,120,120,0,0,64,1,0,65,54,1,0,55,64,1,0,65,54,1,0,55,0,0,0,0.0,2.995,0.055,0,3.05,2995,55,0,3050.0,0,0,0,0.0,0,0,0,0.0,0,0,0,0.0,0,0,0,0.0,0,0,0,0.0,0,0,0,0.0,0,0,0,0.0,2995,55,0,3050.0
2026,April,GOA,NORTH GOA,158500300144,G.J SHIRGAONKAR-39 FPS,235,235,0,0,135,3,0,138,97,0,0,97,135,3,0,138,97,0,0,97,0,0,0,0.0,5.814,0.05,0,5.864,5814,50,0,5864.0,0,0,0,0.0,0,0,0,0.0,0,0,0,0.0,0,0,0,0.0,0,0,0,0.0,0,0,0,0.0,0,0,0,0.0,5814,50,0,5864.0
2026,April,GOA,NORTH GOA,158500300146,PEDNE TALUKA FARMERS SERVICE CO-OP STY-18 FPS,318,318,0,0,160,2,1,163,155,0,0,155,160,2,1,163,155,0,0,155,0,0,0,0.0,8.5,0.035,0.02,8.555,8500,35,20,8555.0,0,0,0,0.0,0,0,0,0.0,0,0,0,0.0,0,0,0,0.0,0,0,0,0.0,0,0,0,0.0,0,0,0,0.0,8500,35,20,8555.0
2026,April,GOA,NORTH GOA,158500300147,MR. SHAILA GAWAS-11 FPS,374,374,0,0,284,0,0,284,90,0,0,90,284,0,0,284,90,0,0,90,0,0,0,0.0,8.12,0,0,8.12,8120,0,0,8120.0,0,0,0,0.0,0,0,0,0.0,0,0,0,0.0,0,0,0,0.0,0,0,0,0.0,0,0,0,0.0,0,0,0,0.0,8120,0,0,8120.0
2026,April,GOA,NORTH GOA,158500300148,ASHISH LAXMAN KALANGUTKAR-9 FPS,262,262,0,0,208,1,0,209,53,0,0,53,208,1,0,209,53,0,0,53,0,0,0,0.0,5.64,0.005,0,5.645,5640,5,0,5645.0,0,0,0,0.0,0,0,0,0.0,0,0,0,0.0,0,0,0,0.0,0,0,0,0.0,0,0,0,0.0,0,0,0,0.0,5640,5,0,5645.0
2026,April,GOA,NORTH GOA,158500300149,RADHIKA R. KANOLKAR-46 FPS,103,103,0,0,57,0,0,57,46,0,0,46,57,0,0,57,46,0,0,46,0,0,0,0.0,2.755,0,0,2.755,2755,0,0,2755.0,0,0,0,0.0,0,0,0,0.0,0,0,0,0.0,0,0,0,0.0,0,0,0,0.0,0,0,0,0.0,0,0,0,0.0,2755,0,0,2755.0
2026,April,GOA,NORTH GOA,158500300150,PERNEM TALUKA FARMER CO.OP.STY.LTD AROBA-35 FPS,166,166,0,0,64,3,0,67,97,2,0,99,64,3,0,67,97,2,0,99,0,0,0,0.0,4.535,0.125,0,4.66,4535,125,0,4660.0,0,0,0,0.0,0,0,0,0.0,0,0,0,0.0,0,0,0,0.0,0,0,0,0.0,0,0,0,0.0,0,0,0,0.0,4535,125,0,4660.0
2026,April,GOA,NORTH GOA,158500300157,SHRUTI SADGURU THAKUR,266,266,0,0,167,6,2,175,89,2,0,91,167,6,2,175,89,2,0,91,0,0,0,0.0,5.975,0.185,0.03,6.19,5975,185,30,6190.0,0,0,0,0.0,0,0,0,0.0,0,0,0,0.0,0,0,0,0.0,0,0,0,0.0,0,0,0,0.0,0,0,0,0.0,5975,185,30,6190.0
2026,April,GOA,NORTH GOA,158500500002,MALINI K GAWAS-26 FPS,142,142,0,0,103,0,0,103,39,0,0,39,102,0,0,102,38,0,0,38,0,0,0,0.0,3.18,0,0,3.18,3180,0,0,3180.0,0,0,0,0.0,0,0,0,0.0,0,0,0,0.0,0,0,0,0.0,0,0,0,0.0,0,0,0,0.0,0,0,0,0.0,3180,0,0,3180.0
2026,April,GOA,NORTH GOA,158500500003,DEEPA D KALANGUTKAR-24 FPS,161,161,0,0,112,0,0,112,49,0,0,49,112,0,0,112,49,0,0,49,0,0,0,0.0,3.93,0,0,3.93,3930,0,0,3930.0,0,0,0,0.0,0,0,0,0.0,0,0,0,0.0,0,0,0,0.0,0,0,0,0.0,0,0,0,0.0,0,0,0,0.0,3930,0,0,3930.0
2026,April,GOA,NORTH GOA,158500500004,CHANDRAKANT JAIDEV PANGAM-20 FPS,268,268,0,0,246,4,0,250,18,0,0,18,246,4,0,250,18,0,0,18,0,0,0,0.0,5.505,0.07,0,5.575,5505,70,0,5575.0,0,0,0,0.0,0,0,0,0.0,0,0,0,0.0,0,0,0,0.0,0,0,0,0.0,0,0,0,0.0,0,0,0,0.0,5505,70,0,5575.0
2026,April,GOA,NORTH GOA,158500500005,KASHINATH SAWANT-19 FPS,120,120,0,0,77,0,0,77,43,0,0,43,77,0,0,77,43,0,0,43,0,0,0,0.0,2.92,0,0,2.92,2920,0,0,2920.0,0,0,0,0.0,0,0,0,0.0,0,0,0,0.0,0,0,0,0.0,0,0,0,0.0,0,0,0,0.0,0,0,0,0.0,2920,0,0,2920.0
2026,April,GOA,NORTH GOA,158500500006,BABAJI DAMODAR MAJIK-18 FPS,122,122,0,0,91,0,0,91,31,0,0,31,91,0,0,91,31,0,0,31,0,0,0,0.0,2.675,0,0,2.675,2675,0,0,2675.0,0,0,0,0.0,0,0,0,0.0,0,0,0,0.0,0,0,0,0.0,0,0,0,0.0,0,0,0,0.0,0,0,0,0.0,2675,0,0,2675.0
2026,April,GOA,NORTH GOA,158500500007,KASHINATH Y SAWANT-17 FPS,308,308,0,0,228,1,0,229,79,0,0,79,228,1,0,229,79,0,0,79,0,0,0,0.0,6.965,0.02,0,6.985,6965,20,0,6985.0,0,0,0,0.0,0,0,0,0.0,0,0,0,0.0,0,0,0,0.0,0,0,0,0.0,0,0,0,0.0,0,0,0,0.0,6965,20,0,6985.0
2026,April,GOA,NORTH GOA,158500500008,SARITA J DESAI-16 FPS,418,418,0,0,348,0,0,348,70,0,0,70,348,0,0,348,70,0,0,70,0,0,0,0.0,8.83,0,0,8.83,8830,0,0,8830.0,0,0,0,0.0,0,0,0,0.0,0,0,0,0.0,0,0,0,0.0,0,0,0,0.0,0,0,0,0.0,0,0,0,0.0,8830,0,0,8830.0
2026,April,GOA,NORTH GOA,158500500009,SMT. ANITA ANANDRAO RANE-25 FPS,130,130,0,0,129,0,0,129,1,0,0,1,129,0,0,129,1,0,0,1,0,0,0,0.0,2.545,0,0,2.545,2545,0,0,2545.0,0,0,0,0.0,0,0,0,0.0,0,0,0,0.0,0,0,0,0.0,0,0,0,0.0,0,0,0,0.0,0,0,0,0.0,2545,0,0,2545.0
2026,April,GOA,NORTH GOA,158500500010,GAWANE G V K S STY-14 FPS,169,169,0,0,152,0,0,152,17,0,0,17,152,0,0,152,17,0,0,17,0,0,0,0.0,3.69,0,0,3.69,3690,0,0,3690.0,0,0,0,0.0,0,0,0,0.0,0,0,0,0.0,0,0,0,0.0,0,0,0,0.0,0,0,0,0.0,0,0,0,0.0,3690,0,0,3690.0
2026,April,GOA,NORTH GOA,158500500011,SHAMSUNDER K SHIRODKAR-23 FPS,102,102,0,0,80,1,0,81,21,0,0,21,80,1,0,81,21,0,0,21,0,0,0,0.0,2.045,0.005,0,2.05,2045,5,0,2050.0,0,0,0,0.0,0,0,0,0.0,0,0,0,0.0,0,0,0,0.0,0,0,0,0.0,0,0,0,0.0,0,0,0,0.0,2045,5,0,2050.0
2026,April,GOA,NORTH GOA,158500500012,SAGAR M SHIRODKAR-11 FPS,290,290,0,0,232,0,0,232,58,0,0,58,232,0,0,232,58,0,0,58,0,0,0,0.0,6.105,0,0,6.105,6105,0,0,6105.0,0,0,0,0.0,0,0,0,0.0,0,0,0,0.0,0,0,0,0.0,0,0,0,0.0,0,0,0,0.0,0,0,0,0.0,6105,0,0,6105.0
2026,April,GOA,NORTH GOA,158500500013,SATTARI TALUKA CO-OP STY-10 FPS,638,638,0,0,497,1,0,498,139,1,0,140,496,1,0,497,139,1,0,140,0,0,0,0.0,14.09,0.055,0,14.145,14090,55,0,14145.0,0,0,0,0.0,0,0,0,0.0,0,0,0,0.0,0,0,0,0.0,0,0,0,0.0,0,0,0,0.0,0,0,0,0.0,14090,55,0,14145.0
2026,April,GOA,NORTH GOA,158500500014,DEVDATT S WADKAR-9 FPS,842,842,0,0,784,22,27,833,9,0,0,9,784,22,27,833,9,0,0,9,0,0,0,0.0,14.56,0.47,0.465,15.495,14560,470,465,15495.0,0,0,0,0.0,0,0,0,0.0,0,0,0,0.0,0,0,0,0.0,0,0,0,0.0,0,0,0,0.0,0,0,0,0.0,14560,470,465,15495.0
2026,April,GOA,NORTH GOA,158500500015,SUNITA SURESH NAIK-8 FPS,275,275,0,0,223,4,0,227,47,1,0,48,223,4,0,227,47,1,0,48,0,0,0,0.0,5.63,0.1,0,5.73,5630,100,0,5730.0,0,0,0,0.0,0,0,0,0.0,0,0,0,0.0,0,0,0,0.0,0,0,0,0.0,0,0,0,0.0,0,0,0,0.0,5630,100,0,5730.0
2026,April,GOA,NORTH GOA,158500500016,SIDDESH M. SAWAIKAR-7 FPS,581,581,0,0,487,1,1,489,92,0,0,92,487,1,1,489,92,0,0,92,0,0,0,0.0,12.055,0.02,0.02,12.095,12055,20,20,12095.0,0,0,0,0.0,0,0,0,0.0,0,0,0,0.0,0,0,0,0.0,0,0,0,0.0,0,0,0,0.0,0,0,0,0.0,12055,20,20,12095.0
2026,April,GOA,NORTH GOA,158500500017,PREMNATH G DALVI-5 FPS,534,534,0,0,436,2,0,438,96,0,0,96,436,2,0,438,96,0,0,96,0,0,0,0.0,11.47,0.04,0,11.51,11470,40,0,11510.0,0,0,0,0.0,0,0,0,0.0,0,0,0,0.0,0,0,0,0.0,0,0,0,0.0,0,0,0,0.0,0,0,0,0.0,11470,40,0,11510.0
2026,April,GOA,NORTH GOA,158500500019,LAXIMAN VAMAN DALVI - 4 FPS,578,578,0,0,547,0,0,547,31,0,0,31,547,0,0,547,31,0,0,31,0,0,0,0.0,11.67,0,0,11.67,11670,0,0,11670.0,0,0,0,0.0,0,0,0,0.0,0,0,0,0.0,0,0,0,0.0,0,0,0,0.0,0,0,0,0.0,0,0,0,0.0,11670,0,0,11670.0
2026,April,GOA,NORTH GOA,158500500020,NAGARGAO GROUP VIKAS CREDIT STY-3 FPS,398,398,0,0,342,3,3,348,50,0,0,50,342,3,3,348,50,0,0,50,0,0,0,0.0,8.5,0.075,0.055,8.63,8500,75,55,8630.0,0,0,0,0.0,0,0,0,0.0,0,0,0,0.0,0,0,0,0.0,0,0,0,0.0,0,0,0,0.0,0,0,0,0.0,8500,75,55,8630.0
2026,April,GOA,NORTH GOA,158500500022,M/S SUDESH A TELI-1 FPS,320,320,0,0,247,0,26,273,42,1,4,47,247,0,26,273,42,1,4,47,0,0,0,0.0,5.829,0.035,0.645,6.509,5829,35,645,6509.0,0,0,0,0.0,0,0,0,0.0,0,0,0,0.0,0,0,0,0.0,0,0,0,0.0,0,0,0,0.0,0,0,0,0.0,5829,35,645,6509.0
2026,April,GOA,NORTH GOA,158500500099,SATTARI TALUKA FARMERS CO OP STY -2 FPS,550,550,0,0,472,1,1,474,76,0,0,76,472,1,1,474,76,0,0,76,0,0,0,0.0,11.22,0.02,0.04,11.28,11220,20,40,11280.0,0,0,0,0.0,0,0,0,0.0,0,0,0,0.0,0,0,0,0.0,0,0,0,0.0,0,0,0,0.0,0,0,0,0.0,11220,20,40,11280.0
2026,April,GOA,NORTH GOA,158500500100,SATTARI TALUKA CO-OP STY-15 FPS,267,267,0,0,218,6,0,224,43,0,0,43,218,6,0,224,43,0,0,43,0,0,0,0.0,5.58,0.11,0,5.69,5580,110,0,5690.0,0,0,0,0.0,0,0,0,0.0,0,0,0,0.0,0,0,0,0.0,0,0,0,0.0,0,0,0,0.0,0,0,0,0.0,5580,110,0,5690.0
2026,April,GOA,NORTH GOA,158500500104,SHRI. DEEPAK PARMESHMAR RANE-6 FPS,72,72,0,0,63,1,0,64,8,0,0,8,63,1,0,64,8,0,0,8,0,0,0,0.0,1.42,0.005,0,1.425,1420,5,0,1425.0,0,0,0,0.0,0,0,0,0.0,0,0,0,0.0,0,0,0,0.0,0,0,0,0.0,0,0,0,0.0,0,0,0,0.0,1420,5,0,1425.0
2026,April,GOA,NORTH GOA,158500500105,SMT. MANSI MAHADEV GAWAS-13 FPS,140,140,0,0,120,0,0,120,20,0,0,20,120,0,0,120,20,0,0,20,0,0,0,0.0,2.705,0,0,2.705,2705,0,0,2705.0,0,0,0,0.0,0,0,0,0.0,0,0,0,0.0,0,0,0,0.0,0,0,0,0.0,0,0,0,0.0,0,0,0,0.0,2705,0,0,2705.0
2026,April,GOA,NORTH GOA,158500500107,SHRI. SHAM JOTO PAVANE-21 FPS,169,169,0,0,165,1,0,166,3,0,0,3,165,1,0,166,3,0,0,3,0,0,0,0.0,3.245,0.01,0,3.255,3245,10,0,3255.0,0,0,0,0.0,0,0,0,0.0,0,0,0,0.0,0,0,0,0.0,0,0,0,0.0,0,0,0,0.0,0,0,0,0.0,3245,10,0,3255.0
2026,April,GOA,NORTH GOA,158500600002,JANATA CONSUMER CO OP STY-1 FPS,52,52,0,0,36,6,0,42,9,0,1,10,36,6,0,42,9,0,1,10,0,0,0,0.0,0.885,0.1,0.035,1.02,885,100,35,1020.0,0,0,0,0.0,0,0,0,0.0,0,0,0,0.0,0,0,0,0.0,0,0,0,0.0,0,0,0,0.0,0,0,0,0.0,885,100,35,1020.0
2026,April,GOA,NORTH GOA,158500600003,GURUDAS YASHWANT SHET-2 FPS,13,13,0,0,2,9,2,13,0,0,0,0,2,9,2,13,0,0,0,0,0,0,0,0.0,0.025,0.17,0.04,0.235,25,170,40,235.0,0,0,0,0.0,0,0,0,0.0,0,0,0,0.0,0,0,0,0.0,0,0,0,0.0,0,0,0,0.0,0,0,0,0.0,25,170,40,235.0
2026,April,GOA,NORTH GOA,158500600005,Smita Ankush Naik-5 FPS,53,53,0,0,31,0,0,31,22,0,0,22,30,0,0,30,22,0,0,22,0,0,0,0.0,1.28,0,0,1.28,1280,0,0,1280.0,0,0,0,0.0,0,0,0,0.0,0,0,0,0.0,0,0,0,0.0,0,0,0,0.0,0,0,0,0.0,0,0,0,0.0,1280,0,0,1280.0
2026,April,GOA,NORTH GOA,158500600006,GURUDAS YASHWANT SHET-6 FPS,83,83,0,0,33,8,16,57,19,3,4,26,33,8,16,57,19,3,4,26,0,0,0,0.0,1.305,0.27,0.43,2.005,1305,270,430,2005.0,0,0,0,0.0,0,0,0,0.0,0,0,0,0.0,0,0,0,0.0,0,0,0,0.0,0,0,0,0.0,0,0,0,0.0,1305,270,430,2005.0
2026,April,GOA,NORTH GOA,158500600024,SIDHARTH K. SHETVARGAONKAR-24 FPS,139,139,0,0,137,0,0,137,2,0,0,2,137,0,0,137,2,0,0,2,0,0,0,0.0,2.65,0,0,2.65,2650,0,0,2650.0,0,0,0,0.0,0,0,0,0.0,0,0,0,0.0,0,0,0,0.0,0,0,0,0.0,0,0,0,0.0,0,0,0,0.0,2650,0,0,2650.0
2026,April,GOA,NORTH GOA,158500600037,RAJESH STORE-38 FPS,9,9,0,0,5,4,0,9,0,0,0,0,5,4,0,9,0,0,0,0,0,0,0,0.0,0.05,0.065,0,0.115,50,65,0,115.0,0,0,0,0.0,0,0,0,0.0,0,0,0,0.0,0,0,0,0.0,0,0,0,0.0,0,0,0,0.0,0,0,0,0.0,50,65,0,115.0
2026,April,GOA,NORTH GOA,158500600046,PRAKASH STORES-54 FPS,110,110,0,0,71,4,28,103,1,0,6,7,71,4,28,103,1,0,6,7,0,0,0,0.0,1.4,0.055,0.74,2.195,1400,55,740,2195.0,0,0,0,0.0,0,0,0,0.0,0,0,0,0.0,0,0,0,0.0,0,0,0,0.0,0,0,0,0.0,0,0,0,0.0,1400,55,740,2195.0
2026,April,GOA,NORTH GOA,158500600047,PREMAKANT A NAIK-57 FPS,20,20,0,0,15,5,0,20,0,0,0,0,15,5,0,20,0,0,0,0,0,0,0,0.0,0.27,0.075,0,0.345,270,75,0,345.0,0,0,0,0.0,0,0,0,0.0,0,0,0,0.0,0,0,0,0.0,0,0,0,0.0,0,0,0,0.0,0,0,0,0.0,270,75,0,345.0
2026,April,GOA,NORTH GOA,158500600053,MAHESH A CHODANKAR-69 FPS,9,9,0,0,7,0,0,7,2,0,0,2,7,0,0,7,2,0,0,2,0,0,0,0.0,0.2,0,0,0.2,200,0,0,200.0,0,0,0,0.0,0,0,0,0.0,0,0,0,0.0,0,0,0,0.0,0,0,0,0.0,0,0,0,0.0,0,0,0,0.0,200,0,0,200.0
2026,April,GOA,NORTH GOA,158500600063,SUJAY VASANT NAIK-77 FPS,1,1,0,0,0,1,0,1,0,0,0,0,0,1,0,1,0,0,0,0,0,0,0,0.0,0,0.01,0,0.01,0,10,0,10.0,0,0,0,0.0,0,0,0,0.0,0,0,0,0.0,0,0,0,0.0,0,0,0,0.0,0,0,0,0.0,0,0,0,0.0,0,10,0,10.0
2026,April,GOA,NORTH GOA,158500600065,SHRI GANESH-66 FPS,258,258,0,0,136,96,18,250,5,2,1,8,136,96,18,250,5,2,1,8,0,0,0,0.0,2.525,1.805,0.365,4.695,2525,1805,365,4695.0,0,0,0,0.0,0,0,0,0.0,0,0,0,0.0,0,0,0,0.0,0,0,0,0.0,0,0,0,0.0,0,0,0,0.0,2525,1805,365,4695.0
2026,April,GOA,NORTH GOA,158500600066,SUBIJ DATTARAM PARULEKAR-14 FPS,183,183,0,0,171,0,4,175,5,0,3,8,171,0,4,175,5,0,3,8,0,0,0,0.0,4.045,0,0.18,4.225,4045,0,180,4225.0,0,0,0,0.0,0,0,0,0.0,0,0,0,0.0,0,0,0,0.0,0,0,0,0.0,0,0,0,0.0,0,0,0,0.0,4045,0,180,4225.0
2026,April,GOA,NORTH GOA,158500600067,PUSHPA R NAIK-18 FPS,29,29,0,0,22,7,0,29,0,0,0,0,22,7,0,29,0,0,0,0,0,0,0,0.0,0.41,0.09,0,0.5,410,90,0,500.0,0,0,0,0.0,0,0,0,0.0,0,0,0,0.0,0,0,0,0.0,0,0,0,0.0,0,0,0,0.0,0,0,0,0.0,410,90,0,500.0
2026,April,GOA,NORTH GOA,158500600068,A N GOVENKAR-21 FPS,53,53,0,0,8,35,3,46,1,5,1,7,8,35,3,46,1,5,1,7,0,0,0,0.0,0.205,0.84,0.085,1.13,205,840,85,1130.0,0,0,0,0.0,0,0,0,0.0,0,0,0,0.0,0,0,0,0.0,0,0,0,0.0,0,0,0,0.0,0,0,0,0.0,205,840,85,1130.0
2026,April,GOA,NORTH GOA,158500600069,SURESH V BORKAR-26 FPS,100,100,0,0,88,1,0,89,11,0,0,11,88,1,0,89,11,0,0,11,0,0,0,0.0,2.045,0.025,0,2.07,2045,25,0,2070.0,0,0,0,0.0,0,0,0,0.0,0,0,0,0.0,0,0,0,0.0,0,0,0,0.0,0,0,0,0.0,0,0,0,0.0,2045,25,0,2070.0
2026,April,GOA,NORTH GOA,158500600070,PRIYANKA PANDURANG SHET-27 FPS,273,273,0,0,263,1,0,264,9,0,0,9,263,1,0,264,9,0,0,9,0,0,0,0.0,4.64,0.01,0,4.65,4640,10,0,4650.0,0,0,0,0.0,0,0,0,0.0,0,0,0,0.0,0,0,0,0.0,0,0,0,0.0,0,0,0,0.0,0,0,0,0.0,4640,10,0,4650.0
2026,April,GOA,NORTH GOA,158500600071,SHETKARI ADARSH V K S S STY-29 FPS,248,248,0,0,200,1,0,201,47,0,0,47,200,1,0,201,47,0,0,47,0,0,0,0.0,4.535,0.01,0,4.545,4535,10,0,4545.0,0,0,0,0.0,0,0,0,0.0,0,0,0,0.0,0,0,0,0.0,0,0,0,0.0,0,0,0,0.0,0,0,0,0.0,4535,10,0,4545.0
2026,April,GOA,NORTH GOA,158500600072,P P KARAPURKAR-35 FPS,114,114,0,0,88,1,2,91,23,0,0,23,88,1,2,91,23,0,0,23,0,0,0,0.0,2.365,0.01,0.04,2.415,2365,10,40,2415.0,0,0,0,0.0,0,0,0,0.0,0,0,0,0.0,0,0,0,0.0,0,0,0,0.0,0,0,0,0.0,0,0,0,0.0,2365,10,40,2415.0
2026,April,GOA,NORTH GOA,158500600073,Vivina Vinod Madkaikar -36 FPS,47,47,0,0,46,0,0,46,1,0,0,1,46,0,0,46,1,0,0,1,0,0,0,0.0,1.05,0,0,1.05,1050,0,0,1050.0,0,0,0,0.0,0,0,0,0.0,0,0,0,0.0,0,0,0,0.0,0,0,0,0.0,0,0,0,0.0,0,0,0,0.0,1050,0,0,1050.0
2026,April,GOA,NORTH GOA,158500600074,VRUNDA NAIK-42 FPS,115,115,0,0,46,62,5,113,0,0,2,2,46,62,5,113,0,0,2,2,0,0,0,0.0,0.895,1.15,0.17,2.215,895,1150,170,2215.0,0,0,0,0.0,0,0,0,0.0,0,0,0,0.0,0,0,0,0.0,0,0,0,0.0,0,0,0,0.0,0,0,0,0.0,895,1150,170,2215.0
2026,April,GOA,NORTH GOA,158500600075,SHRI. PRAJAY ALIAS RAMRAI P. NAIK-40 FPS,205,205,0,0,174,2,10,186,19,0,0,19,174,2,10,186,19,0,0,19,0,0,0,0.0,3.87,0.01,0.17,4.05,3870,10,170,4050.0,0,0,0,0.0,0,0,0,0.0,0,0,0,0.0,0,0,0,0.0,0,0,0,0.0,0,0,0,0.0,0,0,0,0.0,3870,10,170,4050.0
2026,April,GOA,NORTH GOA,158500600076,NAMDEV K .NAIK-49 FPS,233,233,0,0,120,55,25,200,24,7,2,33,120,55,25,200,24,7,2,33,0,0,0,0.0,3.13,1.185,0.603,4.918,3130,1185,603,4918.0,0,0,0,0.0,0,0,0,0.0,0,0,0,0.0,0,0,0,0.0,0,0,0,0.0,0,0,0,0.0,0,0,0,0.0,3130,1185,603,4918.0
2026,April,GOA,NORTH GOA,158500600077,RAMITA ASHOK SHIRODKAR-50 FPS,216,216,0,0,209,1,0,210,6,0,0,6,209,1,0,210,6,0,0,6,0,0,0,0.0,4.994,0.035,0,5.029,4994,35,0,5029.0,0,0,0,0.0,0,0,0,0.0,0,0,0,0.0,0,0,0,0.0,0,0,0,0.0,0,0,0,0.0,0,0,0,0.0,4994,35,0,5029.0
2026,April,GOA,NORTH GOA,158500600078,GOMATI P. NAIK-60 FPS,49,49,0,0,39,0,0,39,10,0,0,10,39,0,0,39,10,0,0,10,0,0,0,0.0,1.075,0,0,1.075,1075,0,0,1075.0,0,0,0,0.0,0,0,0,0.0,0,0,0,0.0,0,0,0,0.0,0,0,0,0.0,0,0,0,0.0,0,0,0,0.0,1075,0,0,1075.0
2026,April,GOA,NORTH GOA,158500600079,JUDITH VAZ-64 FPS,92,92,0,0,83,6,0,89,3,0,0,3,83,6,0,89,3,0,0,3,0,0,0,0.0,1.52,0.09,0,1.61,1520,90,0,1610.0,0,0,0,0.0,0,0,0,0.0,0,0,0,0.0,0,0,0,0.0,0,0,0,0.0,0,0,0,0.0,0,0,0,0.0,1520,90,0,1610.0
2026,April,GOA,NORTH GOA,158500600080,PIEDADE SERVICE CO OP SOCIETY PVT LTD-22 FPS,196,196,0,0,165,4,4,173,23,0,0,23,165,4,4,173,23,0,0,23,0,0,0,0.0,3.79,0.06,0.08,3.93,3790,60,80,3930.0,0,0,0,0.0,0,0,0,0.0,0,0,0,0.0,0,0,0,0.0,0,0,0,0.0,0,0,0,0.0,0,0,0,0.0,3790,60,80,3930.0
2026,April,GOA,NORTH GOA,158500600081,VENKATESH A SAWANT-23 FPS,158,158,0,0,134,0,2,136,22,0,0,22,134,0,2,136,21,0,0,21,0,0,0,0.0,3.185,0,0.03,3.215,3185,0,30,3215.0,0,0,0,0.0,0,0,0,0.0,0,0,0,0.0,0,0,0,0.0,0,0,0,0.0,0,0,0,0.0,0,0,0,0.0,3185,0,30,3215.0
2026,April,GOA,NORTH GOA,158500600082,AJAY A PAI-28 FPS,83,83,0,0,81,1,0,82,1,0,0,1,81,1,0,82,1,0,0,1,0,0,0,0.0,1.32,0.005,0,1.325,1320,5,0,1325.0,0,0,0,0.0,0,0,0,0.0,0,0,0,0.0,0,0,0,0.0,0,0,0,0.0,0,0,0,0.0,0,0,0,0.0,1320,5,0,1325.0
2026,April,GOA,NORTH GOA,158500600083,Smt. Roshan V. Natekar-37 FPS,30,30,0,0,25,3,1,29,1,0,0,1,25,3,1,29,1,0,0,1,0,0,0,0.0,0.395,0.04,0.01,0.445,395,40,10,445.0,0,0,0,0.0,0,0,0,0.0,0,0,0,0.0,0,0,0,0.0,0,0,0,0.0,0,0,0,0.0,0,0,0,0.0,395,40,10,445.0
2026,April,GOA,NORTH GOA,158500600084,DAMODAR R HOBLE-4 FPS,42,42,0,0,36,0,2,38,3,0,1,4,36,0,2,38,3,0,1,4,0,0,0,0.0,0.675,0,0.06,0.735,675,0,60,735.0,0,0,0,0.0,0,0,0,0.0,0,0,0,0.0,0,0,0,0.0,0,0,0,0.0,0,0,0,0.0,0,0,0,0.0,675,0,60,735.0
2026,April,GOA,NORTH GOA,158500600086,REENA PILANKAR-8 FPS,118,118,0,0,33,25,54,112,0,0,6,6,33,25,54,112,0,0,6,6,0,0,0,0.0,0.75,0.475,1.296,2.521,750,475,1296,2521.0,0,0,0,0.0,0,0,0,0.0,0,0,0,0.0,0,0,0,0.0,0,0,0,0.0,0,0,0,0.0,0,0,0,0.0,750,475,1296,2521.0
2026,April,GOA,NORTH GOA,158500600087,JANATA CONSUMER CO OP STY-9 FPS,45,45,0,0,35,1,6,42,3,0,0,3,35,1,6,42,3,0,0,3,0,0,0,0.0,0.685,0.03,0.12,0.835,685,30,120,835.0,0,0,0,0.0,0,0,0,0.0,0,0,0,0.0,0,0,0,0.0,0,0,0,0.0,0,0,0,0.0,0,0,0,0.0,685,30,120,835.0
2026,April,GOA,NORTH GOA,158500600088,KRISHNA V KUDNEKAR-10 FPS,146,146,0,0,88,1,50,139,0,0,7,7,88,1,50,139,0,0,7,7,0,0,0,0.0,1.785,0.015,1.28,3.08,1785,15,1280,3080.0,0,0,0,0.0,0,0,0,0.0,0,0,0,0.0,0,0,0,0.0,0,0,0,0.0,0,0,0,0.0,0,0,0,0.0,1785,15,1280,3080.0
2026,April,GOA,NORTH GOA,158500600090,LAVU RAGHUVIR HOBLE-15 FPS,49,49,0,0,39,5,0,44,5,0,0,5,39,5,0,44,5,0,0,5,0,0,0,0.0,0.97,0.105,0,1.075,970,105,0,1075.0,0,0,0,0.0,0,0,0,0.0,0,0,0,0.0,0,0,0,0.0,0,0,0,0.0,0,0,0,0.0,0,0,0,0.0,970,105,0,1075.0
2026,April,GOA,NORTH GOA,158500600091,RUKMA R.P MHAMBREY-13 FPS,104,104,0,0,94,3,4,101,3,0,0,3,94,3,4,101,3,0,0,3,0,0,0,0.0,1.645,0.04,0.075,1.76,1645,40,75,1760.0,0,0,0,0.0,0,0,0,0.0,0,0,0,0.0,0,0,0,0.0,0,0,0,0.0,0,0,0,0.0,0,0,0,0.0,1645,40,75,1760.0
2026,April,GOA,NORTH GOA,158500600092,RADHAKRISHNA STORES-16 FPS,334,334,0,0,284,10,22,316,16,0,2,18,283,10,22,315,16,0,2,18,0,0,0,0.0,7.375,0.25,0.431,8.056,7375,250,431,8056.0,0,0,0,0.0,0,0,0,0.0,0,0,0,0.0,0,0,0,0.0,0,0,0,0.0,0,0,0,0.0,0,0,0,0.0,7375,250,431,8056.0
2026,April,GOA,NORTH GOA,158500600093,SANDEEP S BHONSULE-17 FPS,27,27,0,0,9,13,0,22,5,0,0,5,9,13,0,22,5,0,0,5,0,0,0,0.0,0.355,0.235,0,0.59,355,235,0,590.0,0,0,0,0.0,0,0,0,0.0,0,0,0,0.0,0,0,0,0.0,0,0,0,0.0,0,0,0,0.0,0,0,0,0.0,355,235,0,590.0
2026,April,GOA,NORTH GOA,158500600094,NILKANTH P PALEKAR-19 FPS,333,333,0,0,165,11,132,308,3,0,22,25,165,11,132,308,3,0,22,25,0,0,0,0.0,3.23,0.22,3.51,6.96,3230,220,3510,6960.0,0,0,0,0.0,0,0,0,0.0,0,0,0,0.0,0,0,0,0.0,0,0,0,0.0,0,0,0,0.0,0,0,0,0.0,3230,220,3510,6960.0
2026,April,GOA,NORTH GOA,158500600095,VASUDEV V KAMAT-30 FPS,119,119,0,0,98,0,1,99,19,0,1,20,97,0,1,98,19,0,1,20,0,0,0,0.0,2.435,0,0.055,2.49,2435,0,55,2490.0,0,0,0,0.0,0,0,0,0.0,0,0,0,0.0,0,0,0,0.0,0,0,0,0.0,0,0,0,0.0,0,0,0,0.0,2435,0,55,2490.0
2026,April,GOA,NORTH GOA,158500600096,NARESH V SHIRODKAR-31 FPS,59,59,0,0,55,0,0,55,4,0,0,4,55,0,0,55,4,0,0,4,0,0,0,0.0,0.985,0,0,0.985,985,0,0,985.0,0,0,0,0.0,0,0,0,0.0,0,0,0,0.0,0,0,0,0.0,0,0,0,0.0,0,0,0,0.0,0,0,0,0.0,985,0,0,985.0
2026,April,GOA,NORTH GOA,158500600097,R M DHOND-32 FPS,15,15,0,0,14,0,0,14,1,0,0,1,14,0,0,14,1,0,0,1,0,0,0,0.0,0.195,0,0,0.195,195,0,0,195.0,0,0,0,0.0,0,0,0,0.0,0,0,0,0.0,0,0,0,0.0,0,0,0,0.0,0,0,0,0.0,0,0,0,0.0,195,0,0,195.0
2026,April,GOA,NORTH GOA,158500600098,GULABI PRABHAKAR NAIK-33 FPS,83,83,0,0,80,1,0,81,2,0,0,2,80,1,0,81,2,0,0,2,0,0,0,0.0,1.435,0.01,0,1.445,1435,10,0,1445.0,0,0,0,0.0,0,0,0,0.0,0,0,0,0.0,0,0,0,0.0,0,0,0,0.0,0,0,0,0.0,0,0,0,0.0,1435,10,0,1445.0
2026,April,GOA,NORTH GOA,158500600100,R K BANDODKAR-41 FPS,100,100,0,0,89,5,2,96,3,0,1,4,89,5,2,96,3,0,1,4,0,0,0,0.0,1.6,0.07,0.075,1.745,1600,70,75,1745.0,0,0,0,0.0,0,0,0,0.0,0,0,0,0.0,0,0,0,0.0,0,0,0,0.0,0,0,0,0.0,0,0,0,0.0,1600,70,75,1745.0
2026,April,GOA,NORTH GOA,158500600102,S S VAINGANKAR-53 FPS,16,16,0,0,14,1,1,16,0,0,0,0,14,1,1,16,0,0,0,0,0,0,0,0.0,0.21,0.01,0.02,0.24,210,10,20,240.0,0,0,0,0.0,0,0,0,0.0,0,0,0,0.0,0,0,0,0.0,0,0,0,0.0,0,0,0,0.0,0,0,0,0.0,210,10,20,240.0
2026,April,GOA,NORTH GOA,158500600105,PRAKASH U NAIK-75 FPS,8,8,0,0,0,8,0,8,0,0,0,0,0,8,0,8,0,0,0,0,0,0,0,0.0,0,0.145,0,0.145,0,145,0,145.0,0,0,0,0.0,0,0,0,0.0,0,0,0,0.0,0,0,0,0.0,0,0,0,0.0,0,0,0,0.0,0,0,0,0.0,0,145,0,145.0
2026,April,GOA,NORTH GOA,158500600107,AQSHI V K S STY-20 FPS,166,166,0,0,136,0,17,153,11,0,2,13,136,0,17,153,11,0,2,13,0,0,0,0.0,2.875,0,0.46,3.335,2875,0,460,3335.0,0,0,0,0.0,0,0,0,0.0,0,0,0,0.0,0,0,0,0.0,0,0,0,0.0,0,0,0,0.0,0,0,0,0.0,2875,0,460,3335.0
2026,April,GOA,NORTH GOA,158500600549,ULHAS P PALEKAR-59 FPS,22,22,0,0,22,0,0,22,0,0,0,0,22,0,0,22,0,0,0,0,0,0,0,0.0,0.36,0,0,0.36,360,0,0,360.0,0,0,0,0.0,0,0,0,0.0,0,0,0,0.0,0,0,0,0.0,0,0,0,0.0,0,0,0,0.0,0,0,0,0.0,360,0,0,360.0
2026,April,GOA,NORTH GOA,158500600551,SHELLY FERNANDES-25 FPS,177,177,0,0,166,2,1,169,8,0,0,8,166,2,1,169,8,0,0,8,0,0,0,0.0,3.255,0.035,0.015,3.305,3255,35,15,3305.0,0,0,0,0.0,0,0,0,0.0,0,0,0,0.0,0,0,0,0.0,0,0,0,0.0,0,0,0,0.0,0,0,0,0.0,3255,35,15,3305.0
2026,April,GOA,SOUTH GOA,158600100001,ASHA UTTAM FAL DESSAI-2 FPS,562,562,0,0,378,0,0,378,184,0,0,184,377,0,0,377,184,0,0,184,0,0,0,0.0,13.655,0,0,13.655,13655,0,0,13655.0,0,0,0,0.0,0,0,0,0.0,0,0,0,0.0,0,0,0,0.0,0,0,0,0.0,0,0,0,0.0,0,0,0,0.0,13655,0,0,13655.0
2026,April,GOA,SOUTH GOA,158600100002,SHRI GURUDAS RAMA MAHALE-3 FPS,594,594,0,0,565,2,0,567,27,0,0,27,565,2,0,567,27,0,0,27,0,0,0,0.0,10.562,0.025,0,10.587,10562,25,0,10587.0,0,0,0,0.0,0,0,0,0.0,0,0,0,0.0,0,0,0,0.0,0,0,0,0.0,0,0,0,0.0,0,0,0,0.0,10562,25,0,10587.0
2026,April,GOA,SOUTH GOA,158600100003,V.R.SHENVI-9 FPS,561,561,0,0,535,11,5,551,10,0,0,10,535,11,5,551,10,0,0,10,0,0,0,0.0,9.76,0.215,0.1,10.075,9760,215,100,10075.0,0,0,0,0.0,0,0,0,0.0,0,0,0,0.0,0,0,0,0.0,0,0,0,0.0,0,0,0,0.0,0,0,0,0.0,9760,215,100,10075.0
2026,April,GOA,SOUTH GOA,158600100004,VIJOY PURUSHOTTOM NAIQUE-12 FPS,659,659,0,0,631,8,0,639,19,0,1,20,631,8,0,639,19,0,1,20,0,0,0,0.0,13.955,0.11,0.035,14.1,13955,110,35,14100.0,0,0,0,0.0,0,0,0,0.0,0,0,0,0.0,0,0,0,0.0,0,0,0,0.0,0,0,0,0.0,0,0,0,0.0,13955,110,35,14100.0
2026,April,GOA,SOUTH GOA,158600100005,KRISHNA J VELIP-16 FPS,238,238,0,0,228,1,0,229,9,0,0,9,228,1,0,229,9,0,0,9,0,0,0,0.0,5.56,0.03,0,5.59,5560,30,0,5590.0,0,0,0,0.0,0,0,0,0.0,0,0,0,0.0,0,0,0,0.0,0,0,0,0.0,0,0,0,0.0,0,0,0,0.0,5560,30,0,5590.0
2026,April,GOA,SOUTH GOA,158600100006,SHRI NARAYAN M VELIP-19 FPS,1488,1488,0,0,1299,36,0,1335,152,1,0,153,1299,36,0,1335,152,1,0,153,0,0,0,0.0,32.11,0.875,0,32.985,32110,875,0,32985.0,0,0,0,0.0,0,0,0,0.0,0,0,0,0.0,0,0,0,0.0,0,0,0,0.0,0,0,0,0.0,0,0,0,0.0,32110,875,0,32985.0
2026,April,GOA,SOUTH GOA,158600100007,VINITA FAIR PRICE SHOP-23 FPS,232,232,0,0,218,3,0,221,11,0,0,11,217,3,0,220,11,0,0,11,0,0,0,0.0,4.1,0.055,0,4.155,4100,55,0,4155.0,0,0,0,0.0,0,0,0,0.0,0,0,0,0.0,0,0,0,0.0,0,0,0,0.0,0,0,0,0.0,0,0,0,0.0,4100,55,0,4155.0
2026,April,GOA,SOUTH GOA,158600100008,RAMANAND N.S DALAL-24 FPS,167,167,0,0,158,0,1,159,8,0,0,8,158,0,1,159,8,0,0,8,0,0,0,0.0,3.06,0,0.01,3.07,3060,0,10,3070.0,0,0,0,0.0,0,0,0,0.0,0,0,0,0.0,0,0,0,0.0,0,0,0,0.0,0,0,0,0.0,0,0,0,0.0,3060,0,10,3070.0
2026,April,GOA,SOUTH GOA,158600100009,D.V.KAMAT-10 FPS,320,320,0,0,282,0,0,282,38,0,0,38,282,0,0,282,38,0,0,38,0,0,0,0.0,6.335,0,0,6.335,6335,0,0,6335.0,0,0,0,0.0,0,0,0,0.0,0,0,0,0.0,0,0,0,0.0,0,0,0,0.0,0,0,0,0.0,0,0,0,0.0,6335,0,0,6335.0
2026,April,GOA,SOUTH GOA,158600100010,SHASHIKALA R. SHENVI-17 FPS,669,669,0,0,625,12,0,637,32,0,0,32,625,12,0,637,32,0,0,32,0,0,0,0.0,13.155,0.2,0,13.355,13155,200,0,13355.0,0,0,0,0.0,0,0,0,0.0,0,0,0,0.0,0,0,0,0.0,0,0,0,0.0,0,0,0,0.0,0,0,0,0.0,13155,200,0,13355.0
2026,April,GOA,SOUTH GOA,158600100011,SAYED ABDUL KHALIF-18 FPS,260,260,0,0,228,1,4,233,27,0,0,27,228,1,4,233,27,0,0,27,0,0,0,0.0,4.89,0.005,0.075,4.97,4890,5,75,4970.0,0,0,0,0.0,0,0,0,0.0,0,0,0,0.0,0,0,0,0.0,0,0,0,0.0,0,0,0,0.0,0,0,0,0.0,4890,5,75,4970.0
2026,April,GOA,SOUTH GOA,158600100012,CANACONA S K V SOCIETY-21 FPS,223,223,0,0,201,0,1,202,21,0,0,21,201,0,1,202,21,0,0,21,0,0,0,0.0,4.445,0,0.016,4.461,4445,0,16,4461.0,0,0,0,0.0,0,0,0,0.0,0,0,0,0.0,0,0,0,0.0,0,0,0,0.0,0,0,0,0.0,0,0,0,0.0,4445,0,16,4461.0
2026,April,GOA,SOUTH GOA,158600100058,SAYED ABDUL KHALIF-25 FPS,184,184,0,0,151,8,9,168,15,0,1,16,151,8,9,168,15,0,1,16,0,0,0,0.0,3.245,0.125,0.24,3.61,3245,125,240,3610.0,0,0,0,0.0,0,0,0,0.0,0,0,0,0.0,0,0,0,0.0,0,0,0,0.0,0,0,0,0.0,0,0,0,0.0,3245,125,240,3610.0
2026,April,GOA,SOUTH GOA,158600100059,S.S.NAIK-1 FPS,313,313,0,0,286,1,2,289,24,0,0,24,286,1,2,289,24,0,0,24,0,0,0,0.0,6.085,0.02,0.06,6.165,6085,20,60,6165.0,0,0,0,0.0,0,0,0,0.0,0,0,0,0.0,0,0,0,0.0,0,0,0,0.0,0,0,0,0.0,0,0,0,0.0,6085,20,60,6165.0
2026,April,GOA,SOUTH GOA,158600100060,NITESH KUST GAONKAR  -26 FPS,351,351,0,0,339,0,0,339,12,0,0,12,339,0,0,339,12,0,0,12,0,0,0,0.0,7.25,0,0,7.25,7250,0,0,7250.0,0,0,0,0.0,0,0,0,0.0,0,0,0,0.0,0,0,0,0.0,0,0,0,0.0,0,0,0,0.0,0,0,0,0.0,7250,0,0,7250.0
2026,April,GOA,SOUTH GOA,158600200001,DHARBANDODA VKSS STY LTD-4 FPS,679,679,0,0,627,3,0,630,49,0,0,49,626,3,0,629,49,0,0,49,0,0,0,0.0,13.765,0.065,0,13.83,13765,65,0,13830.0,0,0,0,0.0,0,0,0,0.0,0,0,0,0.0,0,0,0,0.0,0,0,0,0.0,0,0,0,0.0,0,0,0,0.0,13765,65,0,13830.0
2026,April,GOA,SOUTH GOA,158600200002,DHARBANDODA VKSS STY LTD-10 FPS,237,237,0,0,212,2,0,214,23,0,0,23,212,2,0,214,23,0,0,23,0,0,0,0.0,5.125,0.03,0,5.155,5125,30,0,5155.0,0,0,0,0.0,0,0,0,0.0,0,0,0,0.0,0,0,0,0.0,0,0,0,0.0,0,0,0,0.0,0,0,0,0.0,5125,30,0,5155.0
2026,April,GOA,SOUTH GOA,158600200003,SANCORDA V K S S-7 FPS,109,109,0,0,102,0,0,102,7,0,0,7,102,0,0,102,7,0,0,7,0,0,0,0.0,2,0,0,2.0,2000,0,0,2000.0,0,0,0,0.0,0,0,0,0.0,0,0,0,0.0,0,0,0,0.0,0,0,0,0.0,0,0,0,0.0,0,0,0,0.0,2000,0,0,2000.0
2026,April,GOA,SOUTH GOA,158600200004,COLLEM.V.K.S.STY-17 FPS,777,777,0,0,754,2,0,756,21,0,0,21,754,2,0,756,21,0,0,21,0,0,0,0.0,14.985,0.045,0,15.03,14985,45,0,15030.0,0,0,0,0.0,0,0,0,0.0,0,0,0,0.0,0,0,0,0.0,0,0,0,0.0,0,0,0,0.0,0,0,0,0.0,14985,45,0,15030.0
2026,April,GOA,SOUTH GOA,158600200005,M.S.TALAULICAR MINE STAFF CONS COOP SOCIETY LTD-6 FPS,260,251,0,9,249,0,0,249,11,0,0,11,249,0,0,249,11,0,0,11,0,0,0,0.0,5.09,0,0,5.09,5090,0,0,5090.0,0,0,0,0.0,0,0,0,0.0,0,0,0,0.0,0,0,0,0.0,0,0,0,0.0,0,0,0,0.0,0,0,0,0.0,5090,0,0,5090.0
2026,April,GOA,SOUTH GOA,158600200006,ANKITA A. DESSAI-8 FPS,161,161,0,0,158,0,0,158,3,0,0,3,158,0,0,158,3,0,0,3,0,0,0,0.0,3.175,0,0,3.175,3175,0,0,3175.0,0,0,0,0.0,0,0,0,0.0,0,0,0,0.0,0,0,0,0.0,0,0,0,0.0,0,0,0,0.0,0,0,0,0.0,3175,0,0,3175.0
2026,April,GOA,SOUTH GOA,158600200007,SANJIVANI SAHAKARI GRAHAK SANSTHA LTD-27 FPS,56,56,0,0,51,2,0,53,3,0,0,3,51,2,0,53,3,0,0,3,0,0,0,0.0,1.035,0.035,0,1.07,1035,35,0,1070.0,0,0,0,0.0,0,0,0,0.0,0,0,0,0.0,0,0,0,0.0,0,0,0,0.0,0,0,0,0.0,0,0,0,0.0,1035,35,0,1070.0
2026,April,GOA,SOUTH GOA,158600200008,SATERI V K S STY-22 FPS,509,509,0,0,471,0,0,471,38,0,0,38,470,0,0,470,38,0,0,38,0,0,0,0.0,10.2,0,0,10.2,10200,0,0,10200.0,0,0,0,0.0,0,0,0,0.0,0,0,0,0.0,0,0,0,0.0,0,0,0,0.0,0,0,0,0.0,0,0,0,0.0,10200,0,0,10200.0
2026,April,GOA,SOUTH GOA,158600200025,SITABAI KAVLEKAR 14 FPS EXT.,284,284,0,0,266,14,0,280,4,0,0,4,266,14,0,280,4,0,0,4,0,0,0,0.0,5.33,0.27,0,5.6,5330,270,0,5600.0,0,0,0,0.0,0,0,0,0.0,0,0,0,0.0,0,0,0,0.0,0,0,0,0.0,0,0,0,0.0,0,0,0,0.0,5330,270,0,5600.0
2026,April,GOA,SOUTH GOA,158600300002,SHANTI ASHOK DEVSHEKHAR-51 FPS,55,55,0,0,54,1,0,55,0,0,0,0,54,1,0,55,0,0,0,0,0,0,0,0.0,1.05,0.01,0,1.06,1050,10,0,1060.0,0,0,0,0.0,0,0,0,0.0,0,0,0,0.0,0,0,0,0.0,0,0,0,0.0,0,0,0,0.0,0,0,0,0.0,1050,10,0,1060.0
2026,April,GOA,SOUTH GOA,158600300003,BERNARDETE GONSALVES-48 FPS,245,245,0,0,207,0,33,240,0,0,5,5,207,0,33,240,0,0,5,5,0,0,0,0.0,3.03,0,0.826,3.856,3030,0,826,3856.0,0,0,0,0.0,0,0,0,0.0,0,0,0,0.0,0,0,0,0.0,0,0,0,0.0,0,0,0,0.0,0,0,0,0.0,3030,0,826,3856.0
2026,April,GOA,SOUTH GOA,158600300004,SANTANO GAMA-34 FPS,183,183,0,0,182,0,1,183,0,0,0,0,182,0,1,183,0,0,0,0,0,0,0,0.0,3.125,0,0.015,3.14,3125,0,15,3140.0,0,0,0,0.0,0,0,0,0.0,0,0,0,0.0,0,0,0,0.0,0,0,0,0.0,0,0,0,0.0,0,0,0,0.0,3125,0,15,3140.0
2026,April,GOA,SOUTH GOA,158600300005,JIVRAJ T SAVARDEKAR-31 FPS,84,84,0,0,81,3,0,84,0,0,0,0,81,3,0,84,0,0,0,0,0,0,0,0.0,1.76,0.03,0,1.79,1760,30,0,1790.0,0,0,0,0.0,0,0,0,0.0,0,0,0,0.0,0,0,0,0.0,0,0,0,0.0,0,0,0,0.0,0,0,0,0.0,1760,30,0,1790.0
2026,April,GOA,SOUTH GOA,158600300006,JULIA DIAS-25 FPS,68,68,0,0,68,0,0,68,0,0,0,0,68,0,0,68,0,0,0,0,0,0,0,0.0,1.435,0,0,1.435,1435,0,0,1435.0,0,0,0,0.0,0,0,0,0.0,0,0,0,0.0,0,0,0,0.0,0,0,0,0.0,0,0,0,0.0,0,0,0,0.0,1435,0,0,1435.0
2026,April,GOA,SOUTH GOA,158600300007,SANCOALE CHICALIM SERVICE CO OPERATIVE SOCIETY LTD-17 FPS,239,239,0,0,239,0,0,239,0,0,0,0,238,0,0,238,0,0,0,0,0,0,0,0.0,4.385,0,0,4.385,4385,0,0,4385.0,0,0,0,0.0,0,0,0,0.0,0,0,0,0.0,0,0,0,0.0,0,0,0,0.0,0,0,0,0.0,0,0,0,0.0,4385,0,0,4385.0
2026,April,GOA,SOUTH GOA,158600300008,"CANSAULIM,AROSSIM,CUELIM SERVICE CO OP STY-16 FPS",171,171,0,0,165,0,3,168,0,0,3,3,165,0,3,168,0,0,3,3,0,0,0,0.0,2.385,0,0.155,2.54,2385,0,155,2540.0,0,0,0,0.0,0,0,0,0.0,0,0,0,0.0,0,0,0,0.0,0,0,0,0.0,0,0,0,0.0,0,0,0,0.0,2385,0,155,2540.0
2026,April,GOA,SOUTH GOA,158600300009,SAMPADA M P DESAI-55 FPS,18,18,0,0,1,17,0,18,0,0,0,0,1,17,0,18,0,0,0,0,0,0,0,0.0,0.035,0.33,0,0.365,35,330,0,365.0,0,0,0,0.0,0,0,0,0.0,0,0,0,0.0,0,0,0,0.0,0,0,0,0.0,0,0,0,0.0,0,0,0,0.0,35,330,0,365.0
2026,April,GOA,SOUTH GOA,158600300010,SAGAR VENGURLEKAR-54 FPS,61,61,0,0,57,0,3,60,0,0,1,1,57,0,3,60,0,0,1,1,0,0,0,0.0,1.105,0,0.085,1.19,1105,0,85,1190.0,0,0,0,0.0,0,0,0,0.0,0,0,0,0.0,0,0,0,0.0,0,0,0,0.0,0,0,0,0.0,0,0,0,0.0,1105,0,85,1190.0
2026,April,GOA,SOUTH GOA,158600300011,ROSHAN V CHARI-53 FPS,43,43,0,0,43,0,0,43,0,0,0,0,43,0,0,43,0,0,0,0,0,0,0,0.0,0.855,0,0,0.855,855,0,0,855.0,0,0,0,0.0,0,0,0,0.0,0,0,0,0.0,0,0,0,0.0,0,0,0,0.0,0,0,0,0.0,0,0,0,0.0,855,0,0,855.0
2026,April,GOA,SOUTH GOA,158600300012,CHANDRASHEKHAR PEDNEKAR-50 FPS,114,114,0,0,77,19,18,114,0,0,0,0,77,19,18,114,0,0,0,0,0,0,0,0.0,1.46,0.365,0.355,2.18,1460,365,355,2180.0,0,0,0,0.0,0,0,0,0.0,0,0,0,0.0,0,0,0,0.0,0,0,0,0.0,0,0,0,0.0,0,0,0,0.0,1460,365,355,2180.0
2026,April,GOA,SOUTH GOA,158600300013,VINAYAK DEVSHEKAR-47 FPS,173,173,0,0,102,34,30,166,0,0,7,7,102,34,30,166,0,0,7,7,0,0,0,0.0,2.45,0.74,0.755,3.945,2450,740,755,3945.0,0,0,0,0.0,0,0,0,0.0,0,0,0,0.0,0,0,0,0.0,0,0,0,0.0,0,0,0,0.0,0,0,0,0.0,2450,740,755,3945.0
2026,April,GOA,SOUTH GOA,158600300014,PRAKASH V. NAIK-46 FPS,40,40,0,0,6,34,0,40,0,0,0,0,6,34,0,40,0,0,0,0,0,0,0,0.0,0.13,0.665,0,0.795,130,665,0,795.0,0,0,0,0.0,0,0,0,0.0,0,0,0,0.0,0,0,0,0.0,0,0,0,0.0,0,0,0,0.0,0,0,0,0.0,130,665,0,795.0
2026,April,GOA,SOUTH GOA,158600300015,DEVENDRA V SHETYE-42 FPS,62,62,0,0,62,0,0,62,0,0,0,0,62,0,0,62,0,0,0,0,0,0,0,0.0,1.13,0,0,1.13,1130,0,0,1130.0,0,0,0,0.0,0,0,0,0.0,0,0,0,0.0,0,0,0,0.0,0,0,0,0.0,0,0,0,0.0,0,0,0,0.0,1130,0,0,1130.0
2026,April,GOA,SOUTH GOA,158600300017,SUJATA U SHETGAONKAR-36 FPS,202,202,0,0,152,9,33,194,0,0,8,8,152,9,33,194,0,0,8,8,0,0,0,0.0,2.91,0.17,0.94,4.02,2910,170,940,4020.0,0,0,0,0.0,0,0,0,0.0,0,0,0,0.0,0,0,0,0.0,0,0,0,0.0,0,0,0,0.0,0,0,0,0.0,2910,170,940,4020.0
2026,April,GOA,SOUTH GOA,158600300018,MRS.ROHINI R GHONSEKAR-33 FPS,79,79,0,0,66,13,0,79,0,0,0,0,66,13,0,79,0,0,0,0,0,0,0,0.0,0.995,0.215,0,1.21,995,215,0,1210.0,0,0,0,0.0,0,0,0,0.0,0,0,0,0.0,0,0,0,0.0,0,0,0,0.0,0,0,0,0.0,0,0,0,0.0,995,215,0,1210.0
2026,April,GOA,SOUTH GOA,158600300019,RAMESH U REDKAR-29 FPS,95,95,0,0,90,0,4,94,0,0,1,1,90,0,4,94,0,0,1,1,0,0,0,0.0,1.565,0,0.115,1.68,1565,0,115,1680.0,0,0,0,0.0,0,0,0,0.0,0,0,0,0.0,0,0,0,0.0,0,0,0,0.0,0,0,0,0.0,0,0,0,0.0,1565,0,115,1680.0
2026,April,GOA,SOUTH GOA,158600300020,RAMESH S MANDREKAR-28 FPS,16,16,0,0,16,0,0,16,0,0,0,0,16,0,0,16,0,0,0,0,0,0,0,0.0,0.31,0,0,0.31,310,0,0,310.0,0,0,0,0.0,0,0,0,0.0,0,0,0,0.0,0,0,0,0.0,0,0,0,0.0,0,0,0,0.0,0,0,0,0.0,310,0,0,310.0
2026,April,GOA,SOUTH GOA,158600300021,MADHUKAR NAIK-24 FPS,234,234,0,0,207,8,19,234,0,0,0,0,207,8,19,234,0,0,0,0,0,0,0,0.0,4.567,0.11,0.41,5.087,4567,110,410,5087.0,0,0,0,0.0,0,0,0,0.0,0,0,0,0.0,0,0,0,0.0,0,0,0,0.0,0,0,0,0.0,0,0,0,0.0,4567,110,410,5087.0
2026,April,GOA,SOUTH GOA,158600300022,KISHOR C N PEDNEKAR-23 FPS,241,241,0,0,145,9,75,229,0,0,12,12,144,9,75,228,0,0,12,12,0,0,0,0.0,3.12,0.135,1.765,5.02,3120,135,1765,5020.0,0,0,0,0.0,0,0,0,0.0,0,0,0,0.0,0,0,0,0.0,0,0,0,0.0,0,0,0,0.0,0,0,0,0.0,3120,135,1765,5020.0
2026,April,GOA,SOUTH GOA,158600300023,MRS SAKSHI S MANJREKAR-20 FPS,45,45,0,0,32,1,9,42,0,0,3,3,32,1,9,42,0,0,3,3,0,0,0,0.0,0.53,0.005,0.29,0.825,530,5,290,825.0,0,0,0,0.0,0,0,0,0.0,0,0,0,0.0,0,0,0,0.0,0,0,0,0.0,0,0,0,0.0,0,0,0,0.0,530,5,290,825.0
2026,April,GOA,SOUTH GOA,158600300025,THE MORMUGAO WATERFRONT WORKERS CONSUMERS CO OP STY LTD-8 FPS,167,167,0,0,135,5,21,161,1,1,4,6,135,5,21,161,1,1,4,6,0,0,0,0.0,2.46,0.15,0.535,3.145,2460,150,535,3145.0,0,0,0,0.0,0,0,0,0.0,0,0,0,0.0,0,0,0,0.0,0,0,0,0.0,0,0,0,0.0,0,0,0,0.0,2460,150,535,3145.0
2026,April,GOA,SOUTH GOA,158600300026,P.D.MELLO A G L CONS CO OP SOCIETY LTD-4 FPS,101,101,0,0,94,7,0,101,0,0,0,0,94,7,0,101,0,0,0,0,0,0,0,0.0,2.06,0.145,0,2.205,2060,145,0,2205.0,0,0,0,0.0,0,0,0,0.0,0,0,0,0.0,0,0,0,0.0,0,0,0,0.0,0,0,0,0.0,0,0,0,0.0,2060,145,0,2205.0
2026,April,GOA,SOUTH GOA,158600300027,THE MORMUGAO WATERFRONT CONSUMERS CO OP STY LTD-3 FPS,65,65,0,0,64,1,0,65,0,0,0,0,64,1,0,65,0,0,0,0,0,0,0,0.0,1.455,0.025,0,1.48,1455,25,0,1480.0,0,0,0,0.0,0,0,0,0.0,0,0,0,0.0,0,0,0,0.0,0,0,0,0.0,0,0,0,0.0,0,0,0,0.0,1455,25,0,1480.0
2026,April,GOA,SOUTH GOA,158600300028,THE MORMUGAO WATERFRONT WORKERS CONS CO OP STY LTD-2 FPS,129,129,0,0,116,5,0,121,8,0,0,8,116,5,0,121,8,0,0,8,0,0,0,0.0,2.095,0.075,0,2.17,2095,75,0,2170.0,0,0,0,0.0,0,0,0,0.0,0,0,0,0.0,0,0,0,0.0,0,0,0,0.0,0,0,0,0.0,0,0,0,0.0,2095,75,0,2170.0
2026,April,GOA,SOUTH GOA,158600300148,MES EMPL.C.C.STY-5 FPS,32,32,0,0,32,0,0,32,0,0,0,0,32,0,0,32,0,0,0,0,0,0,0,0.0,0.635,0,0,0.635,635,0,0,635.0,0,0,0,0.0,0,0,0,0.0,0,0,0,0.0,0,0,0,0.0,0,0,0,0.0,0,0,0,0.0,0,0,0,0.0,635,0,0,635.0
2026,April,GOA,SOUTH GOA,158600300149,GOA SHIPYARD EMP C STY-6 FPS,77,77,0,0,75,2,0,77,0,0,0,0,75,2,0,77,0,0,0,0,0,0,0,0.0,1.2,0.035,0,1.235,1200,35,0,1235.0,0,0,0,0.0,0,0,0,0.0,0,0,0,0.0,0,0,0,0.0,0,0,0,0.0,0,0,0,0.0,0,0,0,0.0,1200,35,0,1235.0
2026,April,GOA,SOUTH GOA,158600300150,CHOWGULE STAFF C C STY-10 FPS,92,92,0,0,64,11,14,89,0,0,3,3,64,11,14,89,0,0,3,3,0,0,0,0.0,0.99,0.15,0.34,1.48,990,150,340,1480.0,0,0,0,0.0,0,0,0,0.0,0,0,0,0.0,0,0,0,0.0,0,0,0,0.0,0,0,0,0.0,0,0,0,0.0,990,150,340,1480.0
2026,April,GOA,SOUTH GOA,158600300151,M M SHETGAONKAR-11 FPS,183,183,0,0,175,2,0,177,6,0,0,6,175,2,0,177,6,0,0,6,0,0,0,0.0,3.195,0.03,0,3.225,3195,30,0,3225.0,0,0,0,0.0,0,0,0,0.0,0,0,0,0.0,0,0,0,0.0,0,0,0,0.0,0,0,0,0.0,0,0,0,0.0,3195,30,0,3225.0
2026,April,GOA,SOUTH GOA,158600300152,VELSAO PALE S C STY-15 FPS,147,147,0,0,142,1,3,146,1,0,0,1,142,1,3,146,1,0,0,1,0,0,0,0.0,2.31,0.015,0.06,2.385,2310,15,60,2385.0,0,0,0,0.0,0,0,0,0.0,0,0,0,0.0,0,0,0,0.0,0,0,0,0.0,0,0,0,0.0,0,0,0,0.0,2310,15,60,2385.0
2026,April,GOA,SOUTH GOA,158600300153,Rama Anant Honawarkar-19 FPS,85,85,0,0,84,1,0,85,0,0,0,0,84,1,0,85,0,0,0,0,0,0,0,0.0,1.735,0.02,0,1.755,1735,20,0,1755.0,0,0,0,0.0,0,0,0,0.0,0,0,0,0.0,0,0,0,0.0,0,0,0,0.0,0,0,0,0.0,0,0,0,0.0,1735,20,0,1755.0
2026,April,GOA,SOUTH GOA,158600300154,CHOWGULE STAFF C C STY-21 FPS,36,36,0,0,35,1,0,36,0,0,0,0,35,1,0,36,0,0,0,0,0,0,0,0.0,0.555,0.005,0,0.56,555,5,0,560.0,0,0,0,0.0,0,0,0,0.0,0,0,0,0.0,0,0,0,0.0,0,0,0,0.0,0,0,0,0.0,0,0,0,0.0,555,5,0,560.0
2026,April,GOA,SOUTH GOA,158600300155,STANLEY DA SILVA-22 FPS,229,229,0,0,227,0,0,227,2,0,0,2,227,0,0,227,2,0,0,2,0,0,0,0.0,4.02,0,0,4.02,4020,0,0,4020.0,0,0,0,0.0,0,0,0,0.0,0,0,0,0.0,0,0,0,0.0,0,0,0,0.0,0,0,0,0.0,0,0,0,0.0,4020,0,0,4020.0
2026,April,GOA,SOUTH GOA,158600300156,SURESH A. DESSAI-30 FPS,33,33,0,0,32,1,0,33,0,0,0,0,32,1,0,33,0,0,0,0,0,0,0,0.0,0.54,0.01,0,0.55,540,10,0,550.0,0,0,0,0.0,0,0,0,0.0,0,0,0,0.0,0,0,0,0.0,0,0,0,0.0,0,0,0,0.0,0,0,0,0.0,540,10,0,550.0
2026,April,GOA,SOUTH GOA,158600300157,GANDHI HENRIQUES-35 FPS,55,55,0,0,53,2,0,55,0,0,0,0,53,2,0,55,0,0,0,0,0,0,0,0.0,1.09,0.045,0,1.135,1090,45,0,1135.0,0,0,0,0.0,0,0,0,0.0,0,0,0,0.0,0,0,0,0.0,0,0,0,0.0,0,0,0,0.0,0,0,0,0.0,1090,45,0,1135.0
2026,April,GOA,SOUTH GOA,158600300160,VILASINI A SHIRODKAR-43 FPS,126,126,0,0,68,21,29,118,0,0,8,8,68,21,29,118,0,0,8,8,0,0,0,0.0,1.3,0.36,0.915,2.575,1300,360,915,2575.0,0,0,0,0.0,0,0,0,0.0,0,0,0,0.0,0,0,0,0.0,0,0,0,0.0,0,0,0,0.0,0,0,0,0.0,1300,360,915,2575.0
2026,April,GOA,SOUTH GOA,158600300162,SANDEEP T MANJREKAR-52 FPS,301,301,0,0,213,24,61,298,0,0,3,3,213,24,61,298,0,0,3,3,0,0,0,0.0,4.295,0.35,1.17,5.815,4295,350,1170,5815.0,0,0,0,0.0,0,0,0,0.0,0,0,0,0.0,0,0,0,0.0,0,0,0,0.0,0,0,0,0.0,0,0,0,0.0,4295,350,1170,5815.0
2026,April,GOA,SOUTH GOA,158600300164,SHALINI LUCAS-56 FPS,49,49,0,0,40,9,0,49,0,0,0,0,40,9,0,49,0,0,0,0,0,0,0,0.0,0.755,0.195,0,0.95,755,195,0,950.0,0,0,0,0.0,0,0,0,0.0,0,0,0,0.0,0,0,0,0.0,0,0,0,0.0,0,0,0,0.0,0,0,0,0.0,755,195,0,950.0
2026,April,GOA,SOUTH GOA,158600300165,SAVITA G HONAWARKAR-26 FPS,354,354,0,0,303,6,37,346,0,0,8,8,303,6,37,346,0,0,8,8,0,0,0,0.0,5.49,0.1,0.945,6.535,5490,100,945,6535.0,0,0,0,0.0,0,0,0,0.0,0,0,0,0.0,0,0,0,0.0,0,0,0,0.0,0,0,0,0.0,0,0,0,0.0,5490,100,945,6535.0
2026,April,GOA,SOUTH GOA,158600300166,Swarali Purshottam Honawarkar -37 FPS,319,319,0,0,266,1,46,313,0,0,6,6,266,1,46,313,0,0,6,6,0,0,0,0.0,5.975,0.02,0.83,6.825,5975,20,1095,7090.0,0,0,0,0.0,0,0,0,0.0,0,0,0,0.0,0,0,0,0.0,0,0,0,0.0,0,0,0,0.0,0,0,0,0.0,5975,20,1095,7090.0
2026,April,GOA,SOUTH GOA,158600300167,RAMAKANT B SATTARKER-45 FPS,409,409,0,0,326,4,68,398,0,0,11,11,326,4,68,398,0,0,11,11,0,0,0,0.0,7.285,0.075,1.6,8.96,7285,75,1600,8960.0,0,0,0,0.0,0,0,0,0.0,0,0,0,0.0,0,0,0,0.0,0,0,0,0.0,0,0,0,0.0,0,0,0,0.0,7285,75,1600,8960.0
2026,April,GOA,SOUTH GOA,158600400001,Sandeep S. Malkarnekar -8 FPS,461,461,0,0,446,0,0,446,15,0,0,15,446,0,0,446,15,0,0,15,0,0,0,0.0,9.31,0,0,9.31,9310,0,0,9310.0,0,0,0,0.0,0,0,0,0.0,0,0,0,0.0,0,0,0,0.0,0,0,0,0.0,0,0,0,0.0,0,0,0,0.0,9310,0,0,9310.0
2026,April,GOA,SOUTH GOA,158600400002,WEST QUEPEM VKSS SOCIETY-18 FPS,727,727,0,0,701,2,0,703,24,0,0,24,701,2,0,703,24,0,0,24,0,0,0,0.0,15.595,0.04,0,15.635,15595,40,0,15635.0,0,0,0,0.0,0,0,0,0.0,0,0,0,0.0,0,0,0,0.0,0,0,0,0.0,0,0,0,0.0,0,0,0,0.0,15595,40,0,15635.0
2026,April,GOA,SOUTH GOA,158600400003,Arjun N. Sawant Dessai-27 FPS,225,0,0,225,212,0,0,212,13,0,0,13,212,0,0,212,13,0,0,13,0,0,0,0.0,4.91,0,0,4.91,4910,0,0,4910.0,0,0,0,0.0,0,0,0,0.0,0,0,0,0.0,0,0,0,0.0,0,0,0,0.0,0,0,0,0.0,0,0,0,0.0,4910,0,0,4910.0
2026,April,GOA,SOUTH GOA,158600400004,Ashok R.Pai Dukle-3 FPS,656,656,0,0,517,49,38,604,48,0,4,52,517,49,38,604,48,0,4,52,0,0,0,0.0,12.52,0.94,0.865,14.325,12520,940,865,14325.0,0,0,0,0.0,0,0,0,0.0,0,0,0,0.0,0,0,0,0.0,0,0,0,0.0,0,0,0,0.0,0,0,0,0.0,12520,940,865,14325.0
2026,April,GOA,SOUTH GOA,158600400005,ANAND B.N.DESSAI-20 FPS,359,359,0,0,345,4,5,354,5,0,0,5,345,4,5,354,5,0,0,5,0,0,0,0.0,6.841,0.055,0.075,6.971,6841,55,75,6971.0,0,0,0,0.0,0,0,0,0.0,0,0,0,0.0,0,0,0,0.0,0,0,0,0.0,0,0,0,0.0,0,0,0,0.0,6841,55,75,6971.0
2026,April,GOA,SOUTH GOA,158600400007,Shri Vishal U.G. DESSAI-12 FPS,165,165,0,0,141,9,1,151,13,1,0,14,141,9,1,151,13,1,0,14,0,0,0,0.0,2.86,0.18,0.015,3.055,2860,180,15,3055.0,0,0,0,0.0,0,0,0,0.0,0,0,0,0.0,0,0,0,0.0,0,0,0,0.0,0,0,0,0.0,0,0,0,0.0,2860,180,15,3055.0
2026,April,GOA,SOUTH GOA,158600400008,VINAYAK M. BARSEKAR-19 FPS,499,499,0,0,312,178,0,490,4,5,0,9,311,178,0,489,4,5,0,9,0,0,0,0.0,7.455,4.28,0,11.735,7455,4280,0,11735.0,0,0,0,0.0,0,0,0,0.0,0,0,0,0.0,0,0,0,0.0,0,0,0,0.0,0,0,0,0.0,0,0,0,0.0,7455,4280,0,11735.0
2026,April,GOA,SOUTH GOA,158600400009,North Quepem V.K.S.S. Society Ltd.-9 FPS,592,592,0,0,544,2,0,546,46,0,0,46,544,2,0,546,46,0,0,46,0,0,0,0.0,11.695,0.04,0,11.735,11695,40,0,11735.0,0,0,0,0.0,0,0,0,0.0,0,0,0,0.0,0,0,0,0.0,0,0,0,0.0,0,0,0,0.0,0,0,0,0.0,11695,40,0,11735.0
2026,April,GOA,SOUTH GOA,158600400010,SHAMBU BALSO GAUNS DESSAI-10 FPS,164,164,0,0,145,10,8,163,1,0,0,1,145,10,8,163,1,0,0,1,0,0,0,0.0,2.83,0.185,0.15,3.165,2830,185,150,3165.0,0,0,0,0.0,0,0,0,0.0,0,0,0,0.0,0,0,0,0.0,0,0,0,0.0,0,0,0,0.0,0,0,0,0.0,2830,185,150,3165.0
2026,April,GOA,SOUTH GOA,158600400011,ANAND G. RAUT DESSAI-11 FPS,166,166,0,0,160,1,0,161,5,0,0,5,160,1,0,161,5,0,0,5,0,0,0,0.0,3.135,0.015,0,3.15,3135,15,0,3150.0,0,0,0,0.0,0,0,0,0.0,0,0,0,0.0,0,0,0,0.0,0,0,0,0.0,0,0,0,0.0,0,0,0,0.0,3135,15,0,3150.0
2026,April,GOA,SOUTH GOA,158600400012,KRISHNA S VELIP-17 FPS,213,213,0,0,206,0,0,206,7,0,0,7,206,0,0,206,7,0,0,7,0,0,0,0.0,4.43,0,0,4.43,4430,0,0,4430.0,0,0,0,0.0,0,0,0,0.0,0,0,0,0.0,0,0,0,0.0,0,0,0,0.0,0,0,0,0.0,0,0,0,0.0,4430,0,0,4430.0
2026,April,GOA,SOUTH GOA,158600400013,CHINTUBAI R P DESSAI-4 FPS,541,541,0,0,444,24,0,468,69,4,0,73,444,24,0,468,69,4,0,73,0,0,0,0.0,10.615,0.545,0,11.16,10615,545,0,11160.0,0,0,0,0.0,0,0,0,0.0,0,0,0,0.0,0,0,0,0.0,0,0,0,0.0,0,0,0,0.0,0,0,0,0.0,10615,545,0,11160.0
2026,April,GOA,SOUTH GOA,158600400014,MRS.MANGALA M SHETKAR-24 FPS,48,48,0,0,43,2,0,45,3,0,0,3,43,2,0,45,3,0,0,3,0,0,0,0.0,0.8,0.025,0,0.825,800,25,0,825.0,0,0,0,0.0,0,0,0,0.0,0,0,0,0.0,0,0,0,0.0,0,0,0,0.0,0,0,0,0.0,0,0,0,0.0,800,25,0,825.0
2026,April,GOA,SOUTH GOA,158600400015,SMT. LEOPOLDINA GOMES  e  D`SOUZA-14 FPS,562,562,0,0,514,7,8,529,33,0,0,33,514,7,8,529,33,0,0,33,0,0,0,0.0,11.555,0.15,0.16,11.865,11555,150,160,11865.0,0,0,0,0.0,0,0,0,0.0,0,0,0,0.0,0,0,0,0.0,0,0,0,0.0,0,0,0,0.0,0,0,0,0.0,11555,150,160,11865.0
2026,April,GOA,SOUTH GOA,158600400016,APARNA AMAR SAWANT-5 FPS,314,314,0,0,253,6,0,259,55,0,0,55,253,6,0,259,55,0,0,55,0,0,0,0.0,6.485,0.095,0,6.58,6485,95,0,6580.0,0,0,0,0.0,0,0,0,0.0,0,0,0,0.0,0,0,0,0.0,0,0,0,0.0,0,0,0,0.0,0,0,0,0.0,6485,95,0,6580.0
2026,April,GOA,SOUTH GOA,158600400074,SACHIN M S BHANGUI-6 FPS,441,441,0,0,250,138,0,388,29,24,0,53,250,138,0,388,29,24,0,53,0,0,0,0.0,5.59,3.22,0,8.81,5590,3220,0,8810.0,0,0,0,0.0,0,0,0,0.0,0,0,0,0.0,0,0,0,0.0,0,0,0,0.0,0,0,0,0.0,0,0,0,0.0,5590,3220,0,8810.0
2026,April,GOA,SOUTH GOA,158600400075,SHRIPAD S MARATHE-15 FPS,492,492,0,0,463,6,0,469,23,0,0,23,463,5,0,468,23,0,0,23,0,0,0,0.0,10.655,0.105,0,10.76,10655,105,0,10760.0,0,0,0,0.0,0,0,0,0.0,0,0,0,0.0,0,0,0,0.0,0,0,0,0.0,0,0,0,0.0,0,0,0,0.0,10655,105,0,10760.0
2026,April,GOA,SOUTH GOA,158600400076,32 FPS TEMPORARILY ATTACHED TO SHRI. ASHOK R P DUKLE -03 FPS,41,41,0,0,8,29,0,37,4,0,0,4,8,29,0,37,4,0,0,4,0,0,0,0.0,0.26,0.505,0,0.765,260,505,0,765.0,0,0,0,0.0,0,0,0,0.0,0,0,0,0.0,0,0,0,0.0,0,0,0,0.0,0,0,0,0.0,0,0,0,0.0,260,505,0,765.0
2026,April,GOA,SOUTH GOA,158600400077,RAMESH EKAWADE-1 FPS,213,213,0,0,187,3,0,190,23,0,0,23,187,3,0,190,23,0,0,23,0,0,0,0.0,3.92,0.025,0,3.945,3920,25,0,3945.0,0,0,0,0.0,0,0,0,0.0,0,0,0,0.0,0,0,0,0.0,0,0,0,0.0,0,0,0,0.0,0,0,0,0.0,3920,25,0,3945.0
2026,April,GOA,SOUTH GOA,158600400078,Prakash Balkrishna Fal Dessai-16 FPS,40,40,0,0,37,0,0,37,3,0,0,3,37,0,0,37,3,0,0,3,0,0,0,0.0,0.865,0,0,0.865,865,0,0,865.0,0,0,0,0.0,0,0,0,0.0,0,0,0,0.0,0,0,0,0.0,0,0,0,0.0,0,0,0,0.0,0,0,0,0.0,865,0,0,865.0
2026,April,GOA,SOUTH GOA,158600400079,PRAMOD A. VELIP-21 FPS,275,275,0,0,241,5,0,246,29,0,0,29,241,5,0,246,29,0,0,29,0,0,0,0.0,6.455,0.11,0,6.565,6455,110,0,6565.0,0,0,0,0.0,0,0,0,0.0,0,0,0,0.0,0,0,0,0.0,0,0,0,0.0,0,0,0,0.0,0,0,0,0.0,6455,110,0,6565.0
2026,April,GOA,SOUTH GOA,158600400080,Deepratna Prakash Fadte-23 FPS,188,188,0,0,183,1,0,184,4,0,0,4,183,1,0,184,4,0,0,4,0,0,0,0.0,3.23,0.02,0,3.25,3230,20,0,3250.0,0,0,0,0.0,0,0,0,0.0,0,0,0,0.0,0,0,0,0.0,0,0,0,0.0,0,0,0,0.0,0,0,0,0.0,3230,20,0,3250.0
2026,April,GOA,SOUTH GOA,158600400082,SUDHIR NARAYAN NAIK DESSAI - 35 FPS,221,221,0,0,182,1,0,183,37,1,0,38,182,1,0,183,37,1,0,38,0,0,0,0.0,4.725,0.07,0,4.795,4725,70,0,4795.0,0,0,0,0.0,0,0,0,0.0,0,0,0,0.0,0,0,0,0.0,0,0,0,0.0,0,0,0,0.0,0,0,0,0.0,4725,70,0,4795.0
2026,April,GOA,SOUTH GOA,158600400088,RAYA GANESH NAIK-36 FPS,234,234,0,0,42,110,33,185,19,25,5,49,42,110,33,185,19,25,5,49,0,0,0,0.0,1.39,2.91,0.8,5.1,1390,2910,800,5100.0,0,0,0,0.0,0,0,0,0.0,0,0,0,0.0,0,0,0,0.0,0,0,0,0.0,0,0,0,0.0,0,0,0,0.0,1390,2910,800,5100.0
2026,April,GOA,SOUTH GOA,158600400089,SANTOSH GAONKAR,126,126,0,0,118,0,0,118,8,0,0,8,118,0,0,118,8,0,0,8,0,0,0,0.0,2.92,0,0,2.92,2920,0,0,2920.0,0,0,0,0.0,0,0,0,0.0,0,0,0,0.0,0,0,0,0.0,0,0,0,0.0,0,0,0,0.0,0,0,0,0.0,2920,0,0,2920.0
2026,April,GOA,SOUTH GOA,158600400090,DIPTI D JOSHI - 38 FPS,250,250,0,0,218,13,0,231,19,0,0,19,218,13,0,231,19,0,0,19,0,0,0,0.0,5,0.225,0,5.225,5000,225,0,5225.0,0,0,0,0.0,0,0,0,0.0,0,0,0,0.0,0,0,0,0.0,0,0,0,0.0,0,0,0,0.0,0,0,0,0.0,5000,225,0,5225.0
2026,April,GOA,SOUTH GOA,158600400091,GOURISH SADANAND KOTHAMBIKAR - 39 FPS,150,150,0,0,132,3,3,138,12,0,0,12,132,3,3,138,12,0,0,12,0,0,0,0.0,2.935,0.065,0.075,3.075,2935,65,75,3075.0,0,0,0,0.0,0,0,0,0.0,0,0,0,0.0,0,0,0,0.0,0,0,0,0.0,0,0,0,0.0,0,0,0,0.0,2935,65,75,3075.0
2026,April,GOA,SOUTH GOA,158600400092,BABU FASOD SHETKAR-  40 FPS,100,100,0,0,84,8,0,92,8,0,0,8,84,8,0,92,8,0,0,8,0,0,0,0.0,2.135,0.135,0,2.27,2135,135,0,2270.0,0,0,0,0.0,0,0,0,0.0,0,0,0,0.0,0,0,0,0.0,0,0,0,0.0,0,0,0,0.0,0,0,0,0.0,2135,135,0,2270.0
2026,April,GOA,SOUTH GOA,158600400093,FPS 41 ATTACHED TO VINAYAK BARCEKAR FPS  19,287,287,0,0,108,168,0,276,6,5,0,11,108,168,0,276,6,5,0,11,0,0,0,0.0,2.78,4.025,0,6.805,2780,4025,0,6805.0,0,0,0,0.0,0,0,0,0.0,0,0,0,0.0,0,0,0,0.0,0,0,0,0.0,0,0,0,0.0,0,0,0,0.0,2780,4025,0,6805.0
2026,April,GOA,SOUTH GOA,158600500001,KUM SUSHMA P.RAIKAR-89 FPS,624,624,0,0,448,166,10,624,0,0,0,0,447,166,10,623,0,0,0,0,0,0,0,0.0,8.215,3.165,0.2,11.58,8215,3165,200,11580.0,0,0,0,0.0,0,0,0,0.0,0,0,0,0.0,0,0,0,0.0,0,0,0,0.0,0,0,0,0.0,0,0,0,0.0,8215,3165,200,11580.0
2026,April,GOA,SOUTH GOA,158600500002,CONCEICAO D COSTA-87 FPS,61,61,0,0,60,1,0,61,0,0,0,0,60,1,0,61,0,0,0,0,0,0,0,0.0,1.045,0.01,0,1.055,1045,10,0,1055.0,0,0,0,0.0,0,0,0,0.0,0,0,0,0.0,0,0,0,0.0,0,0,0,0.0,0,0,0,0.0,0,0,0,0.0,1045,10,0,1055.0
2026,April,GOA,SOUTH GOA,158600500003,IDALINA RATOS-82 FPS,96,96,0,0,29,67,0,96,0,0,0,0,29,67,0,96,0,0,0,0,0,0,0,0.0,0.57,1.37,0,1.94,570,1370,0,1940.0,0,0,0,0.0,0,0,0,0.0,0,0,0,0.0,0,0,0,0.0,0,0,0,0.0,0,0,0,0.0,0,0,0,0.0,570,1370,0,1940.0
2026,April,GOA,SOUTH GOA,158600500004,ELIZABETH DIAS-80 FPS,121,121,0,0,119,2,0,121,0,0,0,0,119,2,0,121,0,0,0,0,0,0,0,0.0,2.19,0.015,0,2.205,2190,15,0,2205.0,0,0,0,0.0,0,0,0,0.0,0,0,0,0.0,0,0,0,0.0,0,0,0,0.0,0,0,0,0.0,0,0,0,0.0,2190,15,0,2205.0
2026,April,GOA,SOUTH GOA,158600500005,PRADEEP DESSAI-79 FPS,174,174,0,0,88,82,2,172,0,2,0,2,88,82,2,172,0,2,0,2,0,0,0,0.0,1.605,1.8,0.03,3.435,1605,1800,30,3435.0,0,0,0,0.0,0,0,0,0.0,0,0,0,0.0,0,0,0,0.0,0,0,0,0.0,0,0,0,0.0,0,0,0,0.0,1605,1800,30,3435.0
2026,April,GOA,SOUTH GOA,158600500006,SUSHMA M. LOTLIKAR-77 FPS,168,168,0,0,144,14,10,168,0,0,0,0,144,14,10,168,0,0,0,0,0,0,0,0.0,3.145,0.34,0.185,3.67,3145,340,185,3670.0,0,0,0,0.0,0,0,0,0.0,0,0,0,0.0,0,0,0,0.0,0,0,0,0.0,0,0,0,0.0,0,0,0,0.0,3145,340,185,3670.0
2026,April,GOA,SOUTH GOA,158600500008,MANGALA P.VERLEKAR-67 FPS,44,44,0,0,26,18,0,44,0,0,0,0,26,18,0,44,0,0,0,0,0,0,0,0.0,0.495,0.345,0,0.84,495,345,0,840.0,0,0,0,0.0,0,0,0,0.0,0,0,0,0.0,0,0,0,0.0,0,0,0,0.0,0,0,0,0.0,0,0,0,0.0,495,345,0,840.0
2026,April,GOA,SOUTH GOA,158600500009,NAGOA VERNA S.C. SOCIETY-65 FPS,316,316,0,0,315,1,0,316,0,0,0,0,315,1,0,316,0,0,0,0,0,0,0,0.0,5.66,0.005,0,5.665,5660,5,0,5665.0,0,0,0,0.0,0,0,0,0.0,0,0,0,0.0,0,0,0,0.0,0,0,0,0.0,0,0,0,0.0,0,0,0,0.0,5660,5,0,5665.0
2026,April,GOA,SOUTH GOA,158600500010,U D KAMAT-59 FPS,414,414,0,0,405,9,0,414,0,0,0,0,405,9,0,414,0,0,0,0,0,0,0,0.0,7.88,0.16,0,8.04,7880,160,0,8040.0,0,0,0,0.0,0,0,0,0.0,0,0,0,0.0,0,0,0,0.0,0,0,0,0.0,0,0,0,0.0,0,0,0,0.0,7880,160,0,8040.0
2026,April,GOA,SOUTH GOA,158600500012,THE ADARSH MULTI CO OP STY-50 FPS,965,965,0,0,859,18,87,964,1,0,0,1,858,18,87,963,1,0,0,1,0,0,0,0.0,18.2,0.305,1.86,20.365,18200,305,1860,20365.0,0,0,0,0.0,0,0,0,0.0,0,0,0,0.0,0,0,0,0.0,0,0,0,0.0,0,0,0,0.0,0,0,0,0.0,18200,305,1860,20365.0
2026,April,GOA,SOUTH GOA,158600500013,UNIFIR CO-OP. STY-49 FPS,181,181,0,0,174,7,0,181,0,0,0,0,174,7,0,181,0,0,0,0,0,0,0,0.0,3.22,0.125,0,3.345,3220,125,0,3345.0,0,0,0,0.0,0,0,0,0.0,0,0,0,0.0,0,0,0,0.0,0,0,0,0.0,0,0,0,0.0,0,0,0,0.0,3220,125,0,3345.0
2026,April,GOA,SOUTH GOA,158600500014,UNIFIR CONS. COOP STY.-48 FPS,221,221,0,0,205,5,9,219,0,0,2,2,205,5,9,219,0,0,2,2,0,0,0,0.0,3.84,0.11,0.24,4.19,3840,110,240,4190.0,0,0,0,0.0,0,0,0,0.0,0,0,0,0.0,0,0,0,0.0,0,0,0,0.0,0,0,0,0.0,0,0,0,0.0,3840,110,240,4190.0
2026,April,GOA,SOUTH GOA,158600500015,RAIA RACHOL SERVICE COOP STY LTD-46 FPS,373,373,0,0,354,14,4,372,0,0,1,1,354,14,4,372,0,0,1,1,0,0,0,0.0,6.825,0.27,0.11,7.205,6825,270,110,7205.0,0,0,0,0.0,0,0,0,0.0,0,0,0,0.0,0,0,0,0.0,0,0,0,0.0,0,0,0,0.0,0,0,0,0.0,6825,270,110,7205.0
2026,April,GOA,SOUTH GOA,158600500016,RAIA RACHOL SERVICE CO-OP STY LTD-45,424,424,0,0,400,23,1,424,0,0,0,0,400,23,1,424,0,0,0,0,0,0,0,0.0,7.925,0.41,0.015,8.35,7925,410,15,8350.0,0,0,0,0.0,0,0,0,0.0,0,0,0,0.0,0,0,0,0.0,0,0,0,0.0,0,0,0,0.0,0,0,0,0.0,7925,410,15,8350.0
2026,April,GOA,SOUTH GOA,158600500018,CHANDOR GUIR SERVICE STY-39 FPS,462,462,0,0,462,0,0,462,0,0,0,0,462,0,0,462,0,0,0,0,0,0,0,0.0,7.955,0,0,7.955,7955,0,0,7955.0,0,0,0,0.0,0,0,0,0.0,0,0,0,0.0,0,0,0,0.0,0,0,0,0.0,0,0,0,0.0,0,0,0,0.0,7955,0,0,7955.0
2026,April,GOA,SOUTH GOA,158600500020,SHRINATH P KAMATH-37 FPS,218,218,0,0,218,0,0,218,0,0,0,0,218,0,0,218,0,0,0,0,0,0,0,0.0,4.18,0,0,4.18,4180,0,0,4180.0,0,0,0,0.0,0,0,0,0.0,0,0,0,0.0,0,0,0,0.0,0,0,0,0.0,0,0,0,0.0,0,0,0,0.0,4180,0,0,4180.0
2026,April,GOA,SOUTH GOA,158600500021,RIMA DATTAPRASAD VERNEKAR -35 FPS,37,37,0,0,25,12,0,37,0,0,0,0,25,12,0,37,0,0,0,0,0,0,0,0.0,0.445,0.225,0,0.67,445,225,0,670.0,0,0,0,0.0,0,0,0,0.0,0,0,0,0.0,0,0,0,0.0,0,0,0,0.0,0,0,0,0.0,0,0,0,0.0,445,225,0,670.0
2026,April,GOA,SOUTH GOA,158600500022,Dattaprasad N Vernekar-34 FPS,55,55,0,0,36,18,0,54,0,1,0,1,36,18,0,54,0,1,0,1,0,0,0,0.0,0.72,0.385,0,1.105,720,385,0,1105.0,0,0,0,0.0,0,0,0,0.0,0,0,0,0.0,0,0,0,0.0,0,0,0,0.0,0,0,0,0.0,0,0,0,0.0,720,385,0,1105.0
2026,April,GOA,SOUTH GOA,158600500023,YESHWANT DESSAI-33 FPS,164,164,0,0,45,71,43,159,0,0,5,5,45,71,43,159,0,0,5,5,0,0,0,0.0,0.79,1.445,1.015,3.25,790,1445,1015,3250.0,0,0,0,0.0,0,0,0,0.0,0,0,0,0.0,0,0,0,0.0,0,0,0,0.0,0,0,0,0.0,0,0,0,0.0,790,1445,1015,3250.0
2026,April,GOA,SOUTH GOA,158600500024,V K S SOCIETY-32 FPS,402,402,0,0,399,2,0,401,1,0,0,1,399,2,0,401,1,0,0,1,0,0,0,0.0,7.55,0.035,0,7.585,7550,35,0,7585.0,0,0,0,0.0,0,0,0,0.0,0,0,0,0.0,0,0,0,0.0,0,0,0,0.0,0,0,0,0.0,0,0,0,0.0,7550,35,0,7585.0
2026,April,GOA,SOUTH GOA,158600500029,CHINCHINIM SARZORA VKSS SOCIETY- 26 FPS,410,410,0,0,398,11,1,410,0,0,0,0,398,11,1,410,0,0,0,0,0,0,0,0.0,7.525,0.155,0.01,7.69,7525,155,10,7690.0,0,0,0,0.0,0,0,0,0.0,0,0,0,0.0,0,0,0,0.0,0,0,0,0.0,0,0,0,0.0,0,0,0,0.0,7525,155,10,7690.0
2026,April,GOA,SOUTH GOA,158600500030,DRAMAPUR SIRLIM CO-OP SOCIETY-25 FPS,215,215,0,0,203,2,9,214,0,0,1,1,203,2,9,214,0,0,1,1,0,0,0,0.0,3.865,0.06,0.235,4.16,3865,60,235,4160.0,0,0,0,0.0,0,0,0,0.0,0,0,0,0.0,0,0,0,0.0,0,0,0,0.0,0,0,0,0.0,0,0,0,0.0,3865,60,235,4160.0
2026,April,GOA,SOUTH GOA,158600500031,NAVELIM TELAULIM CO-OP SOCIETY-24 FPS,202,202,0,0,187,11,2,200,2,0,0,2,187,11,2,200,2,0,0,2,0,0,0,0.0,3.425,0.26,0.045,3.73,3425,260,45,3730.0,0,0,0,0.0,0,0,0,0.0,0,0,0,0.0,0,0,0,0.0,0,0,0,0.0,0,0,0,0.0,0,0,0,0.0,3425,260,45,3730.0
2026,April,GOA,SOUTH GOA,158600500032,NAVELIM TELAULIM CO-OP SOCIETY LTD-23 FPS,627,627,0,0,572,26,25,623,1,0,3,4,572,26,25,623,1,0,3,4,0,0,0,0.0,11.285,0.45,0.56,12.295,11285,450,560,12295.0,0,0,0,0.0,0,0,0,0.0,0,0,0,0.0,0,0,0,0.0,0,0,0,0.0,0,0,0,0.0,0,0,0,0.0,11285,450,560,12295.0
2026,April,GOA,SOUTH GOA,158600500033,NAVELIM TELAULIM CO-OP SOCIETY-22 FPS,220,220,0,0,136,53,25,214,0,0,6,6,136,53,25,214,0,0,6,6,0,0,0,0.0,3.1,1.21,0.675,4.985,3100,1210,675,4985.0,0,0,0,0.0,0,0,0,0.0,0,0,0,0.0,0,0,0,0.0,0,0,0,0.0,0,0,0,0.0,0,0,0,0.0,3100,1210,675,4985.0
2026,April,GOA,SOUTH GOA,158600500035,SHOHA S BHAGAT-11 FPS,118,118,0,0,109,8,1,118,0,0,0,0,109,8,1,118,0,0,0,0,0,0,0,0.0,1.98,0.175,0.03,2.185,1980,175,30,2185.0,0,0,0,0.0,0,0,0,0.0,0,0,0,0.0,0,0,0,0.0,0,0,0,0.0,0,0,0,0.0,0,0,0,0.0,1980,175,30,2185.0
2026,April,GOA,SOUTH GOA,158600500037,ADARSH MULTI CO-OP SOCIETY LTD MARGAO-1 FPS,375,375,0,0,351,5,19,375,0,0,0,0,351,5,19,375,0,0,0,0,0,0,0,0.0,7.185,0.09,0.33,7.605,7185,90,330,7605.0,0,0,0,0.0,0,0,0,0.0,0,0,0,0.0,0,0,0,0.0,0,0,0,0.0,0,0,0,0.0,0,0,0,0.0,7185,90,330,7605.0
2026,April,GOA,SOUTH GOA,158600500038,MRS.ANUPAMA DAMODAR NAIK-90 FPS,348,348,0,0,306,9,33,348,0,0,0,0,306,9,33,348,0,0,0,0,0,0,0,0.0,7.075,0.14,0.635,7.85,7075,140,635,7850.0,0,0,0,0.0,0,0,0,0.0,0,0,0,0.0,0,0,0,0.0,0,0,0,0.0,0,0,0,0.0,0,0,0,0.0,7075,140,635,7850.0
2026,April,GOA,SOUTH GOA,158600500041,PRITIDAS PRABHAKER LOTLIKER-57 FPS,59,59,0,0,37,22,0,59,0,0,0,0,37,22,0,59,0,0,0,0,0,0,0,0.0,0.815,0.315,0,1.13,815,315,0,1130.0,0,0,0,0.0,0,0,0,0.0,0,0,0,0.0,0,0,0,0.0,0,0,0,0.0,0,0,0,0.0,0,0,0,0.0,815,315,0,1130.0
2026,April,GOA,SOUTH GOA,158600500042,Kamlabai Krishnanath Poi Kakode -55 FPS,136,136,0,0,33,56,43,132,1,0,3,4,33,56,43,132,1,0,3,4,0,0,0,0.0,0.69,0.965,1.045,2.7,690,965,1045,2700.0,0,0,0,0.0,0,0,0,0.0,0,0,0,0.0,0,0,0,0.0,0,0,0,0.0,0,0,0,0.0,0,0,0,0.0,690,965,1045,2700.0
2026,April,GOA,SOUTH GOA,158600500043,MAJORDA UTORDA CALATA V K S STY LTD-47 FPS,432,432,0,0,396,10,25,431,0,0,1,1,396,10,25,431,0,0,1,1,0,0,0,0.0,6.985,0.15,0.59,7.725,6985,150,590,7725.0,0,0,0,0.0,0,0,0,0.0,0,0,0,0.0,0,0,0,0.0,0,0,0,0.0,0,0,0,0.0,0,0,0,0.0,6985,150,590,7725.0
2026,April,GOA,SOUTH GOA,158600500044,CURTORIM SERVICE CO OP STY LTD-43 FPS,174,174,0,0,173,1,0,174,0,0,0,0,173,1,0,174,0,0,0,0,0,0,0,0.0,3.32,0.02,0,3.34,3320,20,0,3340.0,0,0,0,0.0,0,0,0,0.0,0,0,0,0.0,0,0,0,0.0,0,0,0,0.0,0,0,0,0.0,0,0,0,0.0,3320,20,0,3340.0
2026,April,GOA,SOUTH GOA,158600500045,CURTORIM SERVICE CO OP STY LTD-42 FPS,98,98,0,0,97,1,0,98,0,0,0,0,97,1,0,98,0,0,0,0,0,0,0,0.0,1.83,0.01,0,1.84,1830,10,0,1840.0,0,0,0,0.0,0,0,0,0.0,0,0,0,0.0,0,0,0,0.0,0,0,0,0.0,0,0,0,0.0,0,0,0,0.0,1830,10,0,1840.0
2026,April,GOA,SOUTH GOA,158600500046,CURTORIM SERVICE CO OP STY LTD-41 FPS,394,394,0,0,374,3,17,394,0,0,0,0,373,3,17,393,0,0,0,0,0,0,0,0.0,6.945,0.055,0.345,7.345,6945,55,345,7345.0,0,0,0,0.0,0,0,0,0.0,0,0,0,0.0,0,0,0,0.0,0,0,0,0.0,0,0,0,0.0,0,0,0,0.0,6945,55,345,7345.0
2026,April,GOA,SOUTH GOA,158600500047,DAVORLIM DICAUPALE S STY-40 FPS,97,97,0,0,90,7,0,97,0,0,0,0,90,7,0,97,0,0,0,0,0,0,0,0.0,1.97,0.115,0,2.085,1970,115,0,2085.0,0,0,0,0.0,0,0,0,0.0,0,0,0,0.0,0,0,0,0.0,0,0,0,0.0,0,0,0,0.0,0,0,0,0.0,1970,115,0,2085.0
2026,April,GOA,SOUTH GOA,158600500049,Supriya alias Priya Lotlikar-21 FPS,152,152,0,0,143,9,0,152,0,0,0,0,143,9,0,152,0,0,0,0,0,0,0,0.0,2.785,0.175,0,2.96,2785,175,0,2960.0,0,0,0,0.0,0,0,0,0.0,0,0,0,0.0,0,0,0,0.0,0,0,0,0.0,0,0,0,0.0,0,0,0,0.0,2785,175,0,2960.0
2026,April,GOA,SOUTH GOA,158600500050,A MARCOS DSILVA-29 FPS,260,260,0,0,251,9,0,260,0,0,0,0,251,9,0,260,0,0,0,0,0,0,0,0.0,4.48,0.185,0,4.665,4480,185,0,4665.0,0,0,0,0.0,0,0,0,0.0,0,0,0,0.0,0,0,0,0.0,0,0,0,0.0,0,0,0,0.0,0,0,0,0.0,4480,185,0,4665.0
2026,April,GOA,SOUTH GOA,158600500051,MARGAO GOVT EMPLOYEES CO OP STY-4 FPS,326,326,0,0,267,38,19,324,0,0,2,2,267,38,19,324,0,0,2,2,0,0,0,0.0,5.11,0.8,0.39,6.3,5110,800,390,6300.0,0,0,0,0.0,0,0,0,0.0,0,0,0,0.0,0,0,0,0.0,0,0,0,0.0,0,0,0,0.0,0,0,0,0.0,5110,800,390,6300.0
2026,April,GOA,SOUTH GOA,158600500052,COLVA SERAULIM SOCIETY-15 FPS,358,358,0,0,335,9,14,358,0,0,0,0,335,9,14,358,0,0,0,0,0,0,0,0.0,6.265,0.16,0.28,6.705,6265,160,280,6705.0,0,0,0,0.0,0,0,0,0.0,0,0,0,0.0,0,0,0,0.0,0,0,0,0.0,0,0,0,0.0,0,0,0,0.0,6265,160,280,6705.0
2026,April,GOA,SOUTH GOA,158600500053,VARCA ORLIM SERVICE CO OP SOCIETY LTD-19 FPS,347,347,0,0,294,53,0,347,0,0,0,0,294,53,0,347,0,0,0,0,0,0,0,0.0,5.46,1.01,0,6.47,5460,1010,0,6470.0,0,0,0,0.0,0,0,0,0.0,0,0,0,0.0,0,0,0,0.0,0,0,0,0.0,0,0,0,0.0,0,0,0,0.0,5460,1010,0,6470.0
2026,April,GOA,SOUTH GOA,158600500055,ROSHAN SILVA-30 FPS,646,646,0,0,599,45,0,644,2,0,0,2,599,45,0,644,2,0,0,2,0,0,0,0.0,11.605,0.775,0,12.38,11605,775,0,12380.0,0,0,0,0.0,0,0,0,0.0,0,0,0,0.0,0,0,0,0.0,0,0,0,0.0,0,0,0,0.0,0,0,0,0.0,11605,775,0,12380.0
2026,April,GOA,SOUTH GOA,158600500057,SHUKLA J KENY-36 FPS  (Temporarily attached to FPS-79 Pradeep Dessai),167,167,0,0,77,88,2,167,0,0,0,0,77,88,2,167,0,0,0,0,0,0,0,0.0,1.46,1.645,0.04,3.145,1460,1645,40,3145.0,0,0,0,0.0,0,0,0,0.0,0,0,0,0.0,0,0,0,0.0,0,0,0,0.0,0,0,0,0.0,0,0,0,0.0,1460,1645,40,3145.0
2026,April,GOA,SOUTH GOA,158600500058,THE PROGRESSIVE V K STY-53 FPS,259,259,0,0,232,24,3,259,0,0,0,0,232,24,3,259,0,0,0,0,0,0,0,0.0,4.53,0.395,0.04,4.965,4530,395,40,4965.0,0,0,0,0.0,0,0,0,0.0,0,0,0,0.0,0,0,0,0.0,0,0,0,0.0,0,0,0,0.0,0,0,0,0.0,4530,395,40,4965.0
2026,April,GOA,SOUTH GOA,158600500059,CURTORIM SERVICE COOP. STY LTD-58 FPS,149,149,0,0,130,4,15,149,0,0,0,0,130,4,15,149,0,0,0,0,0,0,0,0.0,2.71,0.045,0.235,2.99,2710,45,235,2990.0,0,0,0,0.0,0,0,0,0.0,0,0,0,0.0,0,0,0,0.0,0,0,0,0.0,0,0,0,0.0,0,0,0,0.0,2710,45,235,2990.0
2026,April,GOA,SOUTH GOA,158600500060,VILLAGE PANCHAYAT BETALBATIM-81 FPS,123,123,0,0,118,2,2,122,0,0,1,1,118,2,2,122,0,0,1,1,0,0,0,0.0,2.065,0.055,0.05,2.17,2065,55,50,2170.0,0,0,0,0.0,0,0,0,0.0,0,0,0,0.0,0,0,0,0.0,0,0,0,0.0,0,0,0,0.0,0,0,0,0.0,2065,55,50,2170.0
2026,April,GOA,SOUTH GOA,158600500147,ANTONIO FERNANDES-38 FPS,311,311,0,0,142,147,18,307,0,0,4,4,142,147,18,307,0,0,4,4,0,0,0,0.0,2.65,3.095,0.455,6.2,2650,3095,455,6200.0,0,0,0,0.0,0,0,0,0.0,0,0,0,0.0,0,0,0,0.0,0,0,0,0.0,0,0,0,0.0,0,0,0,0.0,2650,3095,455,6200.0
2026,April,GOA,SOUTH GOA,158600500413,ANTONIO FERNANDES-63 FPS,257,257,0,0,119,138,0,257,0,0,0,0,119,138,0,257,0,0,0,0,0,0,0,0.0,2.625,2.855,0,5.48,2625,2855,0,5480.0,0,0,0,0.0,0,0,0,0.0,0,0,0,0.0,0,0,0,0.0,0,0,0,0.0,0,0,0,0.0,0,0,0,0.0,2625,2855,0,5480.0
2026,April,GOA,SOUTH GOA,158600500414,SANDEEP S. DESSAI-56 FPS,350,350,0,0,310,25,15,350,0,0,0,0,309,25,15,349,0,0,0,0,0,0,0,0.0,5.795,0.445,0.355,6.595,5795,445,355,6595.0,0,0,0,0.0,0,0,0,0.0,0,0,0,0.0,0,0,0,0.0,0,0,0,0.0,0,0,0,0.0,0,0,0,0.0,5795,445,355,6595.0
2026,April,GOA,SOUTH GOA,158600500415,GOLDEN NUVEM CONSUMERS -12&62 FPS,828,828,0,0,721,51,50,822,2,0,4,6,720,51,50,821,2,0,4,6,0,0,0,0.0,14.59,1.02,1.18,16.79,14590,1020,1180,16790.0,0,0,0,0.0,0,0,0,0.0,0,0,0,0.0,0,0,0,0.0,0,0,0,0.0,0,0,0,0.0,0,0,0,0.0,14590,1020,1180,16790.0
2026,April,GOA,SOUTH GOA,158600500416,JESTRID LUCIAN VIEGAS- 20 FPS,167,167,0,0,162,3,0,165,2,0,0,2,162,3,0,165,2,0,0,2,0,0,0,0.0,2.905,0.065,0,2.97,2905,65,0,2970.0,0,0,0,0.0,0,0,0,0.0,0,0,0,0.0,0,0,0,0.0,0,0,0,0.0,0,0,0,0.0,0,0,0,0.0,2905,65,0,2970.0
2026,April,GOA,SOUTH GOA,158600500417,VILLAGE PANCHAYAT NAGOA - 92 FPS,112,112,0,0,105,1,6,112,0,0,0,0,105,1,6,112,0,0,0,0,0,0,0,0.0,1.68,0.02,0.11,1.81,1680,20,110,1810.0,0,0,0,0.0,0,0,0,0.0,0,0,0,0.0,0,0,0,0.0,0,0,0,0.0,0,0,0,0.0,0,0,0,0.0,1680,20,110,1810.0
2026,April,GOA,SOUTH GOA,158600500420,CURTORIM SERVICE CO-OPERATIVE SOCIETY LTD,130,130,0,0,130,0,0,130,0,0,0,0,130,0,0,130,0,0,0,0,0,0,0,0.0,2.64,0,0,2.64,2640,0,0,2640.0,0,0,0,0.0,0,0,0,0.0,0,0,0,0.0,0,0,0,0.0,0,0,0,0.0,0,0,0,0.0,0,0,0,0.0,2640,0,0,2640.0
2026,April,GOA,SOUTH GOA,158600500421,MRS. NAMRATA  D. RIVONKAR ALIAS NAMRATA S.RAIKAR  FPS NO.93,337,337,0,0,293,31,12,336,0,0,1,1,293,31,12,336,0,0,1,1,0,0,0,0.0,6.235,0.615,0.29,7.14,6235,615,290,7140.0,0,0,0,0.0,0,0,0,0.0,0,0,0,0.0,0,0,0,0.0,0,0,0,0.0,0,0,0,0.0,0,0,0,0.0,6235,615,290,7140.0
2026,April,GOA,SOUTH GOA,158600500422,MRS SUFALA KAILAS DESSAI  -FPS 94,88,88,0,0,39,41,6,86,0,0,2,2,39,41,6,86,0,0,2,2,0,0,0,0.0,0.73,0.76,0.17,1.66,730,760,170,1660.0,0,0,0,0.0,0,0,0,0.0,0,0,0,0.0,0,0,0,0.0,0,0,0,0.0,0,0,0,0.0,0,0,0,0.0,730,760,170,1660.0
2026,April,GOA,SOUTH GOA,158600500423,,265,265,0,0,88,177,0,265,0,0,0,0,88,177,0,265,0,0,0,0,0,0,0,0.0,1.77,3.285,0,5.055,1770,3285,0,5055.0,0,0,0,0.0,0,0,0,0.0,0,0,0,0.0,0,0,0,0.0,0,0,0,0.0,0,0,0,0.0,0,0,0,0.0,1770,3285,0,5055.0
2026,April,GOA,SOUTH GOA,158600600001,PRASHANT K NAIK-3 FPS,118,118,0,0,111,1,0,112,6,0,0,6,111,1,0,112,6,0,0,6,0,0,0,0.0,2.365,0.005,0,2.37,2365,5,0,2370.0,0,0,0,0.0,0,0,0,0.0,0,0,0,0.0,0,0,0,0.0,0,0,0,0.0,0,0,0,0.0,0,0,0,0.0,2365,5,0,2370.0
2026,April,GOA,SOUTH GOA,158600600002,GAJANAN M KURDIKAR-9 FPS,403,403,0,0,396,1,0,397,6,0,0,6,396,1,0,397,6,0,0,6,0,0,0,0.0,7.23,0.005,0,7.235,7230,5,0,7235.0,0,0,0,0.0,0,0,0,0.0,0,0,0,0.0,0,0,0,0.0,0,0,0,0.0,0,0,0,0.0,0,0,0,0.0,7230,5,0,7235.0
2026,April,GOA,SOUTH GOA,158600600003,MAHALAXMI V K S S STY LTD-11 FPS,674,674,0,0,643,0,0,643,31,0,0,31,641,0,0,641,31,0,0,31,0,0,0,0.0,13.055,0,0,13.055,13055,0,0,13055.0,0,0,0,0.0,0,0,0,0.0,0,0,0,0.0,0,0,0,0.0,0,0,0,0.0,0,0,0,0.0,0,0,0,0.0,13055,0,0,13055.0
2026,April,GOA,SOUTH GOA,158600600004,SANGUEM V K S STY-13 FPS,524,524,0,0,439,6,15,460,63,0,1,64,438,6,15,459,63,0,1,64,0,0,0,0.0,9.675,0.1,0.345,10.12,9675,100,345,10120.0,0,0,0,0.0,0,0,0,0.0,0,0,0,0.0,0,0,0,0.0,0,0,0,0.0,0,0,0,0.0,0,0,0,0.0,9675,100,345,10120.0
2026,April,GOA,SOUTH GOA,158600600005,SITABAI R KAVLEKAR-14 FPS,191,191,0,0,177,11,1,189,2,0,0,2,177,11,1,189,2,0,0,2,0,0,0,0.0,3.4,0.17,0.02,3.59,3400,170,20,3590.0,0,0,0,0.0,0,0,0,0.0,0,0,0,0.0,0,0,0,0.0,0,0,0,0.0,0,0,0,0.0,0,0,0,0.0,3400,170,20,3590.0
2026,April,GOA,SOUTH GOA,158600600006,RAMCHANDRA V NAYAK-15 FPS,434,434,0,0,397,18,0,415,19,0,0,19,397,18,0,415,19,0,0,19,0,0,0,0.0,8.05,0.315,0,8.365,8050,315,0,8365.0,0,0,0,0.0,0,0,0,0.0,0,0,0,0.0,0,0,0,0.0,0,0,0,0.0,0,0,0,0.0,0,0,0,0.0,8050,315,0,8365.0
2026,April,GOA,SOUTH GOA,158600600007,DILIP PANDURANG MASURKAR-16 FPS,465,465,0,0,447,1,0,448,17,0,0,17,447,1,0,448,17,0,0,17,0,0,0,0.0,9.145,0.025,0,9.17,9145,25,0,9170.0,0,0,0,0.0,0,0,0,0.0,0,0,0,0.0,0,0,0,0.0,0,0,0,0.0,0,0,0,0.0,0,0,0,0.0,9145,25,0,9170.0
2026,April,GOA,SOUTH GOA,158600600008,SHABA NARAYAN NAIK-2 FPS,314,314,0,0,303,4,0,307,7,0,0,7,303,4,0,307,7,0,0,7,0,0,0,0.0,5.83,0.04,0,5.87,5830,40,0,5870.0,0,0,0,0.0,0,0,0,0.0,0,0,0,0.0,0,0,0,0.0,0,0,0,0.0,0,0,0,0.0,0,0,0,0.0,5830,40,0,5870.0
2026,April,GOA,SOUTH GOA,158600600009,MARIA LINA ELIZA GOES-19 FPS,165,165,0,0,165,0,0,165,0,0,0,0,165,0,0,165,0,0,0,0,0,0,0,0.0,3.105,0,0,3.105,3105,0,0,3105.0,0,0,0,0.0,0,0,0,0.0,0,0,0,0.0,0,0,0,0.0,0,0,0,0.0,0,0,0,0.0,0,0,0,0.0,3105,0,0,3105.0
2026,April,GOA,SOUTH GOA,158600600011,SUHAS SANVORDEKAR-21 FPS,211,211,0,0,206,5,0,211,0,0,0,0,206,5,0,211,0,0,0,0,0,0,0,0.0,3.595,0.12,0,3.715,3595,120,0,3715.0,0,0,0,0.0,0,0,0,0.0,0,0,0,0.0,0,0,0,0.0,0,0,0,0.0,0,0,0,0.0,0,0,0,0.0,3595,120,0,3715.0
2026,April,GOA,SOUTH GOA,158600600012,SHIVRAI K DESSAI-23 FPS,218,218,0,0,215,2,1,218,0,0,0,0,215,2,1,218,0,0,0,0,0,0,0,0.0,4.235,0.025,0.025,4.285,4235,25,25,4285.0,0,0,0,0.0,0,0,0,0.0,0,0,0,0.0,0,0,0,0.0,0,0,0,0.0,0,0,0,0.0,0,0,0,0.0,4235,25,25,4285.0
2026,April,GOA,SOUTH GOA,158600600013,ANANT G S DESSAI-25 FPS,176,176,0,0,172,0,0,172,4,0,0,4,172,0,0,172,4,0,0,4,0,0,0,0.0,3.355,0,0,3.355,3355,0,0,3355.0,0,0,0,0.0,0,0,0,0.0,0,0,0,0.0,0,0,0,0.0,0,0,0,0.0,0,0,0,0.0,0,0,0,0.0,3355,0,0,3355.0
2026,April,GOA,SOUTH GOA,158600600014,YAMNA J P GAONKAR-26 FPS,248,248,0,0,229,12,0,241,7,0,0,7,229,12,0,241,7,0,0,7,0,0,0,0.0,4.675,0.215,0,4.89,4675,215,0,4890.0,0,0,0,0.0,0,0,0,0.0,0,0,0,0.0,0,0,0,0.0,0,0,0,0.0,0,0,0,0.0,0,0,0,0.0,4675,215,0,4890.0
2026,April,GOA,SOUTH GOA,158600600015,PARESH NILKANTH NAIK-28 FPS,199,199,0,0,181,3,8,192,5,0,2,7,181,3,8,192,5,0,2,7,0,0,0,0.0,3.53,0.05,0.264,3.844,3530,50,264,3844.0,0,0,0,0.0,0,0,0,0.0,0,0,0,0.0,0,0,0,0.0,0,0,0,0.0,0,0,0,0.0,0,0,0,0.0,3530,50,264,3844.0
2026,April,GOA,SOUTH GOA,158600600016,SUSHILA FAIR PRICE SHOP-30 FPS,53,53,0,0,51,0,0,51,2,0,0,2,51,0,0,51,2,0,0,2,0,0,0,0.0,0.955,0,0,0.955,955,0,0,955.0,0,0,0,0.0,0,0,0,0.0,0,0,0,0.0,0,0,0,0.0,0,0,0,0.0,0,0,0,0.0,0,0,0,0.0,955,0,0,955.0
2026,April,GOA,SOUTH GOA,158600600017,VIRASHRI A TARI-1 FPS,439,439,0,0,420,1,0,421,18,0,0,18,420,1,0,421,18,0,0,18,0,0,0,0.0,8.445,0.005,0,8.45,8445,5,0,8450.0,0,0,0,0.0,0,0,0,0.0,0,0,0,0.0,0,0,0,0.0,0,0,0,0.0,0,0,0,0.0,0,0,0,0.0,8445,5,0,8450.0
2026,April,GOA,SOUTH GOA,158600600018,SHRIKANT G NAIK-24 FPS,311,311,0,0,284,0,0,284,27,0,0,27,284,0,0,284,27,0,0,27,0,0,0,0.0,6.035,0,0,6.035,6035,0,0,6035.0,0,0,0,0.0,0,0,0,0.0,0,0,0,0.0,0,0,0,0.0,0,0,0,0.0,0,0,0,0.0,0,0,0,0.0,6035,0,0,6035.0
2026,April,GOA,SOUTH GOA,158600600055,AJIT VENKATESH NAIK,154,154,0,0,146,1,1,148,6,0,0,6,146,1,1,148,6,0,0,6,0,0,0,0.0,2.9,0.015,0.025,2.94,2900,15,25,2940.0,0,0,0,0.0,0,0,0,0.0,0,0,0,0.0,0,0,0,0.0,0,0,0,0.0,0,0,0,0.0,0,0,0,0.0,2900,15,25,2940.0
2026,April,GOA,SOUTH GOA,158600600056,Miss. Leena Celsa Fernandes,35,35,0,0,22,8,0,30,5,0,0,5,22,8,0,30,5,0,0,5,0,0,0,0.0,0.58,0.085,0,0.665,580,85,0,665.0,0,0,0,0.0,0,0,0,0.0,0,0,0,0.0,0,0,0,0.0,0,0,0,0.0,0,0,0,0.0,0,0,0,0.0,580,85,0,665.0
2026,April,GOA,SOUTH GOA,158600600057,,106,106,0,0,99,5,1,105,1,0,0,1,99,5,1,105,1,0,0,1,0,0,0,0.0,2.015,0.07,0.015,2.1,2015,70,15,2100.0,0,0,0,0.0,0,0,0,0.0,0,0,0,0.0,0,0,0,0.0,0,0,0,0.0,0,0,0,0.0,0,0,0,0.0,2015,70,15,2100.0
2026,April,GOA,SOUTH GOA,158600700001,PONDA CONS CORP STY LTD-1 FPS,266,266,0,0,195,2,30,227,38,0,1,39,195,2,30,227,38,0,1,39,0,0,0,0.0,4.77,0.04,0.585,5.395,4770,40,585,5395.0,0,0,0,0.0,0,0,0,0.0,0,0,0,0.0,0,0,0,0.0,0,0,0,0.0,0,0,0,0.0,0,0,0,0.0,4770,40,585,5395.0
2026,April,GOA,SOUTH GOA,158600700002,PONDA CONS CO OP STY LTD -2 FPS,156,156,0,0,137,1,0,138,18,0,0,18,137,1,0,138,18,0,0,18,0,0,0,0.0,3.005,0.005,0,3.01,3005,5,0,3010.0,0,0,0,0.0,0,0,0,0.0,0,0,0,0.0,0,0,0,0.0,0,0,0,0.0,0,0,0,0.0,0,0,0,0.0,3005,5,0,3010.0
2026,April,GOA,SOUTH GOA,158600700003,PONDA CONS CO OP STY LTD-3 FPS,277,277,0,0,220,0,14,234,40,0,3,43,220,0,14,234,40,0,3,43,0,0,0,0.0,5.575,0,0.405,5.98,5575,0,405,5980.0,0,0,0,0.0,0,0,0,0.0,0,0,0,0.0,0,0,0,0.0,0,0,0,0.0,0,0,0,0.0,0,0,0,0.0,5575,0,405,5980.0
2026,April,GOA,SOUTH GOA,158600700011,RAVALNATH VKS SOCIETY LTD-13 FPS,202,202,0,0,192,2,1,195,6,1,0,7,192,2,1,195,6,1,0,7,0,0,0,0.0,3.515,0.08,0.015,3.61,3515,80,15,3610.0,0,0,0,0.0,0,0,0,0.0,0,0,0,0.0,0,0,0,0.0,0,0,0,0.0,0,0,0,0.0,0,0,0,0.0,3515,80,15,3610.0
2026,April,GOA,SOUTH GOA,158600700021,CONXEM NIRANKAL V K SOCIETY-27 FPS,293,293,0,0,264,0,0,264,29,0,0,29,264,0,0,264,29,0,0,29,0,0,0,0.0,5.91,0,0,5.91,5910,0,0,5910.0,0,0,0,0.0,0,0,0,0.0,0,0,0,0.0,0,0,0,0.0,0,0,0,0.0,0,0,0,0.0,0,0,0,0.0,5910,0,0,5910.0
2026,April,GOA,SOUTH GOA,158600700022,BHOM ADCOLNA V.K.S.S. SOCIETY LTD-56 FPS,214,214,0,0,210,4,0,214,0,0,0,0,210,4,0,214,0,0,0,0,0,0,0,0.0,3.84,0.035,0,3.875,3840,35,0,3875.0,0,0,0,0.0,0,0,0,0.0,0,0,0,0.0,0,0,0,0.0,0,0,0,0.0,0,0,0,0.0,0,0,0,0.0,3840,35,0,3875.0
2026,April,GOA,SOUTH GOA,158600700023,DATTA RAMNATH NAYAK-31 FPS,166,166,0,0,138,0,0,138,28,0,0,28,138,0,0,138,28,0,0,28,0,0,0,0.0,3.325,0,0,3.325,3325,0,0,3325.0,0,0,0,0.0,0,0,0,0.0,0,0,0,0.0,0,0,0,0.0,0,0,0,0.0,0,0,0,0.0,0,0,0,0.0,3325,0,0,3325.0
2026,April,GOA,SOUTH GOA,158600700025,PONDA CONS.OOP. STY LTD-5 FPS,313,313,0,0,295,2,0,297,16,0,0,16,295,2,0,297,16,0,0,16,0,0,0,0.0,6.435,0.01,0,6.445,6435,10,0,6445.0,0,0,0,0.0,0,0,0,0.0,0,0,0,0.0,0,0,0,0.0,0,0,0,0.0,0,0,0,0.0,0,0,0,0.0,6435,10,0,6445.0
2026,April,GOA,SOUTH GOA,158600700026,NAVODIT VELING PRIOL VKSS SOCIETY-6 FPS,417,417,0,0,400,1,0,401,16,0,0,16,400,1,0,401,16,0,0,16,0,0,0,0.0,8.055,0.015,0,8.07,8055,15,0,8070.0,0,0,0,0.0,0,0,0,0.0,0,0,0,0.0,0,0,0,0.0,0,0,0,0.0,0,0,0,0.0,0,0,0,0.0,8055,15,0,8070.0
2026,April,GOA,SOUTH GOA,158600700027,NAVODIT VELING PRIOL VKSS STY-7 FPS,431,431,0,0,412,1,0,413,18,0,0,18,411,1,0,412,18,0,0,18,0,0,0,0.0,8.255,0.01,0,8.265,8255,10,0,8265.0,0,0,0,0.0,0,0,0,0.0,0,0,0,0.0,0,0,0,0.0,0,0,0,0.0,0,0,0,0.0,0,0,0,0.0,8255,10,0,8265.0
2026,April,GOA,SOUTH GOA,158600700028,SANJAYANA S. SAWANT - 8 FPS,355,355,0,0,354,0,0,354,1,0,0,1,354,0,0,354,1,0,0,1,0,0,0,0.0,6.305,0,0,6.305,6305,0,0,6305.0,0,0,0,0.0,0,0,0,0.0,0,0,0,0.0,0,0,0,0.0,0,0,0,0.0,0,0,0,0.0,0,0,0,0.0,6305,0,0,6305.0
2026,April,GOA,SOUTH GOA,158600700029,ADARSH V.K.S SOCIETY-10 FPS,1014,1014,0,0,937,1,0,938,76,0,0,76,937,1,0,938,76,0,0,76,0,0,0,0.0,19.71,0.01,0,19.72,19710,10,0,19720.0,0,0,0,0.0,0,0,0,0.0,0,0,0,0.0,0,0,0,0.0,0,0,0,0.0,0,0,0,0.0,0,0,0,0.0,19710,10,0,19720.0
2026,April,GOA,SOUTH GOA,158600700030,SHRI SHANTADURGA CONSUMER COOP SOCIETY LTD-11 FPS,341,341,0,0,305,1,9,315,25,0,1,26,305,1,9,315,25,0,1,26,0,0,0,0.0,6.69,0.025,0.19,6.905,6690,25,190,6905.0,0,0,0,0.0,0,0,0,0.0,0,0,0,0.0,0,0,0,0.0,0,0,0,0.0,0,0,0,0.0,0,0,0,0.0,6690,25,190,6905.0
2026,April,GOA,SOUTH GOA,158600700031,JANATA V K S S SOCIETY LTD-14 FPS,217,217,0,0,183,26,0,209,8,0,0,8,183,26,0,209,8,0,0,8,0,0,0,0.0,3.32,0.455,0,3.775,3320,455,0,3775.0,0,0,0,0.0,0,0,0,0.0,0,0,0,0.0,0,0,0,0.0,0,0,0,0.0,0,0,0,0.0,0,0,0,0.0,3320,455,0,3775.0
2026,April,GOA,SOUTH GOA,158600700032,JAI BHARAT VKSS STY LTD-15 FPS,425,425,0,0,419,1,0,420,5,0,0,5,419,1,0,420,5,0,0,5,0,0,0,0.0,7.435,0.015,0,7.45,7435,15,0,7450.0,0,0,0,0.0,0,0,0,0.0,0,0,0,0.0,0,0,0,0.0,0,0,0,0.0,0,0,0,0.0,0,0,0,0.0,7435,15,0,7450.0
2026,April,GOA,SOUTH GOA,158600700033,SAVOI-VEREM VKSS STY LTD-17 FPS,590,590,0,0,532,1,0,533,57,0,0,57,532,1,0,533,57,0,0,57,0,0,0,0.0,11.16,0.02,0,11.18,11160,20,0,11180.0,0,0,0,0.0,0,0,0,0.0,0,0,0,0.0,0,0,0,0.0,0,0,0,0.0,0,0,0,0.0,0,0,0,0.0,11160,20,0,11180.0
2026,April,GOA,SOUTH GOA,158600700034,SHASHIKANT DATTA NAIK-22 FPS,455,455,0,0,438,4,0,442,13,0,0,13,438,4,0,442,13,0,0,13,0,0,0,0.0,8.145,0.05,0,8.195,8145,50,0,8195.0,0,0,0,0.0,0,0,0,0.0,0,0,0,0.0,0,0,0,0.0,0,0,0,0.0,0,0,0,0.0,0,0,0,0.0,8145,50,0,8195.0
2026,April,GOA,SOUTH GOA,158600700035,SHRI KRISHNA VKSS SOCIETY LTD-23 FPS,504,504,0,0,482,6,4,492,12,0,0,12,482,6,4,492,12,0,0,12,0,0,0,0.0,8.485,0.09,0.055,8.63,8485,90,55,8630.0,0,0,0,0.0,0,0,0,0.0,0,0,0,0.0,0,0,0,0.0,0,0,0,0.0,0,0,0,0.0,0,0,0,0.0,8485,90,55,8630.0
2026,April,GOA,SOUTH GOA,158600700036,BETQUE-KHANDOLA CONS COOPERATIVE SOCIETY LTD-24 FPS,215,215,0,0,187,6,0,193,20,2,0,22,187,6,0,193,20,2,0,22,0,0,0,0.0,4.21,0.175,0,4.385,4210,175,0,4385.0,0,0,0,0.0,0,0,0,0.0,0,0,0,0.0,0,0,0,0.0,0,0,0,0.0,0,0,0,0.0,0,0,0,0.0,4210,175,0,4385.0
2026,April,GOA,SOUTH GOA,158600700038,SUNIL M. TENDULKAR-35 FPS,286,0,0,286,286,0,0,286,0,0,0,0,286,0,0,286,0,0,0,0,0,0,0,0.0,5.525,0,0,5.525,5525,0,0,5525.0,0,0,0,0.0,0,0,0,0.0,0,0,0,0.0,0,0,0,0.0,0,0,0,0.0,0,0,0,0.0,0,0,0,0.0,5525,0,0,5525.0
2026,April,GOA,SOUTH GOA,158600700041,CONXEM NIRANKAL V.K.STY LTD-38 FPS,432,432,0,0,412,3,0,415,17,0,0,17,412,3,0,415,17,0,0,17,0,0,0,0.0,9.09,0.075,0,9.165,9090,75,0,9165.0,0,0,0,0.0,0,0,0,0.0,0,0,0,0.0,0,0,0,0.0,0,0,0,0.0,0,0,0,0.0,0,0,0,0.0,9090,75,0,9165.0
2026,April,GOA,SOUTH GOA,158600700042,S.K.SHET-42 FPS,42,42,0,0,7,35,0,42,0,0,0,0,7,35,0,42,0,0,0,0,0,0,0,0.0,0.11,0.615,0,0.725,110,615,0,725.0,0,0,0,0.0,0,0,0,0.0,0,0,0,0.0,0,0,0,0.0,0,0,0,0.0,0,0,0,0.0,0,0,0,0.0,110,615,0,725.0
2026,April,GOA,SOUTH GOA,158600700043,CONXEM NIRANKAL V.K.S STY LTD-45 FPS,58,58,0,0,53,0,0,53,5,0,0,5,53,0,0,53,5,0,0,5,0,0,0,0.0,1.17,0,0,1.17,1170,0,0,1170.0,0,0,0,0.0,0,0,0,0.0,0,0,0,0.0,0,0,0,0.0,0,0,0,0.0,0,0,0,0.0,0,0,0,0.0,1170,0,0,1170.0
2026,April,GOA,SOUTH GOA,158600700044,RUPALI M NAIK-46 FPS,201,201,0,0,180,2,14,196,5,0,0,5,180,2,14,196,5,0,0,5,0,0,0,0.0,3.385,0.04,0.305,3.73,3385,40,305,3730.0,0,0,0,0.0,0,0,0,0.0,0,0,0,0.0,0,0,0,0.0,0,0,0,0.0,0,0,0,0.0,0,0,0,0.0,3385,40,305,3730.0
2026,April,GOA,SOUTH GOA,158600700045,PONDA CONS CO-OP STY LTD-49 FPS,286,286,0,0,285,0,0,285,1,0,0,1,284,0,0,284,1,0,0,1,0,0,0,0.0,4.965,0,0,4.965,4965,0,0,4965.0,0,0,0,0.0,0,0,0,0.0,0,0,0,0.0,0,0,0,0.0,0,0,0,0.0,0,0,0,0.0,0,0,0,0.0,4965,0,0,4965.0
2026,April,GOA,SOUTH GOA,158600700047,LALITA D BORKAR-55 FPS,753,753,0,0,682,7,11,700,53,0,0,53,682,7,11,700,53,0,0,53,0,0,0,0.0,13.955,0.07,0.19,14.215,13955,70,190,14215.0,0,0,0,0.0,0,0,0,0.0,0,0,0,0.0,0,0,0,0.0,0,0,0,0.0,0,0,0,0.0,0,0,0,0.0,13955,70,190,14215.0
2026,April,GOA,SOUTH GOA,158600700048,BHOMA ADCOLNA V.K.S.S STY LTD-30 FPS,257,257,0,0,229,0,0,229,28,0,0,28,229,0,0,229,28,0,0,28,0,0,0,0.0,5.28,0,0,5.28,5280,0,0,5280.0,0,0,0,0.0,0,0,0,0.0,0,0,0,0.0,0,0,0,0.0,0,0,0,0.0,0,0,0,0.0,0,0,0,0.0,5280,0,0,5280.0
2026,April,GOA,SOUTH GOA,158600700050,BETQUE KHANDOLA CONSCOOPERATIVE SOCIETY LTD-57 FPS,296,296,0,0,260,7,6,273,21,1,1,23,258,7,6,271,21,1,1,23,0,0,0,0.0,5.145,0.115,0.17,5.43,5145,115,170,5430.0,0,0,0,0.0,0,0,0,0.0,0,0,0,0.0,0,0,0,0.0,0,0,0,0.0,0,0,0,0.0,0,0,0,0.0,5145,115,170,5430.0
2026,April,GOA,SOUTH GOA,158600700051,BANDIWADE V.K.S SOCIETY-18 FPS,379,379,0,0,352,13,3,368,11,0,0,11,352,13,3,368,11,0,0,11,0,0,0,0.0,6.815,0.185,0.06,7.06,6815,185,60,7060.0,0,0,0,0.0,0,0,0,0.0,0,0,0,0.0,0,0,0,0.0,0,0,0,0.0,0,0,0,0.0,0,0,0,0.0,6815,185,60,7060.0
2026,April,GOA,SOUTH GOA,158600700052,BANDIWADE V.K.S SOCIETY-19 FPS,193,193,0,0,182,4,0,186,7,0,0,7,182,4,0,186,7,0,0,7,0,0,0,0.0,3.215,0.06,0,3.275,3215,60,0,3275.0,0,0,0,0.0,0,0,0,0.0,0,0,0,0.0,0,0,0,0.0,0,0,0,0.0,0,0,0,0.0,0,0,0,0.0,3215,60,0,3275.0
2026,April,GOA,SOUTH GOA,158600700053,BANDIWADE V.K.S SOCIETY-48 FPS,127,127,0,0,123,1,0,124,3,0,0,3,123,1,0,124,3,0,0,3,0,0,0,0.0,2.15,0.005,0,2.155,2150,5,0,2155.0,0,0,0,0.0,0,0,0,0.0,0,0,0,0.0,0,0,0,0.0,0,0,0,0.0,0,0,0,0.0,0,0,0,0.0,2150,5,0,2155.0
2026,April,GOA,SOUTH GOA,158600700055,KALANATH BHAGWATI CON C OP STY LTD-12 FPS,466,466,0,0,437,1,0,438,28,0,0,28,437,1,0,438,28,0,0,28,0,0,0,0.0,9.075,0.02,0,9.095,9075,20,0,9095.0,0,0,0,0.0,0,0,0,0.0,0,0,0,0.0,0,0,0,0.0,0,0,0,0.0,0,0,0,0.0,0,0,0,0.0,9075,20,0,9095.0
2026,April,GOA,SOUTH GOA,158600700057,SHRI KALANATH BHAGWATI CON CO OP STY LTD-37 FPS,143,143,0,0,143,0,0,143,0,0,0,0,143,0,0,143,0,0,0,0,0,0,0,0.0,2.66,0,0,2.66,2660,0,0,2660.0,0,0,0,0.0,0,0,0,0.0,0,0,0,0.0,0,0,0,0.0,0,0,0,0.0,0,0,0,0.0,0,0,0,0.0,2660,0,0,2660.0
2026,April,GOA,SOUTH GOA,158600700058,TISK GRAHAK S S MARYADIT-44 FPS,212,212,0,0,209,3,0,212,0,0,0,0,209,3,0,212,0,0,0,0,0,0,0,0.0,3.995,0.03,0,4.025,3995,30,0,4025.0,0,0,0,0.0,0,0,0,0.0,0,0,0,0.0,0,0,0,0.0,0,0,0,0.0,0,0,0,0.0,0,0,0,0.0,3995,30,0,4025.0
2026,April,GOA,SOUTH GOA,158600700059,SHIVANAND G DANGUI-59 FPS,895,895,0,0,792,22,54,868,24,0,3,27,789,22,54,865,24,0,3,27,0,0,0,0.0,16.74,0.39,1.168,18.298,16740,390,1168,18298.0,0,0,0,0.0,0,0,0,0.0,0,0,0,0.0,0,0,0,0.0,0,0,0,0.0,0,0,0,0.0,0,0,0,0.0,16740,390,1168,18298.0
2026,April,GOA,SOUTH GOA,158600700060,MADHUBALA RAYA TILVE-26 FPS,614,614,0,0,609,1,0,610,4,0,0,4,609,1,0,610,4,0,0,4,0,0,0,0.0,11.46,0.005,0,11.465,11460,5,0,11465.0,0,0,0,0.0,0,0,0,0.0,0,0,0,0.0,0,0,0,0.0,0,0,0,0.0,0,0,0,0.0,0,0,0,0.0,11460,5,0,11465.0
2026,April,GOA,SOUTH GOA,158600700147,SANJAY S. NAIK RAIKAR-43 FPS,590,590,0,0,548,6,8,562,28,0,0,28,548,6,8,562,28,0,0,28,0,0,0,0.0,10.11,0.065,0.16,10.335,10110,65,160,10335.0,0,0,0,0.0,0,0,0,0.0,0,0,0,0.0,0,0,0,0.0,0,0,0,0.0,0,0,0,0.0,0,0,0,0.0,10110,65,160,10335.0
2026,April,GOA,SOUTH GOA,158600700180,RAVALNATH V K S STY-40 FPS,172,172,0,0,171,0,0,171,0,1,0,1,171,0,0,171,0,1,0,1,0,0,0,0.0,3,0.035,0,3.035,3000,35,0,3035.0,0,0,0,0.0,0,0,0,0.0,0,0,0,0.0,0,0,0,0.0,0,0,0,0.0,0,0,0,0.0,0,0,0,0.0,3000,35,0,3035.0
2026,April,GOA,SOUTH GOA,158600700182,KAPIL C. SARDESSAI - 21 FPS,56,56,0,0,56,0,0,56,0,0,0,0,56,0,0,56,0,0,0,0,0,0,0,0.0,1.07,0,0,1.07,1070,0,0,1070.0,0,0,0,0.0,0,0,0,0.0,0,0,0,0.0,0,0,0,0.0,0,0,0,0.0,0,0,0,0.0,0,0,0,0.0,1070,0,0,1070.0
2026,April,GOA,SOUTH GOA,158600700186,APARNA V. MANDREKAR-25 FPS,272,272,0,0,233,31,0,264,8,0,0,8,233,31,0,264,8,0,0,8,0,0,0,0.0,4.41,0.45,0,4.86,4410,450,0,4860.0,0,0,0,0.0,0,0,0,0.0,0,0,0,0.0,0,0,0,0.0,0,0,0,0.0,0,0,0,0.0,0,0,0,0.0,4410,450,0,4860.0
2026,April,GOA,SOUTH GOA,158600700188,FRANCISCA SINDA DE SOUZA-36 FPS,93,93,0,0,92,0,0,92,1,0,0,1,92,0,0,92,1,0,0,1,0,0,0,0.0,1.86,0,0,1.86,1860,0,0,1860.0,0,0,0,0.0,0,0,0,0.0,0,0,0,0.0,0,0,0,0.0,0,0,0,0.0,0,0,0,0.0,0,0,0,0.0,1860,0,0,1860.0
2026,April,GOA,SOUTH GOA,158600700189,MANOJ K. SAWANT- 20 FPS,62,62,0,0,62,0,0,62,0,0,0,0,62,0,0,62,0,0,0,0,0,0,0,0.0,1.165,0,0,1.165,1165,0,0,1165.0,0,0,0,0.0,0,0,0,0.0,0,0,0,0.0,0,0,0,0.0,0,0,0,0.0,0,0,0,0.0,0,0,0,0.0,1165,0,0,1165.0
2026,April,GOA,SOUTH GOA,158600700190,KAMINI VISHWANATH NAIK FPS 33,150,150,0,0,128,0,0,128,22,0,0,22,128,0,0,128,22,0,0,22,0,0,0,0.0,2.92,0,0,2.92,2920,0,0,2920.0,0,0,0,0.0,0,0,0,0.0,0,0,0,0.0,0,0,0,0.0,0,0,0,0.0,0,0,0,0.0,0,0,0,0.0,2920,0,0,2920.0
